dx,dy
0.08802032470703125,0.5713638305664063
0.08831024169921875,0.5709747314453125
0.08965301513671875,0.5710491180419922
0.0915069580078125,0.5710205078125
0.10009002685546875,0.5300115585327149
0.1103668212890625,0.24628868103027346
0.100494384765625,0.5300439834594727
0.09295654296875,0.567572021484375
0.1124725341796875,0.24612274169921877
0.09912872314453125,0.5309375762939453
0.0957183837890625,0.5677722930908203
0.115234375,0.24610748291015627
0.0939178466796875,0.5323719024658203
0.0988006591796875,0.5681690216064453
0.118682861328125,0.24626770019531252
0.09444427490234375,0.5323432922363281
0.1225738525390625,0.2465709686279297
0.09619903564453125,0.5320772171020508
0.001125335693359375,0.35117425918579104
0.0988006591796875,0.5316328048706055
0.134246826171875,0.2088493347167969
0.003078460693359375,0.35048618316650393
0.102508544921875,0.5311922073364258
0.1371002197265625,0.20823135375976565
0.005641937255859375,0.34986581802368166
0.1068572998046875,0.5308794021606446
0.141143798828125,0.20761146545410158
0.008563995361328125,0.34940328598022463
0.10570144653320312,0.5087150573730469
0.0003662109375,0.21740331649780276
0.10613632202148438,0.5085996627807617
0.0015716552734375,0.21754398345947268
0.10534286499023438,0.5077508926391602
0.15885162353515625,0.29955329895019533
0.0032958984375,0.217469596862793
0.10543441772460938,0.5072254180908203
0.18302536010742188,0.155976676940918
0.15935897827148438,0.29950752258300783
0.0054931640625,0.2173198699951172
0.1066741943359375,0.5073427200317383
0.18353652954101562,0.1562847137451172
0.0079193115234375,0.6108135223388672
0.16080093383789062,0.299658203125
0.008544921875,0.21715536117553713
0.10883331298828125,0.5076116561889649
0.1847076416015625,0.15663948059082033
0.00704193115234375,0.6109508514404297
0.06383514404296875,0.23010292053222658
0.16309738159179688,0.29978790283203127
0.011016845703125,0.21740522384643557
0.11191558837890625,0.5077985763549805
0.18681716918945312,0.15676631927490237
0.007659912109375,0.6110614776611328
0.06439971923828125,0.23029174804687502
0.15690994262695312,0.3016075134277344
0.0113677978515625,0.588741683959961
0.11588287353515625,0.5078205108642578
0.18975067138671875,0.15647830963134768
0.00946044921875,0.611456298828125
0.06664276123046875,0.23038330078125002
0.011627197265625,0.5885414123535156
0.04485321044921875,0.23441352844238283
0.19317626953125,0.15595378875732424
0.022125244140625,0.5950092315673828
0.01186370849609375,0.6119884490966797
0.0694427490234375,0.23039283752441408
0.0306398868560791,0.4968570709228516
0.01280975341796875,0.5885089874267578
0.0459747314453125,0.23426475524902346
0.0218048095703125,0.595455551147461
0.01459503173828125,0.6124805450439453
0.07234954833984375,0.23032989501953127
0.031244754791259766,0.4965080261230469
0.01468658447265625,0.5886959075927735
0.0477447509765625,0.23415222167968752
0.02208709716796875,0.5951789855957031
0.01798248291015625,0.6131729125976563
0.0760040283203125,0.23033752441406252
0.027966737747192383,0.49515953063964846
0.0181732177734375,0.6184343338012696
0.017303466796875,0.5889104843139649
0.0501861572265625,0.23401966094970705
0.01454925537109375,0.5947174072265625
0.022064208984375,0.6140979766845703
0.028633594512939453,0.49510993957519533
0.02037811279296875,0.6178592681884766
0.02059173583984375,0.5891059875488281
0.05335235595703125,0.23374404907226565
0.0156402587890625,0.5942806243896485
0.0294802188873291,0.4950736999511719
0.023288726806640625,0.6176709175109864
0.02447509765625,0.5891717910766602
0.05713653564453125,0.23329105377197268
0.01732635498046875,0.5939315795898438
0.0879669189453125,0.2437786102294922
0.028298139572143555,0.4942230224609375
0.0479736328125,0.5527743339538574
0.01995086669921875,0.5937713623046875
0.08966827392578125,0.24334564208984377
0.02956533432006836,0.494207763671875
0.09647703170776367,0.13066139221191408
0.0500640869140625,0.5565008163452149
0.02359771728515625,0.5937580108642578
0.0926666259765625,0.24280395507812502
0.0943756103515625,0.3434661865234375
0.03127789497375488,0.49439468383789065
0.09806418418884277,0.1307109832763672
0.030244827270507812,0.5086664199829102
0.0482177734375,0.5597437858581543
0.027679443359375,0.5935806274414063
0.09694671630859375,0.2422985076904297
0.09540557861328125,0.34322395324707033
0.03374624252319336,0.4947246551513672
0.10043907165527344,0.13065948486328127
0.031023025512695312,0.5084346771240235
0.0487213134765625,0.5603622436523438
0.0528717041015625,0.5860895156860352
0.046875,0.22817840576171877
0.097198486328125,0.3430656433105469
0.03707432746887207,0.49500312805175783
0.10000228881835938,0.13261070251464846
0.031951904296875,0.5083407402038574
0.05096435546875,0.5601786613464356
0.05310821533203125,0.5860933303833008
0.039989471435546875,0.1963848114013672
0.04682159423828125,0.22836341857910158
0.09966278076171875,0.34302749633789065
0.040815114974975586,0.49526634216308596
0.10367608070373535,0.13213386535644533
0.0436553955078125,0.5550588607788086
0.054370880126953125,0.5861381530761719
0.041225433349609375,0.19631042480468752
0.047389984130859375,0.22853126525878908
0.10247802734375,0.3430084228515625
0.10755562782287598,0.13166656494140627
0.0562286376953125,0.5863231658935547
0.04320526123046875,0.19614639282226565
0.048736572265625,0.22836914062500002
0.058528900146484375,0.5866378784179688
0.045581817626953125,0.1959413528442383
0.050914764404296875,0.22797431945800783
0.14044952392578125,0.2589916229248047
0.018096923828125,0.529781723022461
0.061374664306640625,0.5869335174560547
0.048374176025390625,0.19556179046630862
0.09991455078125,0.43512859344482424
0.053684234619140625,0.22762145996093752
0.1409149169921875,0.25878753662109377
0.038494110107421875,0.48306050300598147
0.11640167236328125,0.16108622550964358
0.018402099609375,0.529643440246582
0.064666748046875,0.5870975494384766
0.051654815673828125,0.19489517211914065
0.100189208984375,0.43494453430175783
0.056789398193359375,0.22737159729003908
0.142120361328125,0.25861778259277346
0.0404815673828125,0.4831701755523682
0.11798477172851562,0.1610142230987549
0.01921844482421875,0.529486083984375
0.06842803955078125,0.5871528625488281
0.10076904296875,0.4348167419433594
0.13901138305664062,0.23347034454345705
0.06444692611694336,0.5620750427246094
0.14409637451171875,0.2585777282714844
0.04317283630371094,0.4833864212036133
0.12022018432617188,0.16093316078186037
0.020351409912109375,0.5293339729309082
0.0395660400390625,0.15853204727172854
0.12531661987304688,0.22955074310302737
0.06491708755493164,0.561773681640625
0.146881103515625,0.25870742797851565
0.046291351318359375,0.4836734771728516
0.12225341796875,0.16075816154479983
0.0730133056640625,0.15193214416503908
0.021884918212890625,0.5293392181396485
0.0409088134765625,0.15812721252441408
0.0791473388671875,0.4213470458984375
0.09611129760742188,0.22406997680664065
0.01401519775390625,0.23380317687988283
0.06572222709655762,0.5614036560058594
0.1434478759765625,0.2604106903076172
0.12540817260742188,0.16087248325347903
0.0747528076171875,0.15147736072540285
0.023983001708984375,0.5296548843383789
0.0428009033203125,0.15786209106445315
0.0806732177734375,0.42132320404052737
0.0272369384765625,0.5668901443481446
0.06614303588867188,0.21378841400146487
0.013214111328125,0.23406448364257815
0.06063055992126465,0.5618499755859375
0.09540939331054688,0.6830429077148438
0.1292877197265625,0.26333084106445315
0.12886428833007812,0.16115727424621584
0.07757568359375,0.1510647773742676
0.02672576904296875,0.5302652359008789
0.045074462890625,0.15779867172241213
0.0828094482421875,0.42124309539794924
0.1179962158203125,0.09936370849609377
0.029560089111328125,0.5672172546386719
0.04735565185546875,0.20394363403320315
0.0066375732421875,0.23447456359863283
0.06064939498901367,0.5614761352539063
0.0952606201171875,0.6828502655029297
0.12859725952148438,0.2633708953857422
0.0435333251953125,0.19580736160278323
0.0295257568359375,0.5309728622436524
0.04770660400390625,0.15805902481079104
0.08544921875,0.421270751953125
0.1207122802734375,0.0992149353027344
0.0324554443359375,0.5673622131347656
0.039154052734375,0.2073406219482422
0.00730133056640625,0.24587478637695315
0.051299333572387695,0.5570835113525391
0.12212371826171875,0.6619400024414063
0.09640884399414062,0.6829170227050781
0.12953567504882812,0.2630943298339844
0.044036865234375,0.19577827453613283
0.050373077392578125,0.15864362716674807
0.0887603759765625,0.4213584899902344
0.1241607666015625,0.09900512695312502
0.029911041259765625,0.566386604309082
0.042682647705078125,0.2066387176513672
0.00843048095703125,0.24575843811035158
0.05269455909729004,0.5569976806640625
0.11456751823425293,0.2174419403076172
0.1248931884765625,0.6619762420654297
0.09851455688476562,0.683294677734375
0.13154220581054688,0.26273574829101565
0.045867919921875,0.19550838470458987
0.125946044921875,0.09868755340576174
0.04632568359375,0.20585289001464846
0.09479904174804688,0.5390380859375
0.0099029541015625,0.24552383422851565
0.05489397048950195,0.5571273803710938
0.11645007133483887,0.21735610961914065
0.12865447998046875,0.6622642517089844
0.10123825073242188,0.6838764190673828
0.13428878784179688,0.26233901977539065
0.048309326171875,0.19518318176269533
0.09706497192382812,0.5399364471435547
0.01171112060546875,0.2452568054199219
0.057938337326049805,0.5572513580322266
0.1192922592163086,0.21708335876464846
0.104339599609375,0.6845382690429688
0.1374969482421875,0.2619480133056641
0.051055908203125,0.1949166297912598
0.09790420532226562,0.539944076538086
0.01349639892578125,0.24511184692382815
0.06159043312072754,0.5573905944824219
0.12263274192810059,0.21670570373535158
0.10228729248046875,0.6827568054199219
0.14087677001953125,0.261602783203125
0.0538482666015625,0.19471397399902346
0.0992279052734375,0.5398773193359375
0.01546478271484375,0.2451976776123047
0.12661218643188477,0.2164043426513672
0.18862152099609375,0.6101402282714844
0.05670166015625,0.19457807540893557
0.1014556884765625,0.5398067474365235
0.0597076416015625,0.19449510574340823
0.10454559326171875,0.5399097442626953
0.023006439208984375,0.14657273292541506
0.10634231567382812,0.5388187408447266
0.02197265625,0.1466765642166138
0.021852493286132812,0.1468850612640381
0.07019972801208496,0.13791503906250002
0.0230255126953125,0.14700093269348147
0.032623291015625,0.18915309906005862
0.0826416015625,0.630459213256836
0.18067169189453125,0.2608512878417969
0.0701742172241211,0.13818016052246096
0.025083541870117188,0.14702548980712893
0.032073974609375,0.5220531463623047
0.0319061279296875,0.18979396820068362
0.08362579345703125,0.630316162109375
0.1807098388671875,0.26086273193359377
0.07112431526184082,0.13778533935546877
0.027502059936523438,0.14709057807922366
0.0346527099609375,0.5219916343688965
0.0320281982421875,0.1905378341674805
0.17624664306640625,0.35881843566894533
0.08477020263671875,0.6302169799804688
0.1809539794921875,0.2609714508056641
0.07299494743347168,0.13672866821289065
0.03015899658203125,0.14727904796600344
0.032562255859375,0.19125404357910158
0.1770782470703125,0.3588298797607422
0.08574676513671875,0.6301120758056641
0.18115234375,0.2611431121826172
0.07541131973266602,0.13549842834472658
0.03292274475097656,0.14750661849975588
0.034271240234375,0.191560173034668
0.17864227294921875,0.6629146575927735
0.17885589599609375,0.35886993408203127
0.08685302734375,0.6299537658691406
0.181549072265625,0.26123847961425783
0.07815766334533691,0.13442077636718752
0.0358428955078125,0.14780225753784182
0.03643798828125,0.19163360595703127
0.1811370849609375,0.3589691162109375
0.0885467529296875,0.6296714782714844
0.18262481689453125,0.2610954284667969
0.08090996742248535,0.13363113403320315
0.038944244384765625,0.14816191196441653
0.0386962890625,0.19168701171875002
0.1837005615234375,0.3590396881103516
0.0904998779296875,0.6292442321777344
0.08376026153564453,0.1330131530761719
0.04232978820800781,0.14846804141998293
0.0408935546875,0.1916374206542969
0.09283828735351562,0.5664009094238281
0.18654632568359375,0.35916748046875
0.08664798736572266,0.13256683349609377
0.0430450439453125,0.1915315628051758
0.09233474731445312,0.5660785675048828
0.12515640258789062,0.22791137695312502
0.02140045166015625,0.5563186645507813
0.13301849365234375,0.2087730407714844
0.08976531028747559,0.1320671081542969
0.0930938720703125,0.5658897399902344
0.12587738037109375,0.2276634216308594
0.02162933349609375,0.5558895111083985
0.1324005126953125,0.20838012695312502
0.09485626220703125,0.5659698486328125
0.12775802612304688,0.22747077941894533
0.022674560546875,0.5556434631347656
0.1328125,0.20790901184082033
0.07710647583007812,0.5557292938232422
0.12989044189453125,0.2274497985839844
0.02448272705078125,0.55576171875
0.13421630859375,0.20758094787597658
0.05112457275390625,0.6600007057189942
0.056011199951171875,0.5434059143066406
0.13214874267578125,0.22747840881347658
0.02690887451171875,0.5563282012939453
0.1362152099609375,0.2075065612792969
0.05068206787109375,0.6603211402893067
0.057857513427734375,0.5434040069580078
0.13459014892578125,0.22761001586914065
0.02729034423828125,0.5561622619628906
0.1384735107421875,0.20764770507812502
0.0505523681640625,0.660411024093628
0.03444671630859375,0.3229766130447388
0.1553192138671875,0.5749610900878906
0.18181228637695312,0.22873725891113283
0.13715744018554688,0.22781410217285158
0.01271820068359375,0.5478214263916016
0.1407318115234375,0.20794334411621096
0.0507965087890625,0.6604541778564453
0.034759521484375,0.3230811595916748
0.15515899658203125,0.5751260757446289
0.18180465698242188,0.22923316955566408
0.13987350463867188,0.22816505432128908
0.04405975341796875,0.15346755981445315
0.06939220428466797,0.5594161987304688
0.1432037353515625,0.20841636657714846
0.04119873046875,0.6605183124542237
0.03564453125,0.323132061958313
0.152618408203125,0.6933416366577149
0.185638427734375,0.34882774353027346
0.1556396484375,0.5753253936767578
0.182159423828125,0.22954597473144533
0.03990936279296875,0.15078201293945315
0.06916284561157227,0.5589622497558594
0.09462833404541016,0.1620372772216797
0.142547607421875,0.20539894104003908
0.0798187255859375,0.35422935485839846
0.04242706298828125,0.6606813907623291
0.036834716796875,0.32319786548614504
0.1535491943359375,0.6937326431274414
0.1898040771484375,0.3498233795166016
0.15639495849609375,0.5754932403564453
0.03505706787109375,0.14765205383300783
0.06978654861450195,0.5589431762695313
0.09601187705993652,0.16171875000000002
0.07799530029296875,0.3545860290527344
0.0441131591796875,0.6607941627502442
0.0385284423828125,0.3230989217758179
0.154876708984375,0.6937068939208985
0.15740966796875,0.575541877746582
0.03015899658203125,0.14380683898925783
0.07130026817321777,0.5594276428222656
0.09759330749511719,0.16146888732910158
0.077117919921875,0.3544658660888672
0.04628753662109375,0.6608504295349121
0.04082489013671875,0.322802209854126
0.156646728515625,0.6933845520019531
0.15880966186523438,0.5754856109619141
0.109161376953125,0.2709716796875
0.0734250545501709,0.5600189208984375
0.09931039810180664,0.1610759735107422
0.0768890380859375,0.3539928436279297
0.04874420166015625,0.660831356048584
0.04358673095703125,0.3223839044570923
0.1585845947265625,0.6925195693969727
0.160675048828125,0.5753206253051758
0.11077117919921875,0.27075901031494143
0.07610607147216797,0.5605911254882813
0.10137176513671875,0.16062965393066408
0.06136322021484375,0.3546775817871094
0.0515289306640625,0.6608199119567871
0.04679107666015625,0.32192745208740237
0.1599884033203125,0.6919378280639649
0.16297531127929688,0.5751585006713867
0.11307525634765625,0.2704671859741211
0.07922768592834473,0.5612205505371094
0.10393714904785156,0.1601451873779297
0.0546112060546875,0.6608544826507569
0.0503692626953125,0.32147362232208254
0.16249465942382812,0.576051139831543
0.1158294677734375,0.2701725006103516
0.08251142501831055,0.561834716796875
0.10699987411499023,0.15965881347656252
0.05792236328125,0.6609272003173828
0.0537872314453125,0.3209268093109131
0.11855316162109375,0.26998653411865237
0.0297393798828125,0.1476768493652344
0.11039566993713379,0.15929832458496096
0.0320892333984375,0.1495098114013672
0.149017333984375,0.45604743957519533
0.1486053466796875,0.4578289031982422
0.03894805908203125,0.3879245758056641
0.0211334228515625,0.3662456512451172
0.1906280517578125,0.33518638610839846
0.1906280517578125,0.33429660797119143
0.1911468505859375,0.3331512451171875
0.19207763671875,0.3318532943725586
0.1933746337890625,0.33055820465087893
0.19488525390625,0.3294061660766602
0.1971893310546875,0.32816543579101565
0.1994171142578125,0.3272890090942383
0.201934814453125,0.32646980285644533
0.048309326171875,0.7265514373779297
0.04058837890625,0.727911376953125
0.06177520751953125,0.7577194213867188
0.0381317138671875,0.4361919403076172
0.0626068115234375,0.7577899932861328
0.03907012939453125,0.4355472564697266
0.0644989013671875,0.7577346801757813
0.04046630859375,0.4347576141357422
0.04306793212890625,0.4340232849121094
0.105712890625,0.6968292236328125
0.10633087158203125,0.6963981628417969
0.108306884765625,0.6957305908203125
0.02077484130859375,0.4321178436279297
0.1112823486328125,0.6949333190917969
0.02338409423828125,0.431341552734375
0.02658843994140625,0.43075218200683596
0.18099212646484375,0.501827621459961
0.18084716796875,0.5017208099365235
0.1670989990234375,0.5039400100708008
0.16741180419921875,0.5038045883178711
0.163299560546875,0.5034536361694336
0.13799285888671875,0.49996700286865237
0.13946533203125,0.49994983673095705
0.14302825927734375,0.49993171691894533
0.1472930908203125,0.49973239898681643
0.120758056640625,0.2871421813964844
0.122161865234375,0.2872814178466797
0.12432479858398438,0.28746833801269533
0.12702178955078125,0.2875694274902344
0.077301025390625,0.25794830322265627
0.07169342041015625,0.5827259063720703
0.0774993896484375,0.25762739181518557
0.07177734375,0.5825532913208008
0.09136962890625,0.21427764892578127
0.078460693359375,0.2573093414306641
0.07294464111328125,0.5823711395263672
0.09181976318359375,0.21405925750732424
0.0802001953125,0.25697031021118166
0.074493408203125,0.5821327209472656
0.0929718017578125,0.21369972229003908
0.0824127197265625,0.2566975593566895
0.07634735107421875,0.5820211410522461
0.0945587158203125,0.2133373260498047
0.0850067138671875,0.2564763069152832
0.07840728759765625,0.5819849014282227
0.0965728759765625,0.21302452087402346
0.13937759399414062,0.5963672637939453
0.0634765625,0.570804500579834
0.08124542236328125,0.582088851928711
0.0991363525390625,0.21268405914306643
0.14066314697265625,0.5963138580322266
0.06550979614257812,0.570107364654541
0.08597564697265625,0.5822776794433594
0.10324859619140625,0.21215190887451174
0.14266204833984375,0.5960792541503906
0.0675201416015625,0.5694793701171875
0.09711837768554688,0.19589891433715823
0.10687255859375,0.21178665161132815
0.14481735229492188,0.5958427429199219
0.07021713256835938,0.5689767837524414
0.09876632690429688,0.1952103614807129
0.14759063720703125,0.5956043243408203
0.07282257080078125,0.5672091484069824
0.10187530517578125,0.19457902908325198
0.151123046875,0.5954498291015625
0.10663223266601562,0.19419708251953127
0.1046142578125,0.5666350364685059
0.1055908203125,0.566466236114502
0.107025146484375,0.5663732528686524
0.09588623046875,0.5633944511413574
0.0986175537109375,0.5634502410888672
0.102020263671875,0.5635432243347168
0.091064453125,0.6625865936279297
0.049777984619140625,0.2047456741333008
0.09055328369140625,0.6624664306640625
0.050235748291015625,0.20458450317382815
0.091094970703125,0.6622604370117188
0.1219329833984375,0.2713321685791016
0.0516510009765625,0.2041515350341797
0.09284210205078125,0.6622718811035156
0.12343978881835938,0.2709850311279297
0.05384063720703125,0.2036022186279297
0.09490966796875,0.6624397277832031
0.12569808959960938,0.27056732177734377
0.05652618408203125,0.2031587600708008
0.08782958984375,0.6575321197509766
0.1282196044921875,0.27025642395019533
0.051959991455078125,0.20293273925781252
0.0911102294921875,0.6579936981201172
0.131256103515625,0.2698997497558594
0.03460693359375,0.6077465057373047
0.033527374267578125,0.21086063385009768
0.13491439819335938,0.26944770812988283
0.0336456298828125,0.6078485488891602
0.0335235595703125,0.6078304290771485
0.0712127685546875,0.259919548034668
0.0342254638671875,0.607664966583252
0.071258544921875,0.2597702980041504
0.0356292724609375,0.6076382637023926
0.072601318359375,0.25956287384033205
0.03759765625,0.6077856063842774
0.07464599609375,0.25942745208740237
0.0399169921875,0.6081122398376465
0.076995849609375,0.2593907356262207
0.0425872802734375,0.6085442543029785
0.0796661376953125,0.2593835830688477
0.016284942626953125,0.5385068893432617
0.0455474853515625,0.6089834213256836
0.0787811279296875,0.25989665985107424
0.015277862548828125,0.53800048828125
0.0406036376953125,0.6060484886169434
0.081512451171875,0.2598637580871582
0.015316009521484375,0.5376361846923828
0.016387939453125,0.537657642364502
0.09424972534179688,0.189334774017334
0.07077789306640625,0.2665866851806641
0.018260955810546875,0.538028621673584
0.0958404541015625,0.188996696472168
0.07293701171875,0.2666534423828125
0.02066802978515625,0.538667106628418
0.09833908081054688,0.18887081146240237
0.07575225830078125,0.2668365478515625
0.05755877494812012,0.5217098236083985
0.02368927001953125,0.5396417617797852
0.101593017578125,0.18895473480224612
0.0789947509765625,0.26713218688964846
0.05815243721008301,0.5213836669921875
0.026805877685546875,0.540472412109375
0.1055450439453125,0.189395809173584
0.05909442901611328,0.5072578430175781
0.0996551513671875,0.5557583808898926
0.09997940063476562,0.5557726860046387
0.05703473091125488,0.49239768981933596
0.10062980651855469,0.555644416809082
0.05826425552368164,0.49241485595703127
0.09913063049316406,0.5574482917785645
0.05984044075012207,0.49241104125976565
0.1331169605255127,0.13495674133300783
0.09404373168945312,0.5591167449951172
0.062246084213256836,0.49259605407714846
0.13508296012878418,0.1349205017089844
0.1016082763671875,0.46976795196533205
0.06556200981140137,0.4928764343261719
0.13801360130310059,0.13468780517578127
0.1004180908203125,0.4721063613891602
0.09413528442382812,0.5800975799560547
0.10796737670898438,0.2116731643676758
0.06959915161132812,0.49317588806152346
0.14185214042663574,0.13421287536621096
0.08012199401855469,0.5519381999969483
0.04250335693359375,0.4856404304504395
0.094390869140625,0.5800661087036133
0.10833358764648438,0.2117656707763672
0.08269119262695312,0.5522364616394043
0.04358673095703125,0.4854578018188477
0.09579849243164062,0.5802959442138672
0.10977935791015625,0.21180477142333987
0.08583450317382812,0.5526036262512207
0.05040740966796875,0.4837202072143555
0.125274658203125,0.5216874122619629
0.09783554077148438,0.5807184219360352
0.11185455322265625,0.21175899505615237
0.08961296081542969,0.5530437469482422
0.05254364013671875,0.4836176872253418
0.1249847412109375,0.521673583984375
0.10049819946289062,0.581218147277832
0.1144866943359375,0.21168556213378908
0.1248931884765625,0.5213297843933106
0.10363388061523438,0.5816396713256836
0.1175384521484375,0.21143093109130862
0.048553466796875,0.4805172920227051
0.09558868408203125,0.140484356880188
0.1255035400390625,0.5206483840942383
0.10712432861328125,0.5819601058959961
0.12106704711914062,0.21098937988281252
0.0505523681640625,0.4805768966674805
0.09723663330078125,0.1404509782791138
0.1272125244140625,0.5200370788574219
0.11108779907226562,0.5822586059570313
0.12516021728515625,0.21041622161865237
0.05336761474609375,0.48070850372314455
0.100189208984375,0.1402770519256592
0.05694580078125,0.48087301254272463
0.10430145263671875,0.13982691764831545
0.014562845230102539,0.543402099609375
0.03841137886047363,0.20803108215332033
0.014124631881713867,0.5434364318847656
0.0379641056060791,0.20824661254882815
0.014706850051879883,0.5435184478759766
0.03862118721008301,0.2084087371826172
0.016020774841308594,0.5436557769775391
0.04005622863769531,0.20850601196289065
0.017804861068725586,0.5437816619873047
0.04204154014587402,0.20852127075195315
0.02919769287109375,0.5671059131622315
0.08899688720703125,0.5502132415771485
0.019888639450073242,0.5439800262451172
0.04455089569091797,0.20854034423828127
0.028646469116210938,0.567060136795044
0.11733436584472656,0.2755663633346558
0.0890655517578125,0.5497592926025391
0.164520263671875,0.24030151367187502
0.02236008644104004,0.5442337036132813
0.047480106353759766,0.2085746765136719
0.02889251708984375,0.566938066482544
0.11695098876953125,0.27548625469207766
0.09014892578125,0.5496219635009766
0.16534423828125,0.24000396728515627
0.025423765182495117,0.5446571350097656
0.05074882507324219,0.20867767333984377
0.029819488525390625,0.5668756008148194
0.11770057678222656,0.27547051906585696
0.09186553955078125,0.5496982574462891
0.16675567626953125,0.23989143371582033
0.029216289520263672,0.5451892852783203
0.054468393325805664,0.2087749481201172
0.03138160705566406,0.566987419128418
0.11929702758789062,0.2756029605865479
0.01020050048828125,0.22142412662506106
0.09409332275390625,0.5499710083007813
0.1686553955078125,0.23989524841308596
0.05852818489074707,0.2090476989746094
0.033367156982421875,0.5672792434692383
0.12128448486328125,0.2758702278137207
0.009307861328125,0.2220239877700806
0.09676361083984375,0.5503734588623047
0.170745849609375,0.23997154235839846
0.03567695617675781,0.5677274703979492
0.12351417541503906,0.27624466419219973
0.00917816162109375,0.22260560989379885
0.0970306396484375,0.5504001617431641
0.1729583740234375,0.2400993347167969
0.038379669189453125,0.568330192565918
0.12607383728027344,0.27673187255859377
0.01043701171875,0.2229242563247681
0.17535400390625,0.24032440185546877
0.04158782958984375,0.5690952777862549
0.12899017333984375,0.27731516361236574
0.012725830078125,0.22280087471008303
0.17800140380859375,0.24064483642578127
0.1321430206298828,0.2780215978622437
0.015350341796875,0.22254505157470705
0.13068771362304688,0.15470542907714846
0.0187225341796875,0.22223606109619143
0.13025665283203125,0.1553977966308594
0.0214080810546875,0.22196593284606936
0.12927627563476562,0.15949096679687502
0.02429962158203125,0.2215765953063965
0.0274658203125,0.22106900215148928
0.03040313720703125,0.22050979137420657
0.05530548095703125,0.529964828491211
0.055683135986328125,0.530086898803711
0.056957244873046875,0.5308612823486328
0.058902740478515625,0.5319847106933594
0.06179046630859375,0.5332073211669922
0.11537933349609375,0.2658084869384766
0.11580657958984375,0.2651981353759766
0.20056915283203125,0.4989360809326172
0.11721038818359375,0.2647880554199219
0.19647216796875,0.4930118560791016
0.11954498291015625,0.2644828796386719
0.1980743408203125,0.49331321716308596
0.12252044677734375,0.26423301696777346
0.2002105712890625,0.49369468688964846
0.20025634765625,0.28939285278320315
0.19793701171875,0.2885765075683594
0.0269927978515625,0.5168804168701172
0.1961669921875,0.28895034790039065
0.02569580078125,0.517283821105957
0.1957855224609375,0.29023590087890627
0.02490234375,0.5178064346313477
0.196807861328125,0.29198684692382815
0.02398681640625,0.518368148803711
0.1979217529296875,0.29363574981689455
0.0234832763671875,0.5189870834350586
0.1992034912109375,0.2950948715209961
0.0232696533203125,0.5196098327636719
0.2007293701171875,0.2963594436645508
0.023284912109375,0.5200952529907227
0.1986083984375,0.29636898040771487
0.0180816650390625,0.5224584579467774
0.05426025390625,0.5604747772216797
0.05492401123046875,0.5604995727539063
0.0558013916015625,0.5604022979736328
0.12348175048828125,0.26223411560058596
0.05719757080078125,0.560207748413086
0.124481201171875,0.2621311187744141
0.05628204345703125,0.5589412689208985
0.12628173828125,0.26218833923339846
0.03517913818359375,0.5520767211914063
0.12833404541015625,0.26235237121582033
0.03775787353515625,0.5523780822753906
0.13086700439453125,0.26258697509765627
0.040802001953125,0.5527023315429688
0.1338958740234375,0.26281394958496096
0.04393768310546875,0.5530265808105469
0.061676025390625,0.6341623306274414
0.0602874755859375,0.6340526580810547
0.060333251953125,0.63370361328125
0.0180206298828125,0.3065694808959961
0.0504913330078125,0.6334375381469727
0.0121307373046875,0.30616321563720705
0.0326385498046875,0.6327766418457031
0.0186309814453125,0.6383928298950196
0.12080097198486328,0.5562862396240235
0.1213381290435791,0.5561565399169922
0.12108945846557617,0.5566143035888672
0.1869049072265625,0.21959724426269533
0.12184405326843262,0.556402587890625
0.18665313720703125,0.21934165954589846
0.11083555221557617,0.5534881591796875
0.18726062774658203,0.21934547424316408
0.1126241683959961,0.5537590026855469
0.18872618675231934,0.21941795349121096
0.1122901439666748,0.5535701751708985
0.19090819358825684,0.21941413879394533
0.1123495101928711,0.5529121398925781
0.19370508193969727,0.21924819946289065
0.11600685119628906,0.55313720703125
0.19723272323608398,0.21884002685546877
0.11805558204650879,0.5510467529296875
0.20129871368408203,0.21833457946777346
0.0004684925079345703,0.6168388366699219
0.005669832229614258,0.6178688049316406
0.0056302547454833984,0.6178020477294922
0.0387876033782959,0.27989997863769533
0.006405830383300781,0.6177581787109375
0.03926706314086914,0.27982940673828127
0.007805585861206055,0.6178192138671875
0.04060935974121094,0.27979698181152346
0.009515762329101562,0.6179718017578125
0.042351722717285156,0.27977981567382815
0.026702880859375,0.308534049987793
0.01154470443725586,0.6181987762451172
0.044384002685546875,0.27979698181152346
0.027355194091796875,0.3086408615112305
0.014052629470825195,0.6184486389160156
0.046846628189086914,0.27979316711425783
0.028533935546875,0.30873908996582033
0.016965627670288086,0.6187137603759766
0.0498049259185791,0.27976455688476565
0.030208587646484375,0.3087018966674805
0.020085573196411133,0.6190799713134766
0.05307745933532715,0.27983894348144533
0.03237152099609375,0.3086894989013672
0.05660295486450195,0.2801116943359375
0.0351715087890625,0.30863609313964846
0.049205780029296875,0.5993293762207031
0.0499114990234375,0.59915771484375
0.051239013671875,0.5989126205444336
0.053249359130859375,0.59879150390625
0.056095123291015625,0.5988153457641602
0.05968475341796875,0.5990251541137696
0.06866455078125,0.553951644897461
0.0689544677734375,0.553045654296875
0.05840301513671875,0.547456169128418
0.0497894287109375,0.538885498046875
0.05113983154296875,0.5373109817504883
0.09215545654296875,0.15964355468750002
0.053314208984375,0.5370792388916016
0.09331512451171875,0.15931644439697268
0.05620574951171875,0.5370468139648438
0.0956878662109375,0.15879096984863283
0.05973052978515625,0.5370954513549805
0.09902191162109375,0.1580242156982422
0.06473541259765625,0.5372175216674805
0.0540924072265625,0.28928508758544924
0.0533599853515625,0.2893566131591797
0.053264617919921875,0.28951492309570315
0.053379058837890625,0.28965320587158205
0.04444122314453125,0.29616966247558596
0.06331634521484375,0.5671390533447266
0.044681549072265625,0.2963136672973633
0.06487274169921875,0.5669139862060547
0.04514312744140625,0.29608860015869143
0.0456695556640625,0.29595603942871096
0.0438690185546875,0.2931674957275391
0.050628662109375,0.5725273132324219
0.05321502685546875,0.572149658203125
0.05645751953125,0.571844482421875
0.1234588623046875,0.20207061767578127
0.06015777587890625,0.5712741851806641
0.12664794921875,0.20140113830566408
0.00025177001953125,0.6796630859375
0.033321380615234375,0.2744964599609375
0.1307525634765625,0.20089569091796877
0.0012664794921875,0.679820442199707
0.033802032470703125,0.27422561645507815
0.00258636474609375,0.6801342010498047
0.035053253173828125,0.2737421035766602
0.00421905517578125,0.6805490493774414
0.03702545166015625,0.27312698364257815
0.006328582763671875,0.681071662902832
0.039508819580078125,0.27237834930419924
0.009075164794921875,0.6816658020019531
0.0424041748046875,0.27154197692871096
0.01251220703125,0.6822856903076172
0.045745849609375,0.27063694000244143
0.1692352294921875,0.6458333969116211
0.12191009521484375,0.24840583801269533
0.049419403076171875,0.26981868743896487
0.1702117919921875,0.6458696365356446
0.12248992919921875,0.2485078811645508
0.053554534912109375,0.26902618408203127
0.17165374755859375,0.6460060119628906
0.1241607666015625,0.2479576110839844
0.0716400146484375,0.2058605194091797
0.17392730712890625,0.646363639831543
0.12744140625,0.24671592712402346
0.070556640625,0.20587959289550783
0.1762237548828125,0.6468080520629883
0.1306304931640625,0.24569263458251955
0.0939788818359375,0.2875980377197266
0.07184600830078125,0.20590248107910158
0.1792449951171875,0.6472934722900391
0.1343231201171875,0.24464931488037112
0.07433319091796875,0.20591773986816408
0.1830902099609375,0.6476558685302735
0.13864898681640625,0.243440055847168
0.00197601318359375,0.5619529724121094
0.077606201171875,0.20589866638183596
0.00562286376953125,0.5624240875244141
0.08152008056640625,0.20588150024414065
0.0006256103515625,0.30332508087158205
0.0017547607421875,0.30287017822265627
0.1717987060546875,0.3218416213989258
0.0842437744140625,0.3343414306640625
0.0829925537109375,0.33561458587646487
0.082794189453125,0.33644905090332033
0.0017852783203125,0.3351644515991211
0.0040130615234375,0.33602275848388674
0.08243989944458008,0.16047134399414065
0.08224177360534668,0.16050186157226565
0.08286499977111816,0.16074981689453127
0.08417367935180664,0.1607097625732422
0.08621597290039062,0.16036834716796877
0.08888053894042969,0.16001739501953127
0.08990907669067383,0.16023864746093752
0.18251824378967285,0.5127204895019531
0.18347764015197754,0.5123275756835938
0.07036590576171875,0.5026296615600586
0.07064056396484375,0.50443115234375
0.0660552978515625,0.6089147567749024
0.06827545166015625,0.5023406982421875
0.0670013427734375,0.6085809707641602
0.06841278076171875,0.5024847030639649
0.19685745239257812,0.5302165985107422
0.068115234375,0.6082633972167969
0.06904220581054688,0.5026268005371094
0.0693511962890625,0.6080087661743164
0.07021331787109375,0.5027154922485352
0.060791015625,0.6024250030517578
0.07271957397460938,0.502691650390625
0.08928680419921875,0.17410888671875002
0.0580902099609375,0.5993021965026856
0.0757904052734375,0.5026792526245117
0.0923004150390625,0.17381134033203127
0.060394287109375,0.5990771293640137
0.14044189453125,0.2513188362121582
0.07970046997070312,0.5026859283447266
0.09646987915039062,0.17337932586669924
0.063446044921875,0.5988234519958496
0.142669677734375,0.25081958770751955
0.0670623779296875,0.5986689567565918
0.1460418701171875,0.25022640228271487
0.1502685546875,0.24976387023925783
0.044769287109375,0.5348047256469727
0.0418853759765625,0.5334009170532227
0.11220169067382812,0.29331436157226565
0.0400543212890625,0.5326084136962891
0.11269760131835938,0.2928637504577637
0.11357879638671875,0.29253807067871096
0.0394134521484375,0.5331863403320313
0.11484909057617188,0.292242431640625
0.0402679443359375,0.5347370147705078
0.11671066284179688,0.2918733596801758
0.0425872802734375,0.5371374130249024
0.1193084716796875,0.29148235321044924
0.047943115234375,0.5442327499389649
0.0084381103515625,0.6443337440490723
0.12233352661132812,0.2910069465637207
0.055755615234375,0.5567487716674805
0.007904052734375,0.6441654205322266
0.06304931640625,0.2606371879577637
0.0585784912109375,0.5591148376464844
0.00836181640625,0.6439131736755371
0.062744140625,0.26062765121459963
0.04803466796875,0.5754150390625
0.0095977783203125,0.643687629699707
0.0633697509765625,0.2603978157043457
0.02337646484375,0.5827230453491211
0.0117034912109375,0.6435698509216309
0.0650482177734375,0.26001825332641604
0.01470947265625,0.6436838150024414
0.06768798828125,0.25957479476928713
0.018310546875,0.6440075874328614
0.07098388671875,0.2592052459716797
0.07464599609375,0.258945369720459
0.0785675048828125,0.25890865325927737
0.18714523315429688,0.6434577941894531
0.11978530883789062,0.22760906219482424
0.18790054321289062,0.6433176040649414
0.11975860595703125,0.22762241363525393
0.15405511856079102,0.637112045288086
0.18991851806640625,0.6433948516845703
0.12097930908203125,0.2270082473754883
0.15363097190856934,0.6375869750976563
0.12398076057434082,0.3409923553466797
0.19272232055664062,0.643525505065918
0.12316131591796875,0.22588195800781252
0.15451931953430176,0.6378005981445313
0.12484526634216309,0.3411582946777344
0.19593429565429688,0.6437829971313477
0.12593841552734375,0.22466888427734377
0.15610265731811523,0.6378864288330078
0.12646102905273438,0.3412193298339844
0.19956207275390625,0.6441501617431641
0.12929153442382812,0.22332420349121096
0.15784192085266113,0.6378864288330078
0.128387451171875,0.34120025634765627
0.13335800170898438,0.22185554504394533
0.13040447235107422,0.3411907196044922
0.11095046997070312,0.3296226501464844
0.14767074584960938,0.5799249649047852
0.1472015380859375,0.5795306205749512
0.16437149047851562,0.1909965515136719
0.1185760498046875,0.1720768451690674
0.14841079711914062,0.579689884185791
0.1657867431640625,0.1907981872558594
0.119476318359375,0.17165341377258303
0.15099334716796875,0.5803359985351563
0.16823577880859375,0.19069805145263674
0.12148284912109375,0.17117884159088137
0.15433120727539062,0.5812539100646973
0.17137908935546875,0.19077291488647463
0.124725341796875,0.17094471454620364
0.15805435180664062,0.5824154853820801
0.17484283447265625,0.19103517532348635
0.178680419921875,0.19145717620849612
0.06760406494140625,0.2237123489379883
0.06752967834472656,0.22371222972869875
0.06772613525390625,0.22367682456970217
0.06827354431152344,0.2235723972320557
0.06923484802246094,0.22340002059936526
0.1912841796875,0.3885540008544922
0.07073402404785156,0.22306408882141116
0.07275772094726562,0.22268846035003664
0.0750274658203125,0.22235026359558108
0.07239532470703125,0.23084869384765627
0.07749748229980469,0.22219636440277102
0.07515716552734375,0.2307304382324219
0.08019638061523438,0.22232201099395754
0.07861328125,0.23078384399414065
0.08264541625976562,0.22256054878234866
0.07281064987182617,0.45826187133789065
0.0780181884765625,0.5463031768798828
0.04296875,0.42218818664550783
0.07099723815917969,0.4580730438232422
0.07807159423828125,0.5461386680603028
0.14925384521484375,0.2108940124511719
0.0381317138671875,0.42268028259277346
0.07004356384277344,0.45757331848144533
0.07874298095703125,0.5458115577697754
0.1492156982421875,0.21070744991302492
0.013031005859375,0.41804351806640627
0.07014298439025879,0.4571880340576172
0.079864501953125,0.5456780433654785
0.149993896484375,0.210467004776001
0.07105278968811035,0.4567913055419922
0.07459259033203125,0.5429448127746582
0.15094757080078125,0.21030464172363283
0.022487640380859375,0.5168594360351563
0.07219815254211426,0.45655288696289065
0.0762786865234375,0.5431891918182373
0.15230560302734375,0.21018984317779543
0.0234375,0.5166858673095703
0.07341814041137695,0.4565338134765625
0.07830047607421875,0.5435279846191406
0.1541748046875,0.21010413169860842
0.07498311996459961,0.45684471130371096
0.080535888671875,0.5439089775085449
0.1563262939453125,0.21002271175384524
0.07702112197875977,0.45747222900390627
0.082794189453125,0.5442456245422364
0.15856170654296875,0.20991101264953616
0.07968926429748535,0.4584239959716797
0.0851898193359375,0.5445150375366211
0.160980224609375,0.20976843833923342
0.0877685546875,0.5447348594665528
0.16364288330078125,0.20958700180053713
0.0886383056640625,0.5442499160766602
0.16631317138671875,0.20942499637603762
0.02407073974609375,0.5501140594482422
0.02605438232421875,0.550197982788086
0.12276077270507812,0.1956066131591797
0.0276641845703125,0.5162376403808594
0.028621673583984375,0.5504402160644531
0.12482452392578125,0.1954978942871094
0.02802276611328125,0.5158618927001953
0.14987945556640625,0.2219413757324219
0.11918067932128906,0.5126208305358887
0.031841278076171875,0.5509017944335938
0.12791061401367188,0.19544258117675783
0.02909088134765625,0.5153926849365235
0.1504058837890625,0.22158660888671877
0.11907005310058594,0.5125926971435547
0.13201141357421875,0.19551124572753908
0.03083038330078125,0.5152763366699219
0.15203857421875,0.2214092254638672
0.11999893188476562,0.5126928329467774
0.033172607421875,0.5154212951660156
0.154327392578125,0.22143592834472658
0.12152099609375,0.5128010749816895
0.0359039306640625,0.5158828735351563
0.1569976806640625,0.22175636291503908
0.12348175048828125,0.5129288673400879
0.03908538818359375,0.5166820526123047
0.16001129150390625,0.22231712341308596
0.1256427764892578,0.5131906509399414
0.1632080078125,0.2230247497558594
0.1282062530517578,0.5135931015014649
0.16658782958984375,0.22382583618164065
0.1309680938720703,0.5138417720794678
0.0022430419921875,0.23177185058593752
0.002605438232421875,0.23192443847656252
0.003936767578125,0.2320884704589844
0.00586700439453125,0.23226585388183596
0.0082244873046875,0.23237075805664065
0.0111541748046875,0.23246612548828127
0.0144805908203125,0.23259010314941408
3.4332275390625e-05,0.5604747772216797
0.01827239990234375,0.2327445983886719
0.0029144287109375,0.5607112884521485
0.022457122802734375,0.23301544189453127
0.100677490234375,0.24844207763671877
0.101226806640625,0.24809875488281252
0.10279083251953125,0.2476219177246094
0.1052093505859375,0.24723663330078127
0.1084136962890625,0.24690093994140627
0.083160400390625,0.5190719604492188
0.08359527587890625,0.51883544921875
0.17816162109375,0.16611328125000002
0.084930419921875,0.5187553405761719
0.17838287353515625,0.1660198211669922
0.08687591552734375,0.5188430786132813
0.1789398193359375,0.16601219177246096
0.089324951171875,0.5191062927246094
0.17987060546875,0.1662181854248047
0.09234619140625,0.5194839477539063
0.18100738525390625,0.16647949218750002
0.095977783203125,0.5198558807373047
0.1829376220703125,0.16686286926269533
0.13369417190551758,0.5521720886230469
0.185760498046875,0.16738166809082033
0.13304662704467773,0.5510162353515625
0.1882171630859375,0.16782798767089846
0.13341617584228516,0.5514301300048828
0.19084930419921875,0.16818847656250002
0.15451979637145996,0.16725196838378908
0.19390106201171875,0.16829719543457033
0.10329508781433105,0.5288280487060547
0.1342158317565918,0.17036094665527346
0.09824728965759277,0.5204547882080078
0.0989084243774414,0.5210765838623047
0.10125160217285156,0.5213397979736328
0.10880017280578613,0.17219200134277346
0.1040194034576416,0.5215381622314453
0.1115255355834961,0.17188110351562502
0.10741257667541504,0.5218032836914063
0.11494684219360352,0.17152061462402346
0.1183624267578125,0.1710552215576172
0.0787506103515625,0.594000244140625
0.0793609619140625,0.5933212280273438
0.08077239990234375,0.5926765441894531
0.1297454833984375,0.22332229614257815
0.118438720703125,0.2188743591308594
0.11727142333984375,0.21594085693359377
0.0024847984313964844,0.2880100250244141
0.10479736328125,0.5401262283325196
0.112579345703125,0.520361328125
0.12078857421875,0.2150920867919922
0.00121307373046875,0.2863677978515625
0.10478973388671875,0.5400995254516602
0.11548614501953125,0.5198997497558594
0.123504638671875,0.21497192382812502
0.0003921985626220703,0.28518333435058596
0.098297119140625,0.5436967849731446
0.11113739013671875,0.21271362304687502
0.0006265640258789062,0.28585281372070315
0.09869384765625,0.5436376571655274
0.0875701904296875,0.5094627380371094
0.107818603515625,0.21134223937988283
0.001718759536743164,0.287176513671875
0.0927276611328125,0.5452445983886719
0.09447479248046875,0.5446685791015625
0.0965118408203125,0.5441173553466797
0.15113067626953125,0.2172101974487305
0.0995635986328125,0.5436338424682617
0.15311431884765625,0.21666660308837893
0.10335540771484375,0.5433296203613281
0.1565704345703125,0.21607913970947268
0.16110992431640625,0.21562995910644533
0.0012054443359375,0.594051742553711
0.00113677978515625,0.594631576538086
0.00119781494140625,0.5950168609619141
0.0018768310546875,0.5951866149902344
0.03549957275390625,0.23892822265625002
0.09354186058044434,0.24580039978027346
0.00351715087890625,0.5952972412109375
0.0369720458984375,0.23883857727050783
0.0943460464477539,0.24539031982421877
0.005828857421875,0.5955013275146485
0.03948974609375,0.23864021301269533
0.09595465660095215,0.24493064880371096
0.008514404296875,0.5956157684326172
0.04228973388671875,0.2383750915527344
0.09771442413330078,0.2446025848388672
0.04488372802734375,0.24266757965087893
0.01154327392578125,0.5957111358642578
0.0453948974609375,0.2380260467529297
0.09943103790283203,0.24437942504882815
0.00040435791015625,0.5759977340698242
0.04559326171875,0.24241485595703127
0.01531219482421875,0.5959037780761719
0.04936981201171875,0.23765602111816408
0.10109353065490723,0.2442821502685547
0.002716064453125,0.5759176254272461
0.0475006103515625,0.24210109710693362
0.01940155029296875,0.5961250305175781
0.10270452499389648,0.24418487548828127
0.00540924072265625,0.5759805679321289
0.0498809814453125,0.2418550491333008
0.08919548988342285,0.2504486083984375
0.00849151611328125,0.5761360168457031
0.052642822265625,0.2416404724121094
0.01195526123046875,0.5762313842773438
0.05596160888671875,0.24133148193359377
0.015838623046875,0.5762323379516602
0.05998992919921875,0.24091567993164065
0.14535069465637207,0.6055721282958985
0.1366267204284668,0.3083404541015625
0.14670681953430176,0.6055740356445313
0.1378035545349121,0.3083499908447266
0.148895263671875,0.6055454254150391
0.13982701301574707,0.30825462341308596
0.151841402053833,0.6056350708007813
0.1424732208251953,0.30826606750488283
0.14559483528137207,0.30836334228515627
0.18741989135742188,0.7275289535522461
0.14831924438476562,0.7461322784423828
0.08143997192382812,0.3185771942138672
0.0785064697265625,0.3199323654174805
0.13132095336914062,0.7168392181396485
0.07698822021484375,0.3209222793579102
0.13030624389648438,0.7175320625305176
0.07625198364257812,0.32170810699462893
0.13019180297851562,0.7182344436645508
0.0764312744140625,0.32189645767211916
0.13085556030273438,0.7187694549560547
0.077423095703125,0.32157125473022463
0.13211441040039062,0.7191213607788086
0.0790252685546875,0.3209599494934082
0.133819580078125,0.719307804107666
0.08100128173828125,0.32018318176269533
0.13608169555664062,0.7193511962890625
0.08364105224609375,0.3191536903381348
0.13885879516601562,0.7192806243896485
0.11749649047851562,0.6690272331237793
0.11738967895507812,0.6695670127868653
0.024364471435546875,0.5399641036987305
0.11763381958007812,0.669810676574707
0.024639129638671875,0.5399593353271485
0.11774063110351562,0.6694587707519531
0.025020599365234375,0.5400594711303711
0.026546478271484375,0.5403179168701172
0.039825439453125,0.5850991249084473
0.027347564697265625,0.5403322219848633
0.0406036376953125,0.5846752166748047
0.028476715087890625,0.5402740478515625
0.0417633056640625,0.5842875480651856
0.029937744140625,0.540141487121582
0.03216552734375,0.5399564743041992
0.04346466064453125,0.24671974182128908
0.17358779907226562,0.7293042182922364
0.1880035400390625,0.3346408843994141
0.0353240966796875,0.5397171020507813
0.0462799072265625,0.24651279449462893
0.1724395751953125,0.7287668228149414
0.18679046630859375,0.33519926071166994
0.039302825927734375,0.5394119262695313
0.050487518310546875,0.24614849090576174
0.0366363525390625,0.5601457595825196
0.17217254638671875,0.7284893035888672
0.1868438720703125,0.33530607223510744
0.0390625,0.5598501205444336
0.08392333984375,0.2278183937072754
0.17258071899414062,0.728493595123291
0.1877593994140625,0.334898853302002
0.0414581298828125,0.5591310501098633
0.08636474609375,0.2274502754211426
0.17366409301757812,0.7287220001220703
0.18897628784179688,0.3338974952697754
0.0447998046875,0.5589932441711426
0.089569091796875,0.22700538635253908
0.17494964599609375,0.7291187286376953
0.19047927856445312,0.3328088760375977
0.00099945068359375,0.5709318161010742
0.019927978515625,0.2575525283813477
0.00080108642578125,0.22750129699707033
0.00316619873046875,0.5709461212158203
0.02164459228515625,0.25711669921875
0.025390625,0.29128875732421877
0.000698089599609375,0.22749176025390627
0.0053863525390625,0.5712970733642578
0.0239410400390625,0.2570976257324219
0.0268096923828125,0.29089012145996096
0.001125335693359375,0.22707405090332033
0.00801849365234375,0.5716241836547852
0.02680206298828125,0.2570709228515625
0.028533935546875,0.29052200317382815
0.0021514892578125,0.22669258117675783
0.00705718994140625,0.5715192794799805
0.03031158447265625,0.25701465606689455
0.0300445556640625,0.29007568359375
0.003932952880859375,0.22635688781738283
0.0095367431640625,0.5714973449707031
0.034454345703125,0.25677242279052737
0.0329132080078125,0.28971519470214846
0.0061187744140625,0.22599449157714846
0.0138092041015625,0.571259880065918
0.038818359375,0.25627937316894533
0.0364532470703125,0.28945198059082033
0.00887298583984375,0.22564163208007815
0.0015106201171875,0.5925039291381836
0.0404510498046875,0.2893260955810547
0.006832122802734375,0.23056068420410158
0.003662109375,0.59244384765625
0.00604248046875,0.5923112869262696
0.0424041748046875,0.29493370056152346
0.0015411376953125,0.5676158905029297
0.0589752197265625,0.2428001403808594
0.0086669921875,0.5920623779296875
0.0442962646484375,0.2946671485900879
0.0308837890625,0.575328254699707
0.003692626953125,0.5674995422363281
0.0604095458984375,0.24241104125976565
0.0119476318359375,0.591856861114502
0.0474853515625,0.29432001113891604
0.031246185302734375,0.575323486328125
0.0063018798828125,0.5675205230712891
0.0625152587890625,0.24209251403808596
0.0152435302734375,0.591408634185791
0.05157470703125,0.29413595199584963
0.031986236572265625,0.5753215789794922
0.0415191650390625,0.2455181121826172
0.0093231201171875,0.5675682067871094
0.065093994140625,0.2417644500732422
0.0550384521484375,0.2933515548706055
0.0331573486328125,0.5753664016723633
0.041942596435546875,0.24558773040771487
0.01212310791015625,0.5672763824462891
0.0675811767578125,0.24147644042968752
0.034839630126953125,0.5755847930908203
0.043613433837890625,0.2455314636230469
0.01604461669921875,0.5673583984375
0.0709381103515625,0.24109497070312502
0.037052154541015625,0.5758604049682617
0.045619964599609375,0.24559631347656252
0.03851318359375,0.2843936920166016
0.01781463623046875,0.5649532318115235
0.07474517822265625,0.2408012390136719
0.039936065673828125,0.5760435104370117
0.0485382080078125,0.2452882766723633
0.03792572021484375,0.2848991394042969
0.043186187744140625,0.5760854721069336
0.052001953125,0.24482288360595705
0.037784576416015625,0.28533401489257815
0.0469512939453125,0.576055908203125
0.055774688720703125,0.24430027008056643
0.038299560546875,0.28557815551757815
0.05057525634765625,0.5759157180786133
0.059886932373046875,0.24369659423828127
0.0390777587890625,0.2857231140136719
0.04488229751586914,0.16935195922851565
0.06384658813476562,0.24341716766357424
0.04039764404296875,0.28564300537109377
0.044394731521606445,0.16978111267089846
0.009769439697265625,0.5413707733154297
0.041988372802734375,0.28550376892089846
0.04478859901428223,0.16967811584472658
0.0468597412109375,0.1754182815551758
0.010288238525390625,0.5414480209350586
0.043704986572265625,0.2854160308837891
0.04096484184265137,0.3326934814453125
0.04600787162780762,0.16907539367675783
0.016773223876953125,0.5107215881347656
0.0464019775390625,0.17568721771240237
0.011379241943359375,0.5414279937744141
0.020267486572265625,0.28545989990234377
0.040769338607788086,0.3326610565185547
0.047441720962524414,0.16862144470214846
0.014404296875,0.5079154014587403
0.03672027587890625,0.2073387145996094
0.0472869873046875,0.17540874481201174
0.013431549072265625,0.541352653503418
0.01013946533203125,0.1751274108886719
0.04127907752990723,0.3323863983154297
0.049280643463134766,0.16828765869140627
0.015008926391601562,0.5082444190979004
0.03813934326171875,0.20732727050781252
0.048828125,0.17513504028320315
0.01578521728515625,0.5413402557373047
0.00897979736328125,0.1751884460449219
0.042186737060546875,0.33189239501953127
0.05140852928161621,0.16796531677246096
0.016374588012695312,0.5083154678344727
0.08129119873046875,0.6142100334167481
0.0399169921875,0.207581901550293
0.0510101318359375,0.175111198425293
0.018680572509765625,0.541265869140625
0.00882720947265625,0.17518463134765627
0.043257713317871094,0.3315147399902344
0.05384111404418945,0.16770782470703127
0.018154144287109375,0.5081867218017578
0.03968620300292969,0.20403935909271242
0.07733917236328125,0.6156481742858887
0.0420684814453125,0.20807495117187502
0.0499267578125,0.17879524230957033
0.013057708740234375,0.5391716003417969
0.09969329833984375,0.5974964141845703
0.00885772705078125,0.17521324157714846
0.016618728637695312,0.31445159912109377
0.047852277755737305,0.16692581176757815
0.020647048950195312,0.5080746650695801
0.04176139831542969,0.2037528991699219
0.04428863525390625,0.20854988098144533
0.04693603515625,0.18400325775146487
0.1008758544921875,0.5973819732666016
0.00914764404296875,0.1751884460449219
0.0249176025390625,0.5822528839111328
0.023712158203125,0.5079874038696289
0.044269561767578125,0.2034094572067261
0.05126953125,0.6101271152496338
0.046661376953125,0.20895137786865237
0.00994110107421875,0.1749462127685547
0.02541351318359375,0.5823348999023438
0.057231903076171875,0.2770103454589844
0.027011871337890625,0.507943058013916
0.047191619873046875,0.20310034751892092
0.0523834228515625,0.6105000019073487
0.0431976318359375,0.20417156219482424
0.01079559326171875,0.17472877502441408
0.026416778564453125,0.5822013854980469
0.057559967041015625,0.27703132629394533
0.030740737915039062,0.5079163551330567
0.050518035888671875,0.2028310537338257
0.0536651611328125,0.6100608348846436
0.04230499267578125,0.20246543884277346
0.01116943359375,0.17472114562988283
0.02788543701171875,0.5822376251220703
0.059253692626953125,0.27698554992675783
0.05394172668457031,0.2026605844497681
0.0552978515625,0.609430456161499
0.041473388671875,0.20153560638427737
0.01076507568359375,0.17493476867675783
0.06925606727600098,0.6108554840087891
0.02337646484375,0.5564464569091797
0.0298919677734375,0.5823616027832031
0.061290740966796875,0.27696075439453127
0.055255889892578125,0.20334675312042239
0.05710601806640625,0.6087230682373047
0.07003116607666016,0.6104969024658203
0.024505615234375,0.5565532684326172
0.032398223876953125,0.5826114654541016
0.06352996826171875,0.2769817352294922
0.05921173095703125,0.6081398963928223
0.04109954833984375,0.19974269866943362
0.00400543212890625,0.17411079406738283
0.07146883010864258,0.6100181579589844
0.02655792236328125,0.55655517578125
0.035221099853515625,0.5829032897949219
0.06622314453125,0.2769931793212891
0.06166839599609375,0.607634449005127
0.0407257080078125,0.20057239532470705
0.0045013427734375,0.17412605285644533
0.07370114326477051,0.6098197937011719
0.0295867919921875,0.5565532684326172
0.038295745849609375,0.5832141876220703
0.069610595703125,0.2769950866699219
0.0645599365234375,0.6071642875671387
0.0408172607421875,0.19993057250976565
0.00585174560546875,0.17387237548828127
0.0763094425201416,0.6096672058105469
0.033203125,0.556402587890625
0.09925079345703125,0.6331027984619141
0.07377243041992188,0.27705039978027346
0.040496826171875,0.20008792877197268
0.00688934326171875,0.17299499511718752
0.0049896240234375,0.4143890380859375
0.07952237129211426,0.609259033203125
0.03570556640625,0.5557788848876953
0.04061126708984375,0.20035686492919924
0.0084228515625,0.17183723449707033
0.0045623779296875,0.4143394470214844
0.08332014083862305,0.6087287902832031
0.0403594970703125,0.20045223236083987
0.01024627685546875,0.1711601257324219
0.00457000732421875,0.41420783996582033
0.07088160514831543,0.6002086639404297
0.03912353515625,0.20084514617919924
0.0121307373046875,0.17089500427246096
0.004974365234375,0.41415252685546877
0.09632110595703125,0.6253913879394531
0.0138702392578125,0.17070617675781252
0.00579833984375,0.41409149169921877
0.01513671875,0.17063369750976565
0.007110595703125,0.4140361785888672
0.01735687255859375,0.17072334289550783
0.06194305419921875,0.5452693939208985
0.019378662109375,0.17087974548339846
0.0005283355712890625,0.18029024600982668
0.0008697509765625,0.5801252365112305
0.06259918212890625,0.5450672149658203
0.08183670043945312,0.25405731201171877
0.0215911865234375,0.17116966247558596
0.002811431884765625,0.18024315834045412
0.02252197265625,0.3093563556671143
0.0636444091796875,0.5447391510009766
0.08135223388671875,0.2539562225341797
0.023956298828125,0.1715568542480469
0.0049076080322265625,0.18033614158630373
0.0223846435546875,0.3092190265655518
0.06507110595703125,0.544430160522461
0.08121490478515625,0.2536376953125
0.00656890869140625,0.18050112724304201
0.001007080078125,0.5979160308837891
0.02332305908203125,0.30892016887664797
0.06689834594726562,0.5440868377685547
0.07744598388671875,0.2530406951904297
0.03963470458984375,0.09836616516113283
0.03209829330444336,0.24161376953125002
0.007974624633789062,0.18077673912048342
0.00247955322265625,0.5976377964019776
0.02452850341796875,0.3086655378341675
0.040679931640625,0.48152961730957033
0.06887054443359375,0.5437644958496094
0.04047393798828125,0.09837188720703127
0.03279900550842285,0.24158897399902346
0.0091400146484375,0.18093779087066653
0.00408172607421875,0.5974060535430908
0.0258331298828125,0.3084410667419434
0.0415802001953125,0.48150386810302737
0.0766448974609375,0.1937450408935547
0.07108688354492188,0.5433982849121094
0.002605438232421875,0.27861824035644533
0.0405120849609375,0.09867897033691408
0.016231298446655273,0.2646392822265625
0.03402853012084961,0.24151458740234377
0.01004791259765625,0.18101789951324465
0.00574493408203125,0.5971971988677979
0.0275726318359375,0.308186674118042
0.04302978515625,0.48138179779052737
0.07781982421875,0.1936506271362305
0.07407760620117188,0.543056869506836
0.0050506591796875,0.2783836364746094
0.0402069091796875,0.09895172119140627
0.01761627197265625,0.26297798156738283
0.03579425811767578,0.2414115905761719
0.007598876953125,0.5971070766448975
0.02947235107421875,0.3080202579498291
0.045074462890625,0.4811767578125
0.07958984375,0.19345798492431643
0.0084075927734375,0.2782901763916016
0.0390625,0.0948356628417969
0.0378115177154541,0.24142494201660158
0.00958251953125,0.5970767974853516
0.03170013427734375,0.3079227447509766
0.0473175048828125,0.48100032806396487
0.0818328857421875,0.19320716857910158
0.04022359848022461,0.24149360656738283
0.01190185546875,0.5971168518066406
0.03418731689453125,0.30781605243682864
0.0501556396484375,0.48082866668701174
0.0847015380859375,0.19296302795410158
0.01706695556640625,0.2547916412353516
0.0017251968383789062,0.5304893493652344
0.043070316314697266,0.24161758422851565
0.07623100280761719,0.20623316764831545
0.0158843994140625,0.5972427368164063
0.03791046142578125,0.30777897834777834
0.054443359375,0.4806703567504883
0.08966064453125,0.19268836975097658
0.0503082275390625,0.5413087844848633
0.0058879852294921875,0.531011962890625
0.047235965728759766,0.24186744689941408
0.07010078430175781,0.5252756118774414
0.07732582092285156,0.20626881122589114
0.0411834716796875,0.30786981582641604
0.094390869140625,0.19258155822753908
0.051448822021484375,0.5412811279296875
0.07846450805664062,0.2925905227661133
0.0183563232421875,0.514593505859375
0.00977182388305664,0.5314468383789063
0.051367759704589844,0.24229087829589846
0.07048225402832031,0.5249723434448242
0.07905960083007812,0.20612778663635256
0.08999252319335938,0.380161190032959
0.05316925048828125,0.5409683227539063
0.08012771606445312,0.29253711700439455
0.01862335205078125,0.5157779693603516
0.02368927001953125,0.17484703063964846
0.07151603698730469,0.5246714591979981
0.0812835693359375,0.20565702915191653
0.08539199829101562,0.3821147918701172
0.055171966552734375,0.5406574249267578
0.08216476440429688,0.29253616333007815
0.01927947998046875,0.5166000366210938
0.02400970458984375,0.17514648437500002
0.07329559326171875,0.5248092651367188
0.08368682861328125,0.20507957935333254
0.07538986206054688,0.3862475395202637
0.057682037353515625,0.5404304504394531
0.0846710205078125,0.2927116394042969
0.01988983154296875,0.5169090270996094
0.02495574951171875,0.17477455139160158
0.0755462646484375,0.5250407695770264
0.08655166625976562,0.20446040630340578
0.07085037231445312,0.38813056945800783
0.061046600341796875,0.5403074264526367
0.08766555786132812,0.2930349349975586
0.0200958251953125,0.5168632507324219
0.0268402099609375,0.1739372253417969
0.09301185607910156,0.20165803432464602
0.07147979736328125,0.38651885986328127
0.09135818481445312,0.29363670349121096
0.02142333984375,0.5166744232177735
0.02907562255859375,0.17302551269531252
0.07241439819335938,0.3861249923706055
0.023712158203125,0.5167831420898438
0.0315399169921875,0.17222061157226565
0.07399368286132812,0.38595380783081057
0.02657318115234375,0.5168937683105469
0.0346221923828125,0.17133369445800783
0.0756683349609375,0.38562860488891604
0.03823089599609375,0.17060890197753908
0.07782363891601562,0.38542881011962893
0.079742431640625,0.38546457290649416
0.00018072128295898438,0.2604373931884766
0.08212661743164062,0.3858403205871582
0.0015130043029785156,0.26052703857421877
0.0029146671295166016,0.26052703857421877
0.0044901371002197266,0.26049461364746096
0.006232023239135742,0.2604259490966797
0.007762432098388672,0.2603610992431641
0.009489774703979492,0.26041641235351565
0.010944366455078125,0.2604831695556641
0.05211639404296875,0.5947574615478516
0.065704345703125,0.5876106262207031
0.0095977783203125,0.38178863525390627
0.0675048828125,0.5869316101074219
0.01055145263671875,0.38170661926269533
0.07736778259277344,0.4031564235687256
0.0109405517578125,0.38146629333496096
0.01204681396484375,0.38143768310546877
0.052001953125,0.5846847534179688
0.0692901611328125,0.3682116508483887
0.07059097290039062,0.3680266380310059
0.0717926025390625,0.367827320098877
0.062225341796875,0.32802619934082033
0.0726318359375,0.3675087928771973
0.0341339111328125,0.6275257110595703
0.061798095703125,0.3276256561279297
0.07301712036132812,0.3672703742980957
0.03417205810546875,0.627264404296875
0.0622100830078125,0.3274234771728516
0.07282257080078125,0.3672517776489258
0.0349273681640625,0.6268466949462891
0.06311798095703125,0.32703437805175783
0.051849365234375,0.3691109657287598
0.03330230712890625,0.62711181640625
0.0642852783203125,0.32629051208496096
0.0659942626953125,0.32555427551269533
0.06780242919921875,0.3250926971435547
0.041919708251953125,0.36969795227050783
0.0698699951171875,0.32467308044433596
0.042247772216796875,0.3686708450317383
0.07209014892578125,0.3243717193603516
0.042774200439453125,0.3609518051147461
0.074432373046875,0.3242057800292969
0.044246673583984375,0.35975017547607424
0.078033447265625,0.32417144775390627
0.045318603515625,0.35901775360107424
0.05450439453125,0.3177513122558594
0.050769805908203125,0.3476251602172852
0.050762176513671875,0.34804763793945315
0.043064117431640625,0.33860435485839846
0.000873565673828125,0.39300241470336916
0.00011444091796875,0.393217945098877
0.000286102294921875,0.3926414489746094
0.0018157958984375,0.3920315742492676
0.0030517578125,0.3918007850646973
0.0036773681640625,0.391694450378418
0.00399017333984375,0.39170351028442385
0.000171661376953125,0.7322286605834961
0.001255035400390625,0.732521915435791
0.00237274169921875,0.7320932388305664
0.003231048583984375,0.7315868377685547
0.003772735595703125,0.7312525749206543
0.0044708251953125,0.73087158203125
0.005558013916015625,0.7303160667419434
0.0748138427734375,0.5396646499633789
0.07533645629882812,0.5392836570739746
0.07678604125976562,0.5388406753540039
0.07904815673828125,0.5386675834655762
0.078460693359375,0.5385993957519531
0.01947021484375,0.2494844436645508
0.02072906494140625,0.24920597076416018
0.02252197265625,0.24885597229003908
0.0247344970703125,0.24851455688476565
0.02736663818359375,0.24831333160400393
0.0233154296875,0.3029693603515625
0.02841949462890625,0.30143203735351565
0.0292510986328125,0.3011936187744141
0.02933502197265625,0.30093231201171877
0.04541015625,0.6232675552368164
0.0577850341796875,0.33124771118164065
0.0295867919921875,0.3005584716796875
0.0470123291015625,0.6233190536499024
0.05941009521484375,0.33124866485595705
0.030548095703125,0.300146484375
0.0488739013671875,0.6233562469482422
0.06130218505859375,0.33122100830078127
0.032196044921875,0.29986419677734377
0.05120849609375,0.6234134674072266
0.06339263916015625,0.33112945556640627
0.0342559814453125,0.2997325897216797
0.05425262451171875,0.6234268188476563
0.0663604736328125,0.3309959411621094
0.03633880615234375,0.29978218078613283
0.05792999267578125,0.6233762741088867
0.0699005126953125,0.33080234527587893
0.0786285400390625,0.595394515991211
0.0633392333984375,0.5990032196044922
0.064971923828125,0.5991424560546875
0.06760406494140625,0.5992568969726563
0.0705718994140625,0.5993942260742188
0.07529449462890625,0.599462890625
0.02484130859375,0.3280796051025391
0.02555084228515625,0.32804527282714846
0.02657318115234375,0.32801666259765627
0.02805328369140625,0.3280681610107422
0.02984619140625,0.3281768798828125
0.032012939453125,0.32831611633300783
0.03459930419921875,0.3285259246826172
0.0377197265625,0.3287700653076172
0.041473388671875,0.3292125701904297
0.03130340576171875,0.27641143798828127
0.032741546630859375,0.27541294097900393
0.0345458984375,0.2748884201049805
0.03684234619140625,0.27451744079589846
0.038753509521484375,0.2746271133422852
0.0850982666015625,0.541693115234375
0.082977294921875,0.5418647766113281
0.0764007568359375,0.262152099609375
0.0809173583984375,0.5415576934814453
0.0755615234375,0.2617401123046875
0.08032989501953125,0.5419010162353516
0.07497406005859375,0.26124420166015627
0.08111572265625,0.5423015594482422
0.0746002197265625,0.2615665435791016
0.08217620849609375,0.542354965209961
0.07512664794921875,0.26170196533203127
0.083587646484375,0.5420841217041016
0.0764312744140625,0.26156082153320315
0.0855865478515625,0.5419048309326172
0.0783233642578125,0.2613700866699219
0.08823394775390625,0.5418533325195313
0.08061981201171875,0.26128807067871096
0.001926422119140625,0.6193679809570313
0.020305633544921875,0.32386054992675783
0.004756927490234375,0.618902587890625
0.02268218994140625,0.3233493804931641
0.00843048095703125,0.6185897827148438
0.025836944580078125,0.32290496826171877
0.029628753662109375,0.3226627349853516
0.03484344482421875,0.5622238159179688
0.035892486572265625,0.5619958877563477
0.02693939208984375,0.25239028930664065
0.037502288818359375,0.5617622375488281
0.028228759765625,0.2521261215209961
0.0394744873046875,0.5615324020385742
0.029998779296875,0.25178089141845705
0.041896820068359375,0.5612968444824219
0.03202056884765625,0.2513898849487305
0.04470062255859375,0.5610918045043946
0.034557342529296875,0.2508996963500977
0.0517730712890625,0.5826934814453125
0.048076629638671875,0.5608514785766602
0.037750244140625,0.2502769470214844
0.0534515380859375,0.5824054718017578
0.052234649658203125,0.5605024337768555
0.041980743408203125,0.2495140075683594
0.0557861328125,0.5821708679199219
0.0466156005859375,0.575008773803711
0.0629730224609375,0.2814678192138672
0.0636138916015625,0.28174915313720705
0.030483245849609375,0.24531593322753908
0.06500244140625,0.28194513320922854
0.030681610107421875,0.24552192687988283
0.0671234130859375,0.2818483352661133
0.031497955322265625,0.2456077575683594
0.069671630859375,0.28171482086181643
0.032909393310546875,0.2454875946044922
0.0473175048828125,0.26734533309936526
0.034801483154296875,0.24538650512695315
0.0229034423828125,0.2620128631591797
0.037189483642578125,0.24538650512695315
2.288818359375e-05,0.5748466491699219
0.02414703369140625,0.2614158630371094
0.03003692626953125,0.25292625427246096
0.0026702880859375,0.5744270324707031
0.0259857177734375,0.2608551025390625
0.04906463623046875,0.5203880310058594
0.079864501953125,0.1978019714355469
0.00586700439453125,0.5740779876708985
0.02845001220703125,0.2602695465087891
0.0495452880859375,0.5201305389404297
0.07982635498046875,0.1977733612060547
0.057647705078125,0.609589958190918
0.00974273681640625,0.5738033294677735
0.03223419189453125,0.25944175720214846
0.0509796142578125,0.5199798583984375
0.079681396484375,0.19767608642578127
0.0585479736328125,0.609920883178711
0.03701019287109375,0.2587150573730469
0.05281829833984375,0.519894027709961
0.07865142822265625,0.19742813110351565
0.0596466064453125,0.6100138664245606
0.05527496337890625,0.519894027709961
0.08058929443359375,0.19694557189941408
0.0607757568359375,0.6096247673034668
0.0581207275390625,0.5200199127197266
0.0827484130859375,0.19648017883300783
0.0429229736328125,0.6249565124511719
0.0617523193359375,0.5203060150146485
0.08536529541015625,0.19609870910644533
0.035274505615234375,0.2713359832763672
0.0882110595703125,0.19584121704101565
0.035861968994140625,0.2715305328369141
0.09122467041015625,0.19595184326171877
0.03617095947265625,0.2717021942138672
0.094635009765625,0.1959098815917969
0.0366363525390625,0.2719749450683594
0.00119781494140625,0.17748537063598635
0.0985260009765625,0.19582405090332033
0.037174224853515625,0.27225532531738283
0.00371551513671875,0.17743136882781985
0.02466297149658203,0.18563499450683596
0.024449825286865234,0.18564453125000002
0.025195598602294922,0.1854137420654297
0.0522003173828125,0.5438217163085938
0.026690006256103516,0.18507423400878908
0.05348968505859375,0.5439540386199951
0.028538227081298828,0.18473854064941408
0.05487823486328125,0.5438181400299072
0.024607419967651367,0.1873058319091797
0.06182098388671875,0.39044036865234377
0.0568695068359375,0.5433467864990235
0.01019287109375,0.19893684387207033
0.02026081085205078,0.19077529907226565
0.06255340576171875,0.3903984069824219
0.05905914306640625,0.5427578926086426
0.010772705078125,0.1984123229980469
0.058155059814453125,0.5847400665283203
0.07701492309570312,0.27539863586425783
0.008200883865356445,0.19399299621582033
0.062957763671875,0.39057197570800783
0.06154632568359375,0.542099142074585
0.0118408203125,0.19802799224853518
0.0590972900390625,0.5846733093261719
0.06319808959960938,0.39074363708496096
0.0644989013671875,0.5413276195526123
0.0135345458984375,0.1976207733154297
0.0605926513671875,0.5844577789306641
0.058719635009765625,0.29086151123046877
0.06348419189453125,0.39102783203125
0.0152130126953125,0.19713726043701174
0.0624847412109375,0.584286117553711
0.06047821044921875,0.29056777954101565
0.0175018310546875,0.19675865173339846
0.00846099853515625,0.5883468627929688
0.06472396850585938,0.5840896606445313
0.06220245361328125,0.29028167724609377
0.0182647705078125,0.19680538177490237
0.00954437255859375,0.5883163452148438
0.06729888916015625,0.5839523315429688
0.06447601318359375,0.28992500305175783
0.0955195426940918,0.5643810272216797
0.0210723876953125,0.19675292968750002
0.011516571044921875,0.5880359649658203
0.07034683227539062,0.5838493347167969
0.06744766235351562,0.2895835876464844
0.09551739692687988,0.56448974609375
0.044826507568359375,0.6981834411621094
0.01678466796875,0.19552555084228518
0.01415252685546875,0.5878213882446289
0.07426071166992188,0.5838226318359375
0.0711212158203125,0.2893089294433594
0.09554767608642578,0.5645889282226563
0.044445037841796875,0.6981624603271485
0.02899169921875,0.4161724090576172
0.017147064208984375,0.5877965927124024
0.07537841796875,0.28916015625
0.0147552490234375,0.5546859741210938
0.09604954719543457,0.5645221710205078
0.044841766357421875,0.6981147766113281
0.029582977294921875,0.41613044738769533
0.020496368408203125,0.5877231597900391
0.0155792236328125,0.5550960540771485
0.0977020263671875,0.5647701263427735
0.04601287841796875,0.6979488372802735
0.0308685302734375,0.41596641540527346
0.024242401123046875,0.5876792907714844
0.0165557861328125,0.5551761627197266
0.0348663330078125,0.3001922607421875
0.10036921501159668,0.5653194427490235
0.04752349853515625,0.6975349426269531
0.032833099365234375,0.4154838562011719
0.09936141967773438,0.251470947265625
0.01766204833984375,0.5549797058105469
0.0362701416015625,0.3001617431640625
0.050365447998046875,0.6971038818359375
0.035686492919921875,0.41497077941894533
0.019134521484375,0.5547336578369141
0.038116455078125,0.3001598358154297
0.039825439453125,0.41475715637207033
0.02066802978515625,0.5546039581298828
0.0403289794921875,0.30018272399902346
0.02271270751953125,0.5544876098632813
0.04294586181640625,0.3002780914306641
0.02538299560546875,0.5544189453125
0.04599761962890625,0.3004669189453125
0.049468994140625,0.30068244934082033
0.012237548828125,0.2931255340576172
0.011187553405761719,0.5574497222900391
0.0120697021484375,0.2931550979614258
0.011100530624389648,0.557491683959961
0.0124359130859375,0.29325141906738283
0.011507511138916016,0.5574382781982422
0.010161161422729492,0.5238594055175781
0.037127017974853516,0.2498363494873047
0.0133514404296875,0.29314889907836916
0.012328863143920898,0.5573638916015625
0.04559326171875,0.2892650604248047
0.011699438095092773,0.5238079071044922
0.038468122482299805,0.24986114501953127
0.0003204345703125,0.6310729026794434
0.0147247314453125,0.2926997184753418
0.013592004776000977,0.5570453643798828
0.03032088279724121,0.24093093872070315
0.046142578125,0.2889274597167969
0.013742923736572266,0.5236991882324219
0.04054450988769531,0.24982872009277346
0.0022125244140625,0.6311897277832031
0.0165557861328125,0.29225959777832033
0.015546083450317383,0.5568012237548828
0.03173661231994629,0.24057998657226565
0.04750823974609375,0.28845062255859377
0.016220569610595703,0.5236381530761719
0.04291868209838867,0.24984779357910158
0.0043792724609375,0.6313528060913086
0.018646240234375,0.2917827606201172
0.018242597579956055,0.5566791534423828
0.03401541709899902,0.2402366638183594
0.049346923828125,0.2881626129150391
0.019178152084350586,0.523617172241211
0.04552006721496582,0.24989929199218752
0.0070343017578125,0.6316722869873047
0.0212860107421875,0.2912801742553711
0.02153801918029785,0.5565132141113281
0.036786556243896484,0.2398399353027344
0.05162811279296875,0.2876762390136719
0.022697925567626953,0.5236495971679688
0.04900813102722168,0.25002708435058596
0.0101470947265625,0.6320270538330078
0.0242156982421875,0.2907170295715332
0.025290250778198242,0.5562900543212891
0.04009199142456055,0.23936500549316408
0.0539093017578125,0.28716316223144533
0.053197622299194336,0.25034942626953127
0.0273284912109375,0.29013671875
0.04349684715270996,0.23890342712402346
0.05810546875,0.4466747283935547
0.0649566650390625,0.1395601272583008
0.0587310791015625,0.44695320129394533
0.0653533935546875,0.13975086212158205
0.0599517822265625,0.4469913482666016
0.066253662109375,0.1397727966308594
0.0612945556640625,0.44694175720214846
0.06732177734375,0.13963165283203127
0.062744140625,0.44683303833007815
0.0690460205078125,0.1393455505371094
0.06475830078125,0.44666614532470705
0.0709686279296875,0.13897457122802737
0.066986083984375,0.4463542938232422
0.0734100341796875,0.13845767974853518
0.0015716552734375,0.50504150390625
0.04074859619140625,0.19682362079620364
0.069549560546875,0.4459728240966797
0.0762939453125,0.1378206253051758
0.003566741943359375,0.5048808097839356
0.0421295166015625,0.19655504226684573
0.006069183349609375,0.5047234535217285
0.044010162353515625,0.1962596416473389
0.009130477905273438,0.5046671867370606
0.04643440246582031,0.19593575000762942
0.012592315673828125,0.5047155857086182
0.0493621826171875,0.19567098617553713
0.0164642333984375,0.5049246788024903
0.05275917053222656,0.19553425312042239
0.017971038818359375,0.27756824493408205
0.055629730224609375,0.1954927682876587
0.01815032958984375,0.277251148223877
0.019115447998046875,0.2766274452209473
0.02082061767578125,0.2761086463928223
0.0231170654296875,0.2756504058837891
0.024517059326171875,0.27586021423339846
0.01627349853515625,0.5585330963134766
0.091400146484375,0.25467910766601565
0.0178680419921875,0.5583099365234375
0.09235382080078125,0.2543796539306641
0.02694082260131836,0.26679458618164065
0.01987457275390625,0.5581153869628906
0.09423065185546875,0.2539695739746094
0.02838587760925293,0.26676025390625
0.0225677490234375,0.5579551696777344
0.09674072265625,0.25356521606445315
0.029587984085083008,0.2669223785400391
0.026336669921875,0.5578521728515625
0.0995635986328125,0.25318374633789065
0.030345678329467773,0.26720848083496096
0.03098273277282715,0.26743927001953127
0.031992435455322266,0.2674755096435547
0.033100128173828125,0.26751174926757815
0.03375697135925293,0.26778831481933596
0.03410673141479492,0.26832046508789065
0.0013790130615234375,0.18673362731933596
0.00335693359375,0.18680002689361574
0.005214691162109375,0.1868611812591553
0.007007598876953125,0.18685426712036135
0.00296783447265625,0.3883466958999634
0.008474349975585938,0.18689181804656985
0.00208282470703125,0.38908555507659914
0.030079126358032227,0.36789741516113283
0.030386924743652344,0.3680271148681641
0.030811071395874023,0.3682903289794922
0.03175711631774902,0.36839141845703127
0.03301382064819336,0.368475341796875
0.06243896484375,0.6076091766357422
0.09229660034179688,0.2940691947937012
0.03469705581665039,0.368414306640625
0.06508255004882812,0.6075896263122559
0.09454727172851562,0.29404487609863283
0.037156105041503906,0.36813011169433596
0.06760406494140625,0.6075819969177246
0.09706878662109375,0.293765926361084
0.029004812240600586,0.35940399169921877
0.070465087890625,0.6075657844543457
0.10021591186523438,0.293275260925293
8.7738037109375e-05,0.6253303527832031
0.0739593505859375,0.6075629234313965
0.000514984130859375,0.6259283065795899
0.001194000244140625,0.626231575012207
0.003208160400390625,0.6347612380981446
0.00363922119140625,0.6344226837158203
0.00433349609375,0.634166145324707
0.005107879638671875,0.6339353561401367
0.026580810546875,0.32811870574951174
0.02608489990234375,0.32787837982177737
0.026348114013671875,0.32785835266113283
0.027435302734375,0.3279413223266602
0.028972625732421875,0.3281883239746094
0.030925750732421875,0.3285402297973633
0.033123016357421875,0.3288778305053711
0.03976788330078129,0.5365556716918946
0.04096569824218754,0.5365413665771485
0.07276501464843754,0.504330062866211
0.04211010742187504,0.5365528106689453
0.07391705322265629,0.5042213439941406
0.04302563476562504,0.5363601684570313
0.07520642089843754,0.5042709350585938
0.07638134765625004,0.5042156219482422
0.05401959228515629,0.5077346801757813
0.12178387451171879,0.15207901000976565
0.11465802001953129,0.15562477111816408
0.025737426757812543,0.5417031288146973
0.026775024414062543,0.5418156623840332
0.028163574218750043,0.542207145690918
0.07947888183593754,0.5205615997314453
0.028804443359375043,0.5420655250549317
0.08022656250000004,0.5205558776855469
0.04970135498046879,0.5354093551635742
0.08102764892578129,0.5206626892089844
0.10208477783203129,0.563290023803711
0.07634701538085942,0.6291183471679688
0.05224194335937504,0.5357097625732422
0.08365979003906254,0.14109363555908205
0.08190502929687504,0.5207866668701172
0.10284008789062504,0.5635112762451172
0.07739224243164067,0.6294139862060547
0.05569042968750004,0.5360082626342774
0.08284344482421879,0.14302005767822268
0.07652630615234379,0.5588449478149414
0.08304180908203129,0.5206130981445313
0.10504498291015629,0.563869857788086
0.05889477539062504,0.5366415023803711
0.08589520263671879,0.14181365966796877
0.07667126464843754,0.558869743347168
0.08431591796875004,0.52017822265625
0.10299267578125004,0.5591320037841797
0.1586185913085938,0.15618362426757815
0.12332501220703129,0.18645324707031252
0.08893170166015629,0.14069213867187502
0.07685818481445317,0.5586580276489258
0.08527722167968754,0.520086669921875
0.10419049072265629,0.14876403808593752
0.07818951416015629,0.509518051147461
0.1268345336914063,0.1870903015136719
0.07721295166015629,0.5579103469848633
0.08636822509765629,0.5202793121337891
0.07962384033203129,0.510342025756836
0.1292301635742188,0.18763580322265627
0.17768826293945317,0.2952426910400391
0.04990734863281254,0.6047734260559082
0.08760418701171879,0.520260238647461
0.08164562988281254,0.5110401153564453
0.12407269287109379,0.18900909423828127
0.021899841308593793,0.6394237518310547
0.18044628906250004,0.2947544097900391
0.05164685058593754,0.6052187919616699
0.07063641357421879,0.4996551513671875
0.11056103515625004,0.18042602539062502
0.025272033691406293,0.63992919921875
0.18345227050781254,0.29406394958496096
0.05541577148437504,0.6062673568725586
0.11980023193359379,0.17748584747314455
0.09844555664062504,0.17467536926269533
0.1868778686523438,0.29356040954589846
0.06006970214843754,0.6070837020874024
0.12070812988281254,0.17643394470214846
0.13146557617187504,0.5732349395751953
0.09431805419921879,0.17343750000000002
0.19027294921875004,0.2932342529296875
0.06544079589843754,0.6056174278259278
0.07955517578125004,0.5309452056884766
0.1307255249023438,0.573269271850586
0.09528698730468754,0.1731609344482422
0.1932865600585938,0.2928356170654297
0.08539166259765629,0.15247573852539065
0.13189282226562504,0.572872543334961
0.00016345787048344107,0.18879356384277346
0.12024273681640629,0.5292400360107422
0.08510174560546879,0.15201416015625002
0.04796948242187504,0.537411117553711
0.1253849487304688,0.5642818450927735
0.0006195526123047301,0.18935813903808596
0.10506024169921879,0.5240997314453125
0.08584179687500004,0.1515544891357422
0.06254925537109379,0.6311582565307617
0.04795422363281254,0.5378555297851563
0.14236035156250004,0.1679119110107422
0.1258884887695313,0.5604423522949219
0.0019282321929932067,0.19022979736328127
0.08094372558593754,0.5261177062988281
0.08681835937500004,0.15100135803222658
0.06219067382812504,0.6337989807128906
0.04853405761718754,0.538031005859375
0.14290966796875004,0.16838684082031252
0.1296268920898438,0.5612396240234375
0.003884456634521527,0.1906150817871094
0.08804669189453129,0.15020790100097658
0.04963269042968754,0.5380558013916016
0.13093151855468754,0.17405738830566408
0.1332432250976563,0.5622447967529297
0.006384752273559613,0.1900505065917969
0.04288067626953129,0.49575390815734866
0.04839672851562504,0.5650810241699219
0.05091442871093754,0.5381473541259766
0.10548748779296879,0.18064918518066408
0.1371189575195313,0.5634235382080078
0.009476325988769574,0.18898811340332033
0.05078854370117192,0.6399234771728516
0.04352536010742192,0.49567880630493166
0.08445706176757817,0.14758517742156985
0.04952587890625004,0.5653470993041992
0.0006824951171875426,0.18114986419677737
0.05213513183593754,0.5383342742919922
0.10558666992187504,0.1794914245605469
0.1373630981445313,0.557012939453125
0.012967727661132855,0.1878398895263672
0.05252804565429692,0.6400703430175781
0.043904922485351605,0.4953493118286133
0.08358921813964848,0.14707603454589846
0.005229614257812543,0.17727413177490237
0.05370678710937504,0.5385650634765625
0.10730328369140629,0.17826881408691408
0.016013048171997113,0.1864341735839844
0.05455746459960942,0.6400188446044922
0.06880917358398442,0.32971038818359377
0.04710545349121098,0.5016979217529297
0.19620861816406254,0.1709307670593262
0.008693359375000043,0.17655315399169924
0.08058514404296879,0.6962474822998047
0.12230648803710942,0.5018238067626953
0.05579724121093754,0.5390304565429688
0.10961499023437504,0.17735900878906252
0.05707516479492192,0.6400588989257813
0.07093014526367192,0.32943000793457033
0.18459667968750004,0.18305149078369143
0.08352627563476567,0.6959394454956055
0.12326016235351567,0.5008033752441406
0.11142315673828129,0.1767162322998047
0.028903625488281293,0.58499755859375
0.05997814941406254,0.6400016784667969
0.07345547485351567,0.32905235290527346
0.13479199218750004,0.1345705032348633
0.08077206420898442,0.6970647811889649
0.12548031616210942,0.5005935668945313
0.09768261718750004,0.1823314666748047
0.030002258300781293,0.5854400634765625
0.06293072509765629,0.6399578094482422
0.07655300903320317,0.32859077453613283
0.006602905273437543,0.39219179153442385
0.1344944458007813,0.13486518859863283
0.12805905151367192,0.5002120971679688
0.17435421752929692,0.14999046325683596
0.031200073242187543,0.585842514038086
0.06641735839843754,0.6400226593017578
0.08000149536132817,0.3282035827636719
0.0023914794921875426,0.39230611324310305
0.13376965332031254,0.1349205017089844
0.07113613891601567,0.6607803344726563
0.09446682739257817,0.2698720932006836
0.1310307006835938,0.4998649597167969
0.1766849975585938,0.14918365478515627
0.03236737060546879,0.5861629486083985
0.07940640258789067,0.5499905586242676
0.0016819458007812926,0.39242722988128664
0.1328617553710938,0.1333049774169922
0.07447018432617192,0.6597103118896485
0.1334568481445313,0.49871673583984377
0.17946972656250004,0.14841499328613283
0.09682049560546879,0.509893798828125
0.03304638671875004,0.5861438751220703
0.07580914306640629,0.659603500366211
0.1824833374023438,0.14768638610839846
0.09866680908203129,0.5100139617919922
0.15694775390625004,0.19126739501953127
0.05430474090576176,0.5668148040771485
0.116979024887085,0.6413711547851563
0.07704891967773442,0.6596349716186524
0.0023495178222656676,0.30690994262695315
0.1855808715820313,0.14711990356445315
0.10084118652343754,0.510189437866211
0.15935864257812504,0.1911663055419922
0.05379690933227543,0.5665802001953125
0.11728944587707524,0.6420654296875
0.08603062438964848,0.5256189346313477
0.0863396148681641,0.11340847015380862
0.13018383789062504,0.5104249954223633
0.15725292968750004,0.5244182586669922
0.07803692626953129,0.659756088256836
0.10350384521484379,0.5104869842529297
0.16210522460937504,0.19103851318359377
0.11772384452819828,0.642574691772461
0.0889641265869141,0.526518726348877
0.08876957702636723,0.11208488941192629
0.15893139648437504,0.524485969543457
0.18137707519531254,0.17535438537597658
0.10647930908203129,0.5109867095947266
0.1651340942382813,0.19095458984375002
0.11835517692565922,0.6425899505615235
0.08129849243164067,0.511628532409668
0.09080090332031254,0.11097624301910403
0.1326023559570313,0.5102848052978516
0.16205944824218754,0.5246423721313477
0.11067547607421879,0.5117229461669922
0.16929211425781254,0.19092788696289065
0.11896362113952641,0.6420024871826172
0.09358944702148442,0.10986950397491457
0.1341892700195313,0.5107254028320313
0.16514172363281254,0.5245851516723633
0.11421551513671879,0.5123714447021485
0.1728703002929688,0.19096031188964846
0.12628187942504887,0.6464771270751953
0.09582295227050786,0.10904529094696047
0.1257511596679688,0.5032295227050781
0.11468472290039067,0.6055530548095703
0.16817822265625004,0.524354362487793
0.14075817871093754,0.2158245086669922
0.1767307739257813,0.19098892211914065
0.10058178710937504,0.5596736907958985
0.1773716430664063,0.08811321258544924
0.17132153320312504,0.5242923736572266
0.14400830078125004,0.21548023223876955
0.07114996719360356,0.5820697784423828
0.10158886718750004,0.5596488952636719
0.12798657226562504,0.28998603820800783
0.10729946899414067,0.6005558013916016
0.14707531738281254,0.21518936157226565
0.05189480590820317,0.4641593933105469
0.07459606933593754,0.17276802062988283
0.05816664505004887,0.5756954193115235
0.10313763427734379,0.5595935821533203
0.12949719238281254,0.2899974822998047
0.09500088500976567,0.5728610992431641
0.03570523071289067,0.6623825073242188
0.05310406494140629,0.4637493133544922
0.07523312377929692,0.17251243591308596
0.06002058792114262,0.5762123107910156
0.10529675292968754,0.5594505310058594
0.1314884643554688,0.2899478912353516
0.14661588478088383,0.6803783416748047
0.09740032958984379,0.572943115234375
0.024261138916015668,0.6591285705566406
0.05480160522460942,0.46335639953613283
0.07706799316406254,0.1720623016357422
0.06299557495117192,0.5763267517089844
0.10786785888671879,0.5592998504638672
0.1340977172851563,0.2898906707763672
0.1470533828735352,0.6804794311523438
0.09988751220703129,0.5734094619750977
0.012122772216796918,0.654551887512207
0.05698742675781254,0.46310272216796877
0.07960858154296879,0.1717113494873047
0.050826452255249066,0.5567783355712891
0.11098065185546879,0.5591510772705078
0.1376987915039063,0.2897686004638672
0.14826192665100102,0.6812690734863281
0.10093273925781254,0.5640768051147461
0.006320617675781293,0.6481260299682617
0.05974926757812504,0.46308746337890627
0.08248867797851567,0.1714977264404297
0.05347552108764653,0.5573543548583985
0.1499234657287598,0.682339096069336
0.1401554565429688,0.5524410247802735
0.1740452270507813,0.0997194290161133
0.09584774780273442,0.25820102691650393
0.06299557495117192,0.46328201293945315
0.08559765625000004,0.17141571044921877
0.059923551559448285,0.5523056030273438
0.14517416763305668,0.13384666442871096
0.14686765480041508,0.6800979614257813
0.16042866516113286,0.11804416179656985
0.13494458007812504,0.5466388702392578
0.09221997070312504,0.2633861541748047
0.06681790161132817,0.46360626220703127
0.08914913940429692,0.17141571044921877
0.1460305671691895,0.11103858947753908
0.1170243244171143,0.6597427368164063
0.11857952880859379,0.46620979309082033
0.16147579956054692,0.11835374832153323
0.12386669921875004,0.5385841369628906
0.04746594238281254,0.5160383224487305
0.09326138305664067,0.1715740203857422
0.10338439750671391,0.655178451538086
0.10815396118164067,0.46317806243896487
0.15489163208007817,0.12007679939270022
0.10982098388671879,0.52664794921875
0.11058773803710942,0.5500177383422852
0.04828991699218754,0.5159124374389649
0.07905163574218754,0.20097389221191408
0.10449423599243168,0.6557163238525391
0.10381474304199223,0.4618224143981934
0.15021481323242192,0.12043228149414065
0.11080136108398442,0.5504325866699219
0.04934277343750004,0.5157503128051758
0.08042492675781254,0.2008241653442383
0.1601749877929688,0.5178970336914063
0.1059168796539307,0.6562255859375
0.10637631225585942,0.46212139129638674
0.1515404205322266,0.120645546913147
0.20118298339843754,0.5662468910217285
0.005138061523437543,0.2556003570556641
0.11126675415039067,0.5506986618041992
0.05091442871093754,0.5156129837036133
0.08237805175781254,0.20058765411376955
0.1620670776367188,0.518001937866211
0.10515489387512211,0.6541275024414063
0.10909428405761723,0.46233596801757815
0.1541038970947266,0.12022783756256106
0.19680371093750004,0.5624464988708496
0.005363128662109418,0.255647087097168
0.10667767333984379,0.5332969665527344
0.10238995361328129,0.5355085372924805
0.1512943725585938,0.14034690856933596
0.05321850585937504,0.5156148910522461
0.08486523437500004,0.20026912689208987
0.1646763305664063,0.5180706024169922
0.1827751617431641,0.5521110534667969
0.1054278831481934,0.6542438507080078
0.1120964508056641,0.4625405311584473
0.15688481140136723,0.11975004673004153
0.19994702148437504,0.5630845069885254
0.006553314208984418,0.25582351684570315
0.10711254882812504,0.5332893371582031
0.14382138061523442,0.1391328811645508
0.05611767578125004,0.5156396865844727
0.08782543945312504,0.1998619079589844
0.1682926635742188,0.5180095672607422
0.18410696792602543,0.5521759033203125
0.18647112655639653,0.1723808288574219
0.10802545356750493,0.6545032501220703
0.12542619514465336,0.2583316802978516
0.1144005279541016,0.46216716766357424
0.15986027526855473,0.11911227703094485
0.008601806640625043,0.2554973602294922
0.10891308593750004,0.5335306167602539
0.05945935058593754,0.5157321929931641
0.09168591308593754,0.19935550689697268
0.021751068115234418,0.3541769027709961
0.18629588890075688,0.5523933410644531
0.18774618911743168,0.17150154113769533
0.19373669433593754,0.5731967926025391
0.10873307991027836,0.6509346008300781
0.12757291603088383,0.2575878143310547
0.16326870727539067,0.1184879779815674
0.012088439941406293,0.2544316291809082
0.11215557861328129,0.5345548629760742
0.17530407714843754,0.12546863555908205
0.09717907714843754,0.19870986938476565
0.1667384128570557,0.5426868438720703
0.19170846748352055,0.1701549530029297
0.1945682983398438,0.5731090545654297
0.1304077129364014,0.2571605682373047
0.014686248779296918,0.25380935668945315
0.09265484619140629,0.5203098297119141
0.1538590412139893,0.5396198272705078
0.19625868606567387,0.1686748504638672
0.19639172363281254,0.5726455688476563
0.1326037864685059,0.2571109771728516
0.017116210937500043,0.2535094261169434
0.17132153320312504,0.12836208343505862
0.10131802368164067,0.12983169555664065
0.15737547683715825,0.5401119232177735
0.20093765068054203,0.16686096191406252
0.1723209838867188,0.12658252716064455
0.10139813232421879,0.12949981689453127
0.08163037109375004,0.49040927886962893
0.10235943603515629,0.12920989990234377
0.10325588989257817,0.12854900360107424
0.1869236450195313,0.5354713439941406
0.10447277832031254,0.12818279266357424
0.030988357543945355,0.46667089462280276
0.07825817871093754,0.14916183948516848
0.1812626342773438,0.5267805099487305
0.10583843994140629,0.12795867919921877
0.03204693603515629,0.46664228439331057
0.07557453918457036,0.15004625320434573
0.14858593750000004,0.48938837051391604
0.20197644042968754,0.17066946029663088
0.1506687622070313,0.14863624572753908
0.09299435424804692,0.1362785339355469
0.023008010864257855,0.24272003173828127
0.03343357849121098,0.46654691696166994
0.15027966308593754,0.4893082618713379
0.12582363891601567,0.6204022407531739
0.1510502319335938,0.14924659729003908
0.024419925689697308,0.24240913391113283
0.03523983764648442,0.4664463043212891
0.053304336547851605,0.16579666137695315
0.15211071777343754,0.48931064605712893
0.12681546020507817,0.6207932472229004
0.16353955078125004,0.1405366897583008
0.026776931762695355,0.573370361328125
0.026439569473266644,0.24204483032226565
0.037381790161132855,0.4665702819824219
0.05541958618164067,0.16566779613494875
0.09141888427734379,0.5683313846588135
0.15449108886718754,0.48929443359375
0.12864651489257817,0.6211108207702637
0.16224255371093754,0.2357667922973633
0.16462292480468754,0.14135684967041018
0.028641126632690472,0.5736679077148438
0.028655670166015668,0.24185981750488283
0.039868972778320355,0.466737174987793
0.05779995727539067,0.16561927795410158
0.07965435791015629,0.5519017219543457
0.15797009277343754,0.48936023712158205
0.12893261718750004,0.6196946144104004
0.16463818359375004,0.23536052703857424
0.1617008666992188,0.14729347229003908
0.030460498809814496,0.5737327575683594
0.030980728149414105,0.24176826477050783
0.04261746215820317,0.4669639110565186
0.06075634765625004,0.1654845714569092
0.12956967163085942,0.6180676460266114
0.16642727661132817,0.2355531692504883
0.03237500000000004,0.5735973358154297
0.03359236526489262,0.24175491333007815
0.045407913208007855,0.46729555130004885
0.06432499694824223,0.16554548740386965
0.13384213256835942,0.6191829681396485
0.17046704101562504,0.23496093750000002
0.13695492553710942,0.6027912139892578
0.034339330673217816,0.5733589172363281
0.026514194488525433,0.34176101684570315
0.036572835922241254,0.24174156188964846
0.06833805847167973,0.1656660079956055
0.04263653564453129,0.5306743621826172
0.1385075073242188,0.6201223373413086
0.17472805786132817,0.23427667617797854
0.10599865722656254,0.5673879623413086
0.13734020996093754,0.6031021118164063
0.17536892700195317,0.19076004028320315
0.036852262496948285,0.5728839874267578
0.029000185012817425,0.34166946411132815
0.0016256790161133239,0.5691761016845703
0.03992810058593754,0.2416252136230469
0.04412426757812504,0.5306004524230957
0.14170422363281254,0.1447112798690796
0.14308895874023442,0.6208843231201172
0.17893566894531254,0.2334469795227051
0.10543408203125004,0.5671295166015625
0.17713894653320317,0.19081821441650393
0.03238239097595219,0.3416656494140625
0.005979679107666058,0.5700706481933594
0.043930671691894574,0.24155273437500002
0.04565014648437504,0.5305453777313233
0.13360180664062504,0.15163578987121584
0.18307080078125004,0.2326230049133301
0.10546459960937504,0.5672468185424805
0.1540562133789063,0.20013084411621096
0.1792026977539063,0.19098415374755862
0.04684796142578129,0.5306636333465576
0.13575329589843754,0.14980175495147707
0.10615124511718754,0.5681976318359375
0.15482678222656254,0.19949378967285158
0.1733738403320313,0.20873203277587893
0.04721417236328129,0.5304469108581543
0.13807263183593754,0.14779057502746584
0.10758557128906254,0.5693964004516602
0.14861645507812504,0.2026409149169922
0.1405369262695313,0.146152400970459
0.10959973144531254,0.5704168319702149
0.1362644653320313,0.2014202117919922
0.1432529907226563,0.14518954753875735
0.08654370117187504,0.5580829620361328
0.1460758666992188,0.14455952644348147
0.08169903564453129,0.5628475189208985
0.14503063964843754,0.14627268314361574
0.18111386108398442,0.19363918304443362
0.08493771362304692,0.6084360122680664
0.1805454711914063,0.19345798492431643
0.08664288330078129,0.608852767944336
0.09620251464843754,0.2717737197875977
0.18109860229492192,0.19367256164550783
0.08864178466796879,0.6089962959289551
0.09842266845703129,0.27154293060302737
0.18232312011718754,0.19347801208496096
0.09103359985351567,0.609195613861084
0.10078778076171879,0.2712611198425293
0.12798657226562504,0.6065496444702149
0.18821301269531254,0.2098554611206055
0.09378781127929692,0.6093753814697266
0.10348095703125004,0.27091159820556643
0.1282688598632813,0.6069740295410156
0.09688153076171879,0.6095484733581543
0.10647167968750004,0.2705244064331055
0.12873425292968754,0.6081451416015625
0.10021939086914067,0.6096261978149414
0.10976376342773442,0.27011861801147463
0.11233868408203129,0.6339029312133789
0.10391583251953129,0.6096929550170899
0.09843029785156254,0.6068119049072266
0.17734875488281254,0.1755699157714844
0.1779514770507813,0.17574729919433596
0.15223278808593754,0.7063135147094727
0.1778446655273438,0.1754182815551758
0.1433140258789063,0.6880268096923828
0.1781498413085938,0.29714336395263674
0.13230480957031254,0.6810840606689453
0.18724026489257817,0.16249027252197268
0.13392224121093754,0.6826461791992188
0.15284313964843754,0.30345859527587893
0.13759960937500004,0.683529281616211
0.15650524902343754,0.3023399353027344
0.12919583129882817,0.184632682800293
0.1414524536132813,0.684322738647461
0.1604954223632813,0.30112781524658205
0.1430393676757813,0.6841949462890625
0.1632725219726563,0.3003591537475586
0.1344486694335938,0.67142333984375
0.1659885864257813,0.2997325897216797
0.10178723144531254,0.5586198806762696
0.03904309082031254,0.5716291904449463
0.023456237792968793,0.26169016361236574
0.1686436157226563,0.2993377685546875
0.10025372314453129,0.5575736999511719
0.10153927612304692,0.1815380096435547
0.04032482910156254,0.5721179485321045
0.024562500000000043,0.2621034622192383
0.09951367187500004,0.5578502655029297
0.10079922485351567,0.18134822845458987
0.04186596679687504,0.5722819805145264
0.026370666503906293,0.2620060682296753
0.10145535278320317,0.18165054321289065
0.12578930664062504,0.33720149993896487
0.04362072753906254,0.5722745895385742
0.028430603027343793,0.261677885055542
0.10276379394531254,0.1822847366333008
0.12527050781250004,0.33639183044433596
0.04643597412109379,0.5719460487365723
0.03145184326171879,0.2609721660614014
0.10197415161132817,0.18507232666015627
0.12475170898437504,0.33606948852539065
0.04985394287109379,0.5714327335357666
0.03576245117187504,0.2597425222396851
0.12493481445312504,0.33584251403808596
0.05359997558593754,0.5708085536956787
0.12408032226562504,0.3285364151000977
0.022899291992187543,0.5637601852416992
0.024066589355468793,0.5637840270996094
0.05652966308593754,0.2834199905395508
0.025996826171875043,0.5639461517333985
0.05815472412109379,0.28352203369140627
0.028499267578125043,0.5641740798950196
0.06039013671875004,0.2836603164672852
0.07495846557617192,0.6425556182861328
0.03169598388671879,0.5644105911254883
0.06358685302734379,0.283845329284668
0.06612362670898442,0.619930648803711
0.06561627197265629,0.6202653884887696
0.06589093017578129,0.620158576965332
0.10584225463867192,0.23435153961181643
0.06615414428710942,0.620271110534668
0.07029309082031254,0.2593292236328125
0.12493481445312504,0.2448295593261719
0.12502636718750004,0.24459686279296877
0.12569775390625004,0.24433937072753908
0.12664379882812504,0.2443870544433594
0.09296002197265629,0.6440271377563477
0.04827465820312504,0.25668087005615237
0.011409423828125043,0.62509765625
0.04975857543945317,0.25594558715820315
0.05115856933593754,0.2551921844482422
0.024970672607421918,0.27448596954345705
0.014518402099609418,0.6275371551513672
0.014304779052734418,0.286805534362793
0.016379974365234418,0.6272348403930664
0.016460083007812543,0.28598823547363283
0.018710754394531293,0.6267646789550781
0.016685150146484418,0.28585376739501955
0.015575073242187543,0.2838958740234375
0.006961486816406293,0.260626220703125
0.016833923339843793,0.6007160186767578
0.008563659667968793,0.2604240417480469
0.018226287841796918,0.6007856369018555
0.010547302246093793,0.25992527008056643
0.019828460693359418,0.6009563446044922
0.012214324951171918,0.25960960388183596
0.021987579345703168,0.6012147903442383
0.014140747070312543,0.2592929840087891
0.024730346679687543,0.6014341354370117
0.016574523925781293,0.25882568359375
0.028407714843750043,0.6016086578369141
0.019839904785156293,0.2581390380859375
0.023917816162109418,0.25757827758789065
0.030162475585937543,0.21211853027343752
0.03388562011718754,0.2108501434326172
0.03723492431640629,0.20978775024414065
0.03894390869140629,0.20309104919433596
0.03749432373046879,0.19953384399414065
0.10415997314453129,0.5717491149902344
0.10544171142578129,0.5718864440917969
0.10152020263671879,0.5727218627929688
0.10339703369140629,0.5731281280517578
0.10586132812500004,0.5733760833740235
0.1727482299804688,0.2275432586669922
0.10975994873046879,0.5738643646240235
0.1763187866210938,0.22696914672851565
0.11322369384765629,0.574428939819336
0.17968334960937504,0.22656097412109377
0.11658062744140629,0.574713134765625
0.1834141235351563,0.22616424560546877
0.11514630126953129,0.5714763641357422
0.18708386230468754,0.2256492614746094
0.19079174804687504,0.22527160644531252
0.07331814575195317,0.5979656219482422
0.07440533447265629,0.5979789733886719
0.07564892578125004,0.5981382369995117
0.07678570556640629,0.5981267929077149
0.04216351318359379,0.5192283630371094
0.06415142822265629,0.2592967987060547
0.07783474731445317,0.5980381011962891
0.04335369873046879,0.5191177368164063
0.06517376708984379,0.2592357635498047
0.07886471557617192,0.5979598999023438
0.11569561767578129,0.23601665496826174
0.04507794189453129,0.5189002990722656
0.06648602294921879,0.2591556549072266
0.09913220214843754,0.23970928192138674
0.04709973144531254,0.5186332702636719
0.06850781250000004,0.2590354919433594
0.05009045410156254,0.5183509826660156
0.07144512939453129,0.25894012451171877
0.05318798828125004,0.5181583404541016
0.07466473388671879,0.2588809967041016
0.07978024291992192,0.6328872680664063
0.03979840087890629,0.5195411682128906
0.07856335449218754,0.2590221405029297
0.07731594848632817,0.6340965270996094
0.07785382080078129,0.6451229095458985
0.07946743774414067,0.6446584701538086
0.08070721435546879,0.6447977066040039
0.09140744018554692,0.2585309982299805
0.08049740600585942,0.6449512481689453
0.08045162963867192,0.6450666427612305
0.08056988525390629,0.6450923919677735
0.08100476074218754,0.6450723648071289
0.08164181518554692,0.6451457977294922
0.12128033447265629,0.543768310546875
0.12454571533203129,0.5436023712158203
0.09590496826171879,0.615662956237793
0.12832226562500004,0.5437110900878906
0.09726300048828129,0.6154674530029297
0.1322361450195313,0.5440811157226563
0.09820904541015629,0.6155094146728516
0.13611950683593754,0.5445331573486328
0.09983410644531254,0.6157659530639649
0.14907803344726567,0.23161067962646487
0.1399876098632813,0.5450653076171875
0.16038098144531254,0.20175209045410158
0.10201229858398442,0.6165765762329102
0.15078701782226567,0.23090114593505862
0.1437565307617188,0.5455783843994141
0.1608463745117188,0.20519866943359377
0.10478558349609379,0.6176313400268555
0.15383496093750004,0.2298454284667969
0.14757885742187504,0.5460056304931641
0.1638218383789063,0.2054161071777344
0.10817303466796879,0.6186594009399414
0.1544834594726563,0.23050441741943362
0.1513859252929688,0.546322250366211
0.1680942993164063,0.20489540100097658
0.04645886230468754,0.5413669586181641
0.11095776367187504,0.618709945678711
0.15194668579101567,0.2331127166748047
0.1671787719726563,0.2067131042480469
0.04627575683593754,0.5389961242675781
0.10782589721679692,0.6145767211914063
0.14762463378906254,0.2355064392089844
0.04750790405273442,0.5392936706542969
0.13596691894531254,0.23444118499755862
0.04845776367187504,0.5393623352050781
0.04915203857421879,0.5389961242675781
0.07682385253906254,0.18253555297851565
0.15711560058593754,0.5222896575927735
0.1590458374023438,0.5222057342529297
0.1561619262695313,0.22724380493164065
0.1622654418945313,0.5219234466552735
0.1588322143554688,0.2269634246826172
0.0026012878417969176,0.56650390625
0.04420819091796879,0.5634140014648438
0.16530957031250004,0.5217384338378906
0.16180004882812504,0.2266735076904297
0.0036236267089844176,0.566372299194336
0.012580535888671918,0.30933990478515627
0.04501690673828129,0.5637210845947266
0.07666363525390629,0.20910682678222658
0.1688267211914063,0.5215476989746094
0.16534008789062504,0.2263053894042969
0.07096066284179692,0.5778507232666016
0.07558407592773442,0.17853775024414065
0.005031250000000043,0.5661596298217774
0.013774536132812543,0.3092397689819336
0.04565777587890629,0.5638202667236328
0.07645764160156254,0.20919265747070315
0.1725193481445313,0.521328353881836
0.07368817138671879,0.5787223815917969
0.07849468994140629,0.17791023254394533
0.006923339843750043,0.5658096313476563
0.015445373535156293,0.30906333923339846
0.04649700927734379,0.5637039184570313
0.06983151245117192,0.5696491241455078
0.08215298461914067,0.1765789031982422
0.009177825927734418,0.5654071807861328
0.017547271728515668,0.30883159637451174
0.04751934814453129,0.5634025573730469
0.06524243164062504,0.20459594726562502
0.08557476806640629,0.17522277832031252
0.012172363281250043,0.5648893356323242
0.020316741943359418,0.308534049987793
0.04887738037109379,0.5633148193359375
0.06595196533203129,0.20438995361328127
0.08893551635742192,0.17418899536132815
0.023929260253906293,0.3083070755004883
0.09081616210937504,0.6058486938476563
0.09154858398437504,0.6034587860107422
0.07996716308593754,0.5886558532714844
0.08857312011718754,0.23349990844726565
0.09149517822265629,0.2336772918701172
0.09340252685546879,0.23508682250976565
0.10677304077148442,0.5564159393310547
0.07153668212890629,0.6029647827148438
0.09608807373046879,0.23435630798339846
0.10688748168945317,0.5554012298583985
0.07403149414062504,0.6032432556152344
0.09832348632812504,0.23336067199707033
0.10491909790039067,0.5545505523681641
0.07590832519531254,0.6034530639648438
0.09997143554687504,0.23261108398437502
0.09934201049804692,0.5490478515625
0.08846630859375004,0.23916091918945315
0.012210510253906293,0.5280269622802735
0.013274810791015668,0.5283302307128906
0.014606140136718793,0.5285724639892578
0.016078613281250043,0.22654571533203127
0.016654632568359418,0.5288642883300781
0.017379425048828168,0.22672309875488283
0.019321105957031293,0.528896713256836
0.019389770507812543,0.2266716003417969
0.022262237548828168,0.5288299560546875
0.022277496337890668,0.22632446289062502
0.025752685546875043,0.5288890838623047
0.025619171142578168,0.22605743408203127
0.0012470703125000426,0.5285781860351563
0.03762783813476567,0.5800117492675781
0.017406127929687543,0.5855449676513672
0.018565795898437543,0.5857471466064453
0.027133605957031293,0.3064140319824219
0.019855163574218793,0.5855888366699219
0.028476379394531293,0.3062786102294922
0.021564147949218793,0.5851940155029297
0.030391357421875043,0.3059543609619141
0.08134045410156254,0.4846538543701172
0.019294403076171918,0.566229248046875
0.023524902343750043,0.584906005859375
0.03289379882812504,0.3056396484375
0.08222546386718754,0.4843963623046875
0.024711273193359418,0.5671333312988281
0.04594006347656254,0.16605796813964846
0.025920532226562543,0.5846408843994141
0.03593792724609379,0.305364990234375
0.08334698486328129,0.48449172973632815
0.10922589111328129,0.1305564880371094
0.030364654541015668,0.567724609375
0.04983105468750004,0.16421356201171877
0.028987548828125043,0.5844635009765625
0.03965344238281254,0.3050083160400391
0.08472790527343754,0.48470535278320315
0.10525860595703129,0.13198890686035158
0.06625714111328129,0.6654490470886231
0.03247036743164067,0.5640815734863281
0.05391278076171879,0.1623100280761719
0.04424633789062504,0.30497589111328127
0.08627667236328129,0.48473396301269533
0.10358776855468754,0.13273658752441408
0.06784405517578129,0.665833854675293
0.05657162475585942,0.1619304656982422
0.08773388671875004,0.4848522186279297
0.08077587890625004,0.14205017089843752
0.06986203002929692,0.6704572677612305
0.19332470703125004,0.3208469390869141
0.08919110107421879,0.48499336242675783
0.07240261840820317,0.6735767364501953
0.19456448364257817,0.3184207916259766
0.09124340820312504,0.4848064422607422
0.19581188964843754,0.31711664199829104
0.19802059936523442,0.31594076156616213
0.20095791625976567,0.3147019386291504
0.1791874389648438,0.5962699890136719
0.17434658813476567,0.33584012985229494
0.0685478668212891,0.44781031608581545
0.06954731750488286,0.44782700538635256
0.1565891723632813,0.4904388427734375
0.17350354003906254,0.1263298034667969
0.07065167236328129,0.44787302017211916
0.12964978027343754,0.5636905670166016
0.15706982421875004,0.49086799621582033
0.07154431152343754,0.4482177734375
0.15830578613281254,0.49134483337402346
0.1634403686523438,0.1472667694091797
0.07310261535644536,0.4485501289367676
0.16070141601562504,0.4915489196777344
0.16553845214843754,0.14689102172851565
0.07526364135742192,0.44887819290161135
0.16378369140625004,0.49171295166015627
0.16834606933593754,0.14619102478027346
0.07755245971679692,0.4492072105407715
0.08584942626953129,0.1252471446990967
0.009647033691406293,0.37125911712646487
0.16700329589843754,0.4920085906982422
0.1710545043945313,0.1457847595214844
0.07972492980957036,0.4495991706848145
0.08849491882324223,0.12516107559204104
0.0006214599609375426,0.6929143905639649
0.011275909423828168,0.37109222412109377
0.17781033325195317,0.5557865142822266
0.1704441528320313,0.49221267700195315
0.16689648437500004,0.1491111755371094
0.0819145660400391,0.4499653816223145
0.09024205017089848,0.12555434703826907
0.0023647766113281676,0.6930021286010742
0.013080261230468793,0.3708495140075684
0.17804684448242192,0.5551036834716797
0.17245068359375004,0.4917320251464844
0.15844311523437504,0.14990844726562502
0.08421482849121098,0.4502896308898926
0.09211315917968754,0.12551953792572024
0.004409454345703168,0.6931451797485352
0.015052459716796918,0.37057199478149416
0.17794766235351567,0.5548309326171875
0.16213574218750004,0.14883079528808596
0.08674969482421879,0.45052566528320315
0.08371891784667973,0.12601222991943362
0.006637237548828168,0.6933015823364258
0.017448089599609418,0.3702854156494141
0.0894829254150391,0.45072593688964846
0.05903973388671879,0.12423756122589114
0.009299896240234418,0.6935404777526856
0.020393035888671918,0.36994209289550783
0.09207501220703129,0.4507912635803223
0.047017715454101605,0.11745491027832033
0.013164184570312543,0.6938733100891114
0.023872039794921918,0.36962308883666994
0.05362286376953129,0.5741504669189453
0.05442395019531254,0.5742515563964844
0.08266033935546879,0.18830432891845705
0.05513348388671879,0.574199104309082
0.08318676757812504,0.18684234619140627
0.07857861328125004,0.5184654235839844
0.13430371093750004,0.19228591918945315
0.1129049282073975,0.59464111328125
0.06756939697265629,0.5811227798461914
0.08283581542968754,0.18717041015625002
0.07905163574218754,0.5183662414550781
0.1361576538085938,0.1920951843261719
0.11431040573120121,0.594906234741211
0.08291210937500004,0.1876548767089844
0.03239002037048344,0.5958713531494141
0.1382023315429688,0.19190254211425783
0.11526837158203129,0.5961288452148438
0.08274426269531254,0.18803443908691408
0.032405755996704144,0.5957187652587891
0.029620788574218793,0.4952701568603516
0.1402622680664063,0.19171180725097658
0.11716379928588871,0.5964988708496094
0.02845158386230473,0.44828214645385744
0.03288163948059086,0.5953544616699219
0.03139843750000004,0.49533882141113283
0.14275708007812504,0.1915458679199219
0.11949291038513188,0.596554183959961
0.14013042259216313,0.2572807312011719
0.029189727783203168,0.44889059066772463
0.19493069458007817,0.017754101753234885
0.034131429672241254,0.5949100494384766
0.03387036132812504,0.495306396484375
0.1457096557617188,0.19126358032226565
0.12235250282287602,0.5964073181152344
0.14270748901367192,0.2565330505371094
0.1648766021728516,0.024124526977539085
0.09402813720703129,0.6027683258056641
0.03639521408081059,0.5951084136962891
0.14881481933593754,0.19100227355957033
0.12548675346374516,0.5962471008300781
0.1456035594940186,0.25568618774414065
0.09353985595703129,0.6023658752441406
0.03940691757202153,0.5957530975341797
0.09931316184997563,0.22681655883789065
0.15183605957031254,0.19079246520996096
0.12873377609252934,0.5961135864257813
0.1490692119598389,0.25481452941894533
0.08788647460937504,0.5956329345703125
0.008525512695312543,0.45839920043945315
0.04254474449157719,0.5961650848388672
0.09934820938110356,0.22843017578125002
0.15482678222656254,0.1905693054199219
0.1325715999603272,0.5958045959472656
0.15079440879821782,0.25486412048339846
0.08577313232421879,0.5951408386230469
0.007762573242187543,0.4576152801513672
0.15739025878906254,0.19027366638183596
0.07200207519531254,0.5797313690185547
0.007453582763671918,0.4568389892578125
0.06150021362304692,0.15356483459472658
0.07781376647949223,0.46346225738525393
0.007743499755859418,0.45634117126464846
0.06244625854492192,0.15312995910644533
0.07753338623046879,0.4632293224334717
0.1271244506835938,0.16289939880371096
0.008834503173828168,0.4563163757324219
0.06352581787109379,0.15285530090332033
0.1302982788085938,0.16116847991943362
0.010425231933593793,0.45659675598144533
0.06472363281250004,0.15275039672851565
0.027516983032226605,0.4371637344360352
0.1311985473632813,0.16229000091552737
0.012382171630859418,0.4570316314697266
0.06626858520507817,0.15278663635253908
0.026538513183593793,0.4377287864685059
0.07914318847656254,0.6015273571014405
0.014716766357421918,0.45768585205078127
0.06819119262695317,0.15301551818847658
0.016021392822265668,0.4495409965515137
0.017097137451171918,0.4577335357666016
0.07130398559570317,0.15360870361328127
0.1511873226165772,0.5875991821289063
0.10512890625000004,0.24741401672363283
0.04639591979980473,0.6170505523681641
0.1777378540039063,0.06994667053222658
0.07435955810546879,0.15439643859863283
0.15127792167663578,0.5877403259277344
0.10587873268127446,0.2474407196044922
0.04734387207031254,0.6169456481933594
0.13337292480468754,0.5744794845581055
0.1516174297332764,0.588192367553711
0.10694207954406743,0.24747314453125002
0.048589132308960004,0.6166633605957031
0.06890382575988774,0.3417228698730469
0.14699902343750004,0.2564223051071167
0.11222424316406254,0.5524105072021485
0.15219082641601567,0.5886272430419922
0.10762991714477543,0.24745025634765627
0.05022706794738774,0.616299057006836
0.0706681232452393,0.34142723083496096
0.14895214843750004,0.2559907674789429
0.11337628173828129,0.5522846221923828
0.1528965454101563,0.5891727447509766
0.10819949913024907,0.24740447998046877
0.05240835952758793,0.6158317565917969
0.07284130859375004,0.34105720520019533
0.15108837890625004,0.2553773164749146
0.11500897216796879,0.5519403457641602
0.1536737899780274,0.5898765563964844
0.10875906753540043,0.2473491668701172
0.0550431232452393,0.615353012084961
0.0755042057037354,0.3406585693359375
0.15356030273437504,0.2548485040664673
0.11209454345703129,0.5526155471801758
0.15449681091308598,0.5908016204833985
0.10936322021484379,0.24724617004394533
0.058136842727661175,0.614925765991211
0.07876767921447758,0.34023895263671877
0.15575756835937504,0.254772686958313
0.15572800445556645,0.5917438507080078
0.11021556663513188,0.24700775146484377
0.062132976531982465,0.6144336700439453
0.08275069999694828,0.3398918151855469
0.13743176269531254,0.2857764005661011
0.15172924804687504,0.5891441345214844
0.11130633163452153,0.24676551818847658
0.08786787796020512,0.33947029113769533
0.1441401462554932,0.5863117218017578
0.10068478393554692,0.24770965576171877
0.14434470939636235,0.5863479614257813
0.06486429977416996,0.25797882080078127
0.19007267761230473,0.14209010601043703
0.1833683471679688,0.41448631286621096
0.14716329383850102,0.5869773864746094
0.021480939865112347,0.27517166137695315
0.17723812866210942,0.14227821826934817
0.1843143920898438,0.4142059326171875
0.15090479660034184,0.5874561309814453
0.18538632202148442,0.41406097412109377
0.1219078521728516,0.5825504302978516
0.17776455688476567,0.4133914947509766
0.0014072875976562926,0.17840137481689455
0.004176757812500043,0.17818775177001955
0.12842716979980473,0.46069135665893557
0.007075927734375043,0.17796840667724612
0.010356567382812543,0.17763843536376955
0.0007206420898437926,0.507905387878418
0.014262817382812543,0.17716159820556643
0.1057945709228516,0.4528645515441895
0.10722126770019536,0.4539641380310059
0.12548603820800786,0.11289849281311037
0.10991825866699223,0.45514693260192873
0.1256157379150391,0.11253323554992678
0.11046948242187504,0.45557894706726076
0.11876644897460942,0.11343994140625002
0.0019396762847900817,0.5897735595703125
0.11498608398437504,0.4563046932220459
0.12031140136718754,0.1143371105194092
0.0044509391784668395,0.5897506713867188
0.11943974304199223,0.45667591094970705
0.12197651672363286,0.11647024154663088
0.006897113800048871,0.5896038055419922
0.1235405426025391,0.4569281578063965
0.12289204406738286,0.11890592575073244
0.1249901275634766,0.4574021339416504
0.10926022338867192,0.12498166561126711
0.14559521484375004,0.6187590599060059
0.1717869262695313,0.31850543022155764
0.11631359863281254,0.47100105285644533
0.14699902343750004,0.6185869216918946
0.17257275390625004,0.31829085350036623
0.11674084472656254,0.4702486038208008
0.14901318359375004,0.6183754444122315
0.1741062622070313,0.31797959804534914
0.11863293457031254,0.4701541900634766
0.14837231445312504,0.12517299652099612
0.1514622192382813,0.6181782722473145
0.17634167480468754,0.3175912141799927
0.12128796386718754,0.47020854949951174
0.15066113281250004,0.1246065139770508
0.15418591308593754,0.6179999351501465
0.1791111450195313,0.3171898365020752
0.12452282714843754,0.470465087890625
0.15401806640625004,0.12395420074462893
0.10909118461608891,0.5680717468261719
0.1572300415039063,0.6178778648376465
0.1824985961914063,0.31677224636077883
0.12786450195312504,0.47076168060302737
0.15783276367187504,0.12328376770019533
0.10990657615661625,0.5680545806884766
0.1609837036132813,0.6177865505218506
0.18682446289062504,0.31630697250366213
0.13145031738281254,0.4710554122924805
0.16183056640625004,0.12261333465576174
0.11073293495178227,0.5679515838623047
0.1398819904327393,0.2767852783203125
0.11309399414062504,0.46110000610351565
0.16550793457031254,0.1220430374145508
0.19233288574218754,0.17132606506347658
0.11190213966369633,0.5678314208984375
0.14114537048339848,0.2765678405761719
0.006040237426757855,0.49192466735839846
0.16894116210937504,0.12157573699951174
0.1921726684570313,0.17206802368164065
0.1136371116638184,0.5677188873291016
0.14298643875122075,0.2763561248779297
0.007403991699218793,0.49201192855834963
0.1928440551757813,0.17338218688964846
0.11594428825378422,0.5677017211914063
0.14537777709960942,0.27617683410644533
0.008487365722656293,0.49208965301513674
0.00630345153808598,0.24661924839019778
0.1188696842193604,0.567776107788086
0.14825477409362797,0.2760204315185547
0.00979008483886723,0.4920872688293457
0.00769200134277348,0.2467209339141846
0.122638843536377,0.5678581237792969
0.15200485992431645,0.2758525848388672
0.011108062744140668,0.49206104278564455
0.009170196533203168,0.24677195549011233
0.01268162536621098,0.49190893173217776
0.010913513183593793,0.24681606292724612
0.014503143310546918,0.4917439460754395
0.01309361267089848,0.24689080715179446
0.015441558837890668,0.24703123569488528
0.04673352050781254,0.42487373352050783
0.07459606933593754,0.14287414550781252
0.04830517578125004,0.42466297149658205
0.07581677246093754,0.1427034378051758
0.020427368164062543,0.6134218215942383
0.05022778320312504,0.4243616104125977
0.07772412109375004,0.14240016937255862
0.021758697509765668,0.6145471572875977
0.05274548339843754,0.4241794586181641
0.08025708007812504,0.14213027954101565
0.022884033203125043,0.6147054672241211
0.08682217407226567,0.22836151123046877
0.05564465332031254,0.42404880523681643
0.08335461425781254,0.1419233322143555
0.023994110107421918,0.6143192291259766
0.08620800781250004,0.22844924926757815
0.05906262207031254,0.4240621566772461
0.08713879394531254,0.14183940887451174
0.025924346923828168,0.6140417098999024
0.08624234008789067,0.2284120559692383
0.09141125488281254,0.1421083450317383
0.19887509155273442,0.24514474868774416
0.028155944824218793,0.6141485214233399
0.08722271728515629,0.22808113098144533
0.15129818725585942,0.5615815162658692
0.19799771118164067,0.24537291526794436
0.08849682617187504,0.22761478424072268
0.15174641418457036,0.5614742279052735
0.19816174316406254,0.24524452686309817
0.1526524047851563,0.5612954139709473
0.19944348144531254,0.24483480453491213
0.1540256958007813,0.5611201763153076
0.20154537963867192,0.2443647623062134
0.15584912109375004,0.5610524654388428
0.1580864410400391,0.5610977649688721
0.09719815063476567,0.6209110260009766
0.16083493041992192,0.5612780094146729
0.09786953735351567,0.6209787368774414
0.1644035797119141,0.5616168022155762
0.09846081542968754,0.6217645645141602
0.09897198486328129,0.6229957580566406
0.10739102172851567,0.6353096008300781
0.10574688720703129,0.6326231002807617
0.16242947387695317,0.21871223449707033
0.10652890014648442,0.6332839965820313
0.1626163940429688,0.21796169281005862
0.17696728515625004,0.232270622253418
0.15009274291992192,0.6668390274047852
0.14081539916992192,0.6528142929077149
0.14138760375976567,0.6519264221191406
0.1656986694335938,0.25023975372314455
0.14221920776367192,0.6498750686645508
0.1670109252929688,0.24932231903076174
0.16872372436523442,0.24835243225097658
0.17014660644531254,0.628825569152832
0.1697269897460938,0.6288656234741211
0.17037548828125004,0.629496955871582
0.1712223510742188,0.6296991348266602
0.17189755249023442,0.6299661636352539
0.1731144409179688,0.6303838729858399
0.17456021118164067,0.6309083938598633
0.20085110473632817,0.2307323455810547
0.17642941284179692,0.6315425872802735
0.20196118164062504,0.23022022247314455
0.15991177368164067,0.6215290069580078
0.09398236083984379,0.5175518035888672
0.09587445068359379,0.5171073913574219
0.08871044921875004,0.513393783569336
0.08655895996093754,0.5054172515869141
0.08965649414062504,0.5059055328369141
0.12768139648437504,0.15629615783691408
0.08059658813476567,0.5529521942138672
0.09139599609375004,0.5056842803955078
0.13166394042968754,0.15490188598632815
0.08061947631835942,0.5523866653442383
0.09219708251953129,0.5039047241210938
0.13445629882812504,0.15598907470703127
0.1376987915039063,0.22476711273193362
0.1300999145507813,0.16249122619628908
0.13906826782226567,0.22454586029052737
0.1297031860351563,0.15841522216796877
0.14008297729492192,0.22456970214843752
0.1407352905273438,0.2246288299560547
0.14131130981445317,0.2246278762817383
0.07896008300781254,0.5078853607177735
0.1418491821289063,0.2246564865112305
0.07914318847656254,0.508083724975586
0.14245571899414067,0.22470130920410158
0.07752575683593754,0.5093235015869141
0.1430088500976563,0.22471561431884768
0.1432377319335938,0.22477474212646487
0.06170239257812504,0.507025146484375
0.06295361328125004,0.5069793701171875
0.03461041259765629,0.24756660461425783
0.06460156250000004,0.5068553924560547
0.03603710937500004,0.2475475311279297
0.08237042236328129,0.5932315826416016
0.06666912841796879,0.5066608428955078
0.03805889892578129,0.24745979309082033
0.08444561767578129,0.5930427551269531
0.14182629394531254,0.610993766784668
0.1260868530273438,0.3134674072265625
0.06968273925781254,0.5062641143798828
0.04078259277343754,0.24723281860351565
0.07231488037109379,0.5909217834472656
0.14222302246093754,0.6110052108764649
0.1265293579101563,0.3134368896484375
0.07257427978515629,0.5058006286621094
0.04367413330078129,0.24697151184082033
0.14276852416992192,0.6108745574951172
0.12776150512695317,0.31309356689453127
0.04568066406250004,0.554043197631836
0.14406552124023442,0.6105655670166016
0.12963070678710942,0.3125947952270508
0.04832043457031254,0.5544418334960938
0.1319157104492188,0.14539566040039065
0.14659848022460942,0.6103958129882813
0.1321293334960938,0.312139892578125
0.05089916992187504,0.5549549102783203
0.13027539062500004,0.14813079833984377
0.13546719360351567,0.31195869445800783
0.05331768798828129,0.5553745269775391
0.1331974487304688,0.1460613250732422
0.05646099853515629,0.5559810638427735
0.1346470336914063,0.14501991271972658
0.1352268676757813,0.14409484863281252
0.12360729980468754,0.14162483215332033
0.10569348144531254,0.5530165672302246
0.10792126464843754,0.5528534889221192
0.10320629882812504,0.5573405265808106
0.08304943847656254,0.55191650390625
0.015731140136718835,0.18081321716308596
0.015868469238281335,0.1814617156982422
0.016951843261718835,0.18166961669921877
0.018607421875000085,0.1810945510864258
0.022307678222656335,0.17866363525390627
0.023513122558593835,0.17758693695068362
0.018859191894531335,0.19596042633056643
0.031317993164062585,0.22685995101928713
0.026099487304687585,0.22590341567993166
0.021369262695312585,0.22801055908203127
0.013922973632812585,0.23823204040527346
0.11275415039062509,0.5684160232543946
0.09960870361328134,0.1855663299560547
0.016562744140625085,0.23777046203613283
0.11403588867187509,0.5686687469482422
0.10105828857421884,0.18586769104003908
0.07273034667968759,0.20014610290527346
0.014426513671875085,0.23853816986083987
0.11615686035156259,0.5690359115600586
0.10348443603515634,0.18569316864013674
0.07540063476562509,0.1994365692138672
0.11878137207031259,0.5693582534790039
0.10662011718750009,0.18510379791259768
0.07742242431640634,0.19900360107421877
0.058303161621093835,0.21639480590820315
0.12209252929687509,0.5697025299072266
0.11034326171875009,0.18426361083984377
0.07958154296875009,0.19842376708984377
0.057196899414062585,0.21674766540527346
0.12567071533203134,0.5699609756469727
0.11422662353515634,0.18318214416503908
0.0009377441406250853,0.13903274536132815
0.08293084716796884,0.19804992675781252
0.057547851562500085,0.21676292419433596
0.058905883789062585,0.30060615539550783
0.12910394287109384,0.5701831817626953
0.11803369140625009,0.18192996978759768
0.043807312011718835,0.5712875366210938
0.08628778076171884,0.19790115356445315
0.058692260742187585,0.21642723083496096
0.061293884277343835,0.3002819061279297
0.045096679687500085,0.5711063385009766
0.08937768554687509,0.1979717254638672
0.060294433593750085,0.21572341918945315
0.06391458129882821,0.30006256103515627
0.046538635253906335,0.5710014343261719
0.061698242187500085,0.21535530090332033
0.048766418457031335,0.5708106994628906
0.10584191894531259,0.1866497039794922
0.11962060546875009,0.6350187301635742
0.18378381347656259,0.27587070465087893
0.051451965332031335,0.5704788208007813
0.10739831542968759,0.1860832214355469
0.12110070800781259,0.6354831695556641
0.18547753906250009,0.27639617919921877
0.054610534667968835,0.5705398559570313
0.10977868652343759,0.18549194335937502
0.06969384765625009,0.591741943359375
0.12322167968750009,0.6358484268188477
0.18764428710937509,0.276305103302002
0.08597497558593759,0.5647844314575196
0.057997985839843835,0.5708621978759766
0.11279229736328134,0.18488922119140627
0.07302789306640634,0.5898021697998047
0.12557153320312509,0.6360553741455078
0.19002465820312509,0.275823974609375
0.08659677124023446,0.5646242141723633
0.02350167846679696,0.2693695068359375
0.11598901367187509,0.18438758850097658
0.07427911376953134,0.5897926330566406
0.0018475494384766478,0.16724135875701907
0.12813500976562509,0.6361974716186524
0.19286279296875009,0.275056266784668
0.27804498291015634,0.5831769943237305
0.08784036254882821,0.5642923355102539
0.1444809875488282,0.177216911315918
0.023825927734375085,0.26907196044921877
0.11933831787109384,0.18410339355468752
0.24903802490234384,0.49671783447265627
0.07606439208984384,0.5902885437011719
0.010903640747070398,0.17135837078094485
0.12467126464843759,0.6345237731933594
0.19618920898437509,0.2741536140441895
0.2709420166015626,0.5835212707519531
0.38442926025390634,0.20413818359375002
0.08982400512695321,0.5641435623168946
0.14567498779296884,0.17687549591064455
0.025054260253906335,0.26874485015869143
0.2506325683593751,0.4967559814453125
0.07823114013671884,0.5905765533447266
0.13505487060546884,0.2018608093261719
0.012137695312500085,0.17122008800506594
0.19971398925781259,0.27315654754638674
0.2733071289062501,0.5835575103759766
0.3861000976562501,0.20404090881347658
0.09216241455078134,0.5643352508544922
0.14767388916015634,0.1765178680419922
0.026541992187500085,0.2681135177612305
0.2529519042968751,0.49697532653808596
0.08095483398437509,0.5907787322998047
0.13720635986328134,0.20093383789062502
0.01388101196289071,0.17092885971069338
0.20098046875000009,0.27402629852294924
0.2758553466796876,0.5835222244262696
0.3882515869140626,0.20349731445312502
2.9846191406335265e-05,0.2569602966308594
0.09476785278320321,0.5646995544433594
0.15031747436523446,0.176118278503418
0.02768258666992196,0.26718845367431643
0.2557137451171876,0.4972251892089844
0.08414392089843759,0.5912975311279297
0.13969354248046884,0.2000926971435547
0.12897042846679696,0.6587985992431641
0.016219421386718835,0.170411491394043
0.11230783081054696,0.38006105422973635
0.27883843994140634,0.5836071014404297
0.3911049804687501,0.20275726318359377
0.0028603515625000853,0.25673904418945315
0.09780816650390634,0.5651935577392578
0.1532242736816407,0.1755565643310547
0.028792663574218835,0.2663625717163086
0.2586129150390626,0.4975151062011719
0.08752374267578134,0.592108154296875
0.14291314697265634,0.19934692382812502
0.1305649719238282,0.6589168548583985
0.01896218872070321,0.16975297927856448
0.11508111572265634,0.3802026748657227
0.2821267089843751,0.5838254928588867
0.3945534667968751,0.20191993713378908
0.005927368164062585,0.25653972625732424
0.15627221679687509,0.17501583099365237
0.04128579711914071,0.24111595153808596
0.26161126708984384,0.4977592468261719
0.28370599365234384,0.17342414855957033
0.0014794311523438353,0.16719856262207033
0.011965795516967859,0.17988243103027346
0.09117822265625009,0.593014144897461
0.14641503906250009,0.19863357543945315
0.13253717041015634,0.6590007781982422
0.3011544189453126,0.2832359313964844
0.021979614257812585,0.16922774314880373
0.11767129516601571,0.38057794570922854
0.3983681640625001,0.20099773406982424
0.009970947265625085,0.2562297821044922
0.15919808959960946,0.1746238708496094
0.0006936035156250853,0.62686767578125
0.042937561035156335,0.24032630920410158
0.26480035400390634,0.49808349609375
0.004081054687500085,0.1673606872558594
0.013348623275756921,0.1796154022216797
0.09318475341796884,0.5903553009033203
0.14994744873046884,0.19797935485839846
0.13488702392578134,0.6589664459228516
0.30260018920898446,0.2826847076416016
0.025201126098632898,0.1688419818878174
0.4022133789062501,0.19994392395019533
0.0035126647949219603,0.6269001007080078
0.045012756347656335,0.23946418762207033
0.2681649169921876,0.49851646423339846
0.2888863525390626,0.1732200622558594
0.006850524902343835,0.1675609588623047
0.015153690338134851,0.1793407440185547
0.15347222900390634,0.1975273132324219
0.13763742065429696,0.6589111328125
0.30440072631835946,0.2818626403808594
0.028373046875000085,0.16856148242950442
0.00556497192382821,0.6257404327392578
0.047515197753906335,0.23870506286621096
0.2815773925781251,0.5130084991455078
0.009970947265625085,0.1678050994873047
0.017363592147827234,0.1788982391357422
0.15689019775390634,0.19724884033203127
0.1393235168457032,0.656805419921875
0.30691842651367196,0.2809356689453125
0.03143052673339852,0.16844108104705813
0.09204034423828134,0.6219791412353516
0.050223632812500085,0.23800697326660158
0.2835305175781251,0.5128273010253906
0.0019598445892334837,0.552618408203125
0.019883199691772546,0.17839851379394533
0.3098252258300782,0.2800468444824219
0.034255310058593835,0.16845514774322512
0.033225341796875085,0.2172435760498047
0.09230355834960946,0.621522331237793
0.05305795288085946,0.23748626708984377
0.2860177001953126,0.5126480102539063
0.005293174743652429,0.5529579162597656
0.022939725875854577,0.17768325805664065
0.31283502197265634,0.27933540344238283
0.035575195312500085,0.2170137405395508
0.09318475341796884,0.6211112976074219
0.28675775146484384,0.5117210388183594
0.008752389907837,0.5532077789306641
0.02631692504882821,0.17702331542968752
0.31593637084960946,0.2788585662841797
0.033622070312500085,0.45110788345336916
0.2692788085937501,0.7035554885864258
0.3375771484375001,0.5110572814941406
0.038291259765625085,0.21658935546875002
0.09483270263671884,0.6208738327026367
0.1363327941894532,0.23317565917968752
0.28945855712890634,0.5115379333496094
0.01240996932983407,0.5536750793457031
0.0297332248687745,0.1764244079589844
0.3187630615234376,0.2786602020263672
0.3660042724609376,0.7516840934753418
0.034598632812500085,0.45127143859863283
0.27101068115234384,0.7032984733581543
0.3382943115234376,0.5109428405761719
0.0019448242187500853,0.5621866226196289
0.040503784179687585,0.2167076110839844
0.09710244750976571,0.6208642959594727
0.13793115234375009,0.2326826095581055
0.29246453857421884,0.5114540100097656
0.0020974121093750853,0.1773876190185547
0.035743041992187585,0.45151462554931643
0.27322702026367196,0.7031129837036133
0.3392250976562501,0.5107330322265625
0.005378051757812585,0.5624517440795899
0.043845458984375085,0.2162651062011719
0.09984521484375009,0.621212387084961
0.14034204101562509,0.2321332931518555
0.2955239257812501,0.5115665435791016
0.004279418945312585,0.17725410461425783
0.0021508178710938353,0.5473846435546875
0.06793908691406259,0.20510520935058596
0.025168701171875085,0.21611800193786623
0.037070556640625085,0.45183601379394533
0.27589349365234384,0.7029003143310547
0.20773248291015634,0.6037448883056641
0.34059075927734384,0.5104536056518555
0.046958251953125085,0.21583309173583987
0.10291223144531259,0.6217082977294922
0.14340524291992196,0.2315544128417969
0.2985299072265626,0.5116313934326172
0.006614013671875085,0.17707290649414065
0.24548272705078134,0.53092041015625
0.041373535156250085,0.6804489135742188
0.31811456298828134,0.5166725158691406
0.3869088134765626,0.18263282775878908
0.0034478149414063353,0.5474475860595703
0.06931237792968759,0.20506324768066408
0.1907437286376954,0.5583008766174317
0.027701660156250085,0.21431460380554201
0.038626953125000085,0.45226898193359377
0.2762711486816407,0.7011293411254883
0.20853356933593759,0.6038373947143555
0.3424637756347657,0.5101255416870117
0.049857421875000085,0.21558609008789065
0.10585717773437509,0.6214584350585938
0.14668206787109384,0.2309755325317383
0.009238525390625085,0.17684211730957033
0.24617700195312509,0.5313056945800781
0.22979669189453134,0.24068489074707033
0.041915222167968835,0.6804946899414063
0.31982354736328134,0.51688232421875
0.38886956787109384,0.18270339965820315
0.004752441406250085,0.5475620269775391
0.07070092773437509,0.20504798889160158
0.39158563232421884,0.6813663482666016
0.19139604187011727,0.558820390701294
0.040473266601562585,0.4528097152709961
0.26435784912109384,0.6878928184509278
0.2926438293457032,0.3344167709350586
0.20957879638671884,0.6039289474487305
0.22163323974609384,0.33173408508300783
0.34475640869140634,0.5098041534423828
0.34521798706054696,0.13994922637939455
0.14997796630859384,0.23050632476806643
0.19510202026367196,0.5795158386230469
0.24715356445312509,0.5315269470214844
0.23088769531250009,0.24089660644531252
0.042914672851562585,0.6804450988769531
0.3220437011718751,0.5171493530273438
0.39150933837890634,0.18248023986816408
0.006362243652343835,0.5478195190429688
0.07240991210937509,0.20507850646972658
0.39320306396484384,0.6817955017089844
0.19218186950683602,0.5595141887664795
0.025748535156250085,0.4266366004943848
0.26719979858398446,0.687898063659668
0.2909462890625001,0.3337711334228516
0.21102075195312509,0.6039623260498047
0.22291497802734384,0.33176460266113283
0.3472702941894532,0.5097021102905274
0.3473275146484376,0.13932361602783205
0.1532395324707032,0.23017539978027346
0.19580773925781259,0.5792945861816406
0.24877099609375009,0.5316108703613281
0.23236779785156259,0.24096336364746096
0.044562622070312585,0.6802848815917969
0.09345941162109384,0.3304904937744141
0.32321099853515634,0.5167755126953125
0.39457635498046884,0.1821025848388672
0.008109375000000085,0.5481399536132813
0.07456140136718759,0.20514907836914065
0.3951638183593751,0.6823925018310547
0.08226327514648446,0.6722530364990235
0.19303826904296884,0.5601507663726807
0.25148133850097665,0.2159216642379761
0.2700722656250001,0.6880854606628418
0.29353646850585946,0.3333596229553223
0.21334771728515634,0.6039098739624024
0.22484521484375009,0.3317445755004883
0.35023812866210946,0.5097831726074219
0.34994439697265634,0.13864841461181643
0.13524179077148446,0.2398857116699219
0.1968796691894532,0.5790351867675781
0.2507546386718751,0.5315841674804688
0.23451928710937509,0.24086608886718752
0.046958251953125085,0.6801284790039063
0.09516076660156259,0.32994880676269533
0.39773492431640634,0.18173255920410158
0.010024353027343835,0.5485214233398438
0.07696466064453134,0.20529022216796877
0.3979905090332032,0.6847175598144531
0.08279733276367196,0.672115707397461
0.10943536376953134,0.37096633911132815
0.19424562072753915,0.5606743335723877
0.2532399139404298,0.21619548797607424
0.3742135009765626,0.7247909545898438
0.29606942749023446,0.33307638168334963
0.22701196289062509,0.33169307708740237
0.35342340087890634,0.13709487915039065
0.19815759277343759,0.578792953491211
0.2531807861328126,0.531460189819336
0.23701409912109384,0.24065628051757815
0.049865051269531335,0.6799530029296875
0.09751824951171884,0.32922019958496096
0.4009774169921876,0.18132629394531252
0.012549682617187585,0.5490592956542969
0.07994012451171884,0.20545806884765627
0.40029840087890634,0.6848262786865235
0.08405999755859384,0.6719860076904297
0.11051492309570321,0.37080230712890627
0.19601564025878915,0.5611523628234864
0.2542927703857423,0.21641352176666262
0.3759835205078126,0.7314633369445801
0.22974328613281259,0.33167400360107424
0.1995499572753907,0.578457260131836
0.20714501953125009,0.5165275573730469
0.25617913818359384,0.5312503814697266
0.23998956298828134,0.24040832519531252
0.053000732421875085,0.6798404693603516
0.10052423095703134,0.3284629821777344
0.015517517089843835,0.5496963500976563
0.08325891113281259,0.20560302734375002
0.40281991577148446,0.6849769592285156
0.08591012573242196,0.6719974517822266
0.11211709594726571,0.3707126617431641
0.1983578643798829,0.5616299152374268
0.25660829162597665,0.21641411781311037
0.19171075439453134,0.5702976226806641
0.2407486877441407,0.19763031005859377
0.20827416992187509,0.5167545318603516
0.25736932373046884,0.5318683624267578
0.24369744873046884,0.24011268615722658
0.24943332290649423,0.5709213256835938
0.056456848144531335,0.6797088623046875
0.09881524658203134,0.3286174774169922
0.019065185546875085,0.5504135131835938
0.08839730834960946,0.6721061706542969
0.11421517944335946,0.3706268310546875
0.2011807403564454,0.5620597839355469
0.2592862091064454,0.21617951393127444
0.019500061035156335,0.6636170387268067
0.19302682495117196,0.5695194244384766
0.2424271545410157,0.19713630676269533
0.20944146728515634,0.5168861389160156
0.2500694236755372,0.5709117889404297
0.059882446289062585,0.6796077728271485
0.10201196289062509,0.3278202056884766
0.11689691162109384,0.37066307067871096
0.2040818176269532,0.5624274253845215
0.2622120819091798,0.21585597991943362
0.013251586914062585,0.6609453201293946
0.2799904785156251,0.7485913276672364
0.19548348999023446,0.5694717407226563
0.24454431152343759,0.19658889770507815
0.21060113525390634,0.516943359375
0.21736840820312509,0.23349990844726565
0.2513397178649903,0.5707935333251953
0.10528497314453134,0.32712783813476565
0.12001351928710946,0.3707736968994141
0.20719842529296884,0.5627638339996338
0.26524285888671884,0.21552934646606448
0.059531494140625085,0.2623679876327515
0.2799294433593751,0.7483023643493653
0.025931640625000085,0.7065176010131836
0.06928186035156259,0.41796436309814455
0.2530129394531251,0.5561365127563477
0.28272943115234384,0.5885499954223633
0.1983292541503907,0.5696453094482422
0.24683312988281259,0.19608154296875002
0.21214990234375009,0.5168460845947266
0.21866540527343759,0.2333854675292969
0.253170057296753,0.570562744140625
0.3053393802642823,0.21077766418457033
0.10830621337890634,0.3266147613525391
0.2104123077392579,0.5631155014038086
0.26824884033203134,0.21515550613403323
0.00025872802734383527,0.6598221302032471
0.060797973632812585,0.2622424602508545
0.2802803955078126,0.7480401039123535
0.026419921875000085,0.706485652923584
0.06996850585937509,0.417878532409668
0.2537606201171876,0.5559734344482422
0.2845681152343751,0.18673458099365237
0.28372506713867196,0.5885509490966797
0.19418267822265634,0.5612129211425781
0.24923638916015634,0.1955913543701172
0.21415643310546884,0.5166419982910156
0.22039727783203134,0.23319282531738283
0.2555306396484376,0.5705188751220703
0.3070047340393067,0.21040191650390627
0.2713215789794923,0.21487858295440676
0.0023415527343750853,0.6599735260009766
0.06277398681640634,0.2617649078369141
0.23279504394531259,0.7276567459106446
0.028067871093750085,0.7064951896667481
0.07140283203125009,0.4177145004272461
0.12453012084960946,0.6765955924987793
0.13672189331054696,0.3661865234375
0.10024194335937509,0.19210567474365237
0.2520821533203126,0.5544981002807617
0.2857125244140626,0.186677360534668
0.2849953613281251,0.5885404586791992
0.25193719482421884,0.19521369934082033
0.21656732177734384,0.5163978576660156
0.22254876708984384,0.23295059204101565
0.2581711254119874,0.5707172393798828
0.30920605278015145,0.2101310729980469
0.004607482910156335,0.6602684497833252
0.06524591064453134,0.2611685037612915
0.22527246093750009,0.7239412307739258
0.07407312011718759,0.41770401000976565
0.12407998657226571,0.6764754295349121
0.1362717590332032,0.3661641120910645
0.11728219604492196,0.546458625793457
0.10046701049804696,0.19219245910644533
0.2540505371093751,0.5547994613647461
0.2877572021484376,0.18655433654785158
0.2867348632812501,0.5884555816650391
0.3536293945312501,0.21428623199462893
0.25451593017578134,0.19504776000976565
0.21929864501953134,0.516079330444336
0.22508935546875009,0.23264732360839846
0.26089338874816903,0.57108154296875
0.3118989906311036,0.20995559692382815
0.006919189453125085,0.6606103420257569
0.06809167480468759,0.2602743148803711
0.12428216552734384,0.6763757705688477
0.13628320312500009,0.3660930633544922
0.37313775634765634,0.28061714172363283
0.11772470092773446,0.5465578079223633
0.10142449951171884,0.19224109649658205
0.2545083007812501,0.5539306640625
0.2893593750000001,0.18659439086914065
0.28901605224609384,0.5883106231689453
0.3552163085937501,0.21385707855224612
0.22229699707031259,0.5157760620117188
0.22799615478515634,0.23232116699218752
0.26337127304077157,0.5713905334472656
0.3146748981475831,0.20985450744628908
0.009612365722656335,0.6611734867095947
0.07091455078125009,0.25936439037323
0.12491540527343759,0.6762808799743653
0.13685540771484384,0.36599435806274416
0.11870507812500009,0.5468267440795899
0.10268334960937509,0.1922639846801758
0.2576821289062501,0.5542463302612305
0.2923195800781251,0.18612136840820315
0.2914650878906251,0.5884298324584961
0.35737542724609384,0.21340026855468752
0.21818475341796884,0.5204967498779297
0.23148278808593759,0.23193969726562502
0.3174081287384034,0.2097972869873047
0.21777276611328134,0.6037525177001953
0.2745278320312501,0.30057754516601565
0.07390527343750009,0.258585000038147
0.12605218505859384,0.6762312889099121
0.1380265197753907,0.36588230133056643
0.12042550659179696,0.5472253799438477
0.10476998901367196,0.19208755493164065
0.2610238037109376,0.5545219421386719
0.2951271972656251,0.1853965759277344
0.29400949096679696,0.588817024230957
0.36000375366210946,0.21299018859863283
0.23532800292968759,0.23161354064941408
0.3053243598937989,0.22044982910156252
0.21841363525390634,0.6039794921875
0.27473382568359384,0.30080451965332033
0.12770013427734384,0.6762250900268555
0.13960580444335946,0.3657993316650391
0.12315682983398446,0.5478357315063477
0.10733346557617196,0.19176330566406252
0.2980568847656251,0.18500843048095705
0.3627541503906251,0.21275844573974612
0.2929299316406251,0.6095737457275391
0.21961907958984384,0.6042160034179688
0.2757332763671876,0.30100479125976565
0.12974862670898446,0.6762799263000489
0.14171533203125009,0.36575069427490237
0.27871636962890634,0.3871301651000977
0.12674645996093759,0.5481657028198242
0.11046914672851571,0.1913618087768555
0.3009102783203126,0.18473091125488283
0.35974053955078134,0.22371616363525393
0.2939217529296876,0.6092456817626953
0.22121362304687509,0.6044563293457031
0.27731256103515634,0.3011974334716797
0.27551202392578134,0.661434555053711
0.17159204101562509,0.24896290302276614
0.13239984130859384,0.6764387130737305
0.1444046936035157,0.36574497222900393
0.27964715576171884,0.38677825927734377
0.11411599731445321,0.19117393493652346
0.24780969238281259,0.2034343719482422
0.39442376708984384,0.540411376953125
0.2952950439453126,0.6089042663574219
0.22329644775390634,0.6047176361083985
0.27925042724609384,0.3013481140136719
0.27533273315429696,0.6613601684570313
0.30995111083984384,0.3328765869140625
0.08001832580566415,0.5511423587799072
0.1357987365722657,0.6767491340637207
0.14767770385742196,0.36580696105957033
0.28105096435546884,0.38666477203369143
0.39500741577148446,0.5403732299804688
0.09589318847656259,0.49733772277832033
0.2941506347656251,0.6083549499511719
0.33463983154296884,0.253759765625
0.22587518310546884,0.6049388885498047
0.28178338623046884,0.30143394470214846
0.27575997924804696,0.6613410949707031
0.30998544311523446,0.3329032897949219
0.07994584655761727,0.5510581970214844
0.10976724243164071,0.2733550310134888
0.22965173339843759,0.6964553833007813
0.39594964599609384,0.5403179168701172
0.09604577636718759,0.4972232818603516
0.29621820068359384,0.607906723022461
0.33598260498046884,0.25329246520996096
0.2847359619140626,0.3015045166015625
0.2767746887207032,0.6613525390625
0.31051568603515634,0.33289756774902346
0.08056192016601571,0.5509280204772949
0.11005906677246102,0.27324464321136477
0.22943811035156259,0.6962017059326172
0.23305444335937509,0.3749269485473633
0.3971360168457032,0.5401519775390625
0.09639672851562509,0.49698867797851565
0.09898690795898446,0.24737396240234377
0.13304619407653817,0.584356689453125
0.15553788757324227,0.2791618347167969
0.29869012451171884,0.6074432373046875
0.3377907714843751,0.2526439666748047
0.27812127685546884,0.6613296508789063
0.31163339233398446,0.3328441619873047
0.08152513122558602,0.5508040428161621
0.1109250030517579,0.27308990955352785
0.22940759277343759,0.6958450317382813
0.23247460937500009,0.37461223602294924
0.3977578125000001,0.5393489837646485
0.09723596191406259,0.49672927856445315
0.09985284423828134,0.24712409973144533
0.13297109222412118,0.5842918395996094
0.1552825412750245,0.2791351318359375
0.3001931152343751,0.6024917602539063
0.33998040771484384,0.2520469665527344
0.27972344970703134,0.6613239288330078
0.31300286865234384,0.33273162841796877
0.08276872253417977,0.5506743431091309
0.1120846710205079,0.2729679584503174
0.22971276855468759,0.6954888343811035
0.23216943359375009,0.37427558898925783
0.11357812500000009,0.26450290679931643
0.3991921386718751,0.5391582489013672
0.09845285034179696,0.49649658203125
0.10095147705078134,0.24696388244628908
0.1336613140106202,0.5842403411865235
0.15578226661682137,0.2790836334228516
0.34213189697265634,0.25162353515625
0.28177194213867196,0.6613716125488281
0.31498651123046884,0.3325962066650391
0.08441285705566415,0.5506099700927735
0.11366586303710946,0.2728853464126587
0.23021630859375009,0.6951717376708985
0.23219995117187509,0.37390842437744143
0.14617089843750009,0.5125469207763672
0.07891778564453134,0.5904916763305664
0.11400537109375009,0.2644962310791016
0.40104608154296884,0.5391220092773438
0.10003976440429696,0.4963230133056641
0.10232858276367196,0.2468742370605469
0.13469175910949716,0.584234619140625
0.15686039543151864,0.27903404235839846
0.3441079101562501,0.25145759582519533
0.2843697509765626,0.6615146636962891
0.31735162353515634,0.33247032165527346
0.08667306518554696,0.5506741046905518
0.11579637145996102,0.27293994426727297
0.18785028076171884,0.636659049987793
0.23971490478515634,0.25049986839294436
0.23091821289062509,0.6948613166809082
0.23255090332031259,0.3735064506530762
0.14710168457031259,0.5125288009643555
0.07988671875000009,0.5905403137207031
0.11490182495117196,0.2644094467163086
0.40259103393554696,0.5386375427246094
0.10197381591796884,0.49621047973632815
0.10422067260742196,0.24686279296875002
0.13617162322998055,0.5843090057373047
0.15841345405578622,0.27903213500976565
0.3199990234375001,0.3324131011962891
0.11837510681152352,0.27319529056549074
0.24044732666015634,0.25054254531860354
0.23198632812500009,0.6945570945739746
0.23322229003906259,0.3731130599975586
0.14823083496093759,0.5123762130737305
0.14391259765625009,0.22501506805419924
0.08122567749023446,0.5906890869140625
0.11619882202148446,0.2643169403076172
0.10454110717773446,0.49619903564453127
0.10654000854492196,0.2469352722167969
0.13814215278625497,0.5844806671142578
0.1602716884613038,0.2790836334228516
0.3229134521484376,0.3323406219482422
0.11592797851562509,0.2709770441055298
0.24177484130859384,0.25065293312072756
0.23334436035156259,0.6942910194396973
0.23419885253906259,0.3727115631103516
0.14971093750000009,0.5121644973754883
0.14513330078125009,0.22483386993408205
0.08299951171875009,0.5909399032592774
0.11793450927734384,0.2642520904541016
0.10964135742187509,0.24720230102539065
0.1405880889892579,0.5848068237304688
0.16250590896606454,0.27921714782714846
0.24365167236328134,0.25079121589660647
0.23488549804687509,0.6940421104431153
0.23540429687500009,0.3722881317138672
0.2692978820800782,0.5434459686279297
0.32490472412109384,0.19765605926513674
0.15132836914062509,0.512034797668457
0.14678125000000009,0.22467746734619143
0.08521203613281259,0.5913003921508789
0.11997918701171884,0.2642110824584961
0.11313180541992196,0.24764862060546877
0.14356784439086923,0.585232162475586
0.16530232048034676,0.27932205200195315
0.24560479736328134,0.2509047031402588
0.23654870605468759,0.6938446998596192
0.23668603515625009,0.37191429138183596
0.31712655639648446,0.675843620300293
0.26873712158203134,0.5428327560424805
0.3249886474609376,0.1976961135864258
0.15335778808593759,0.511903190612793
0.14879541015625009,0.224488639831543
0.08783654785156259,0.5917800903320313
0.12235574340820321,0.26427497863769533
0.16873578643798837,0.27962722778320315
0.24771051025390634,0.2508853912353516
0.23837976074218759,0.6936668395996094
0.23804406738281259,0.371555233001709
0.3172409973144532,0.6758321762084961
0.3295243225097657,0.3824976921081543
0.2697403869628907,0.5429023742675781
0.3254921875000001,0.19776191711425783
0.15595178222656259,0.5118173599243164
0.15126733398437509,0.22428359985351565
0.12508325195312509,0.2644371032714844
0.1720524272918702,0.27990188598632815
0.11651544189453134,0.5681175231933594
0.14935235595703134,0.2878612518310547
0.24969415283203134,0.25097455978393557
0.24042443847656259,0.6935166358947754
0.23967675781250009,0.3712061882019043
0.3176491699218751,0.675761604309082
0.3295243225097657,0.3824314117431641
0.2710831604003907,0.5429595947265625
0.3263047180175782,0.1977256774902344
0.15434960937500009,0.22422065734863283
0.12837152099609384,0.2647575378417969
0.11680535888671884,0.5676025390625
0.14868859863281259,0.28743782043457033
0.24815301513671884,0.25282289981842043
0.24272851562500009,0.6933816909790039
0.24146203613281259,0.3708671569824219
0.3184617004394532,0.6756361961364746
0.3299515686035157,0.3823002815246582
0.27282647705078134,0.5430702209472656
0.3276741943359376,0.19760169982910158
0.15784387207031259,0.22439422607421877
0.11764459228515634,0.5671314239501953
0.14935235595703134,0.28687324523925783
0.24524621582031259,0.6932124137878418
0.24335412597656259,0.3704732894897461
0.31970147705078134,0.6754807472229004
0.33088616943359384,0.3821271896362305
0.27479486083984384,0.543183708190918
0.3292954406738282,0.19745769500732424
0.11864404296875009,0.5667308807373047
0.15035180664062509,0.2864383697509766
0.21444635009765634,0.5531257629394531
0.24661950683593759,0.6936806678771973
0.24555139160156259,0.3700460433959961
0.32139520263671884,0.6753362655639649
0.3322709045410157,0.38194026947021487
0.3310463867187501,0.1973594665527344
0.12012414550781259,0.5665191650390625
0.15166406250000009,0.28615798950195315
0.21457223510742196,0.5529374122619629
0.24779443359375009,0.3697074890136719
0.3232491455078126,0.6752146720886231
0.3341439208984376,0.3817495346069336
0.33303765869140634,0.19727554321289065
0.12205438232421884,0.5665172576904297
0.15343408203125009,0.28611221313476565
0.21453599548339852,0.5525201797485352
0.30751161193847665,0.22978093624114992
0.24921350097656259,0.3694972038269043
0.32568292236328134,0.6750973701477051
0.3363450012207032,0.3815621376037598
0.33513192749023446,0.1971305847167969
0.12438134765625009,0.5667442321777344
0.15529565429687509,0.28622283935546877
0.13314752197265634,0.12512722015380862
0.13364343261718759,0.12514343261718752
0.14948968505859384,0.43955554962158205
0.13481835937500009,0.125550651550293
0.15114526367187509,0.43996467590332033
0.13684014892578134,0.12597122192382815
0.14222364044189462,0.23565521240234377
0.15352563476562509,0.44051303863525393
0.13937310791015634,0.12626399993896487
0.15313629722595223,0.6248859405517578
0.14311413383483895,0.2356742858886719
0.15633325195312509,0.44089927673339846
0.14221887207031259,0.12631263732910158
0.15408734893798837,0.625027084350586
0.1443286380767823,0.23551216125488283
0.04173593139648446,0.6246437072753906
0.15932397460937509,0.44119873046875
0.14336328125000009,0.12679328918457033
0.15538243865966805,0.6253570556640625
0.14574365234375009,0.23504295349121096
0.042739196777343835,0.6241668701171875
0.16233758544921884,0.441229248046875
0.15700273132324227,0.6258319854736328
0.14740328407287606,0.2343639373779297
0.04355172729492196,0.6238101959228516
0.1582725486755372,0.6260055541992188
0.14938931083679208,0.23371734619140627
0.045920654296875085,0.6231216430664063
0.15212969398498544,0.6227821350097656
0.1503065071105958,0.2337993621826172
0.04950265502929696,0.6230148315429688
0.05294351196289071,0.623165512084961
0.17581872558593759,0.449921989440918
0.047843261718750085,0.630010986328125
0.0037339172363282103,0.25414505004882815
0.08958463287353524,0.2198591470718384
0.1027462921142579,0.5679422855377197
0.09037475204467782,0.21924498081207278
0.33981256103515634,0.1039756774902344
0.10561208343505868,0.5681003570556641
0.09296421623229989,0.2186837434768677
0.3094399414062501,0.42285861968994143
0.33994989013671884,0.1034120559692383
0.0008767089843750853,0.635260009765625
0.10940579986572274,0.5684744358062744
0.09651093101501473,0.21800282001495364
0.17201928710937509,0.305881404876709
0.29545526123046884,0.41916694641113283
0.3409188232421876,0.10302009582519533
0.0036004028320313353,0.6350921630859375
0.19858102416992196,0.20190277099609377
0.11331848716735848,0.5689739227294922
0.10030798530578622,0.21753826141357424
0.2943337402343751,0.41748943328857424
0.34275750732421884,0.10269298553466799
0.3034897289276124,0.24052467346191408
0.006278320312500085,0.6351760864257813
0.19715051269531259,0.20182075500488283
0.11698798751831063,0.5693503856658936
0.10419206237792977,0.21716895103454592
0.07855920410156259,0.32515850067138674
0.2965310058593751,0.41764297485351565
0.34512261962890634,0.10261001586914065
0.3040724239349366,0.24042930603027346
0.008673950195312585,0.6353858947753906
0.1964829406738282,0.20204963684082033
0.12114243125915536,0.5700913906097412
0.10819606399536141,0.21677186489105227
0.3119576416015626,0.6647891044616699
0.08045129394531259,0.3248752593994141
0.29872064208984384,0.4178508758544922
0.34742669677734384,0.1028923034667969
0.3166251621246339,0.5944961547851563
0.305169626235962,0.24046936035156252
0.010764404296875085,0.6353248596191406
0.1965744934082032,0.20229949951171877
0.1252360782623292,0.5708259582519531
0.09534363365173348,0.22688331604003908
0.3132698974609376,0.6651362419128418
0.08270959472656259,0.3247283935546875
0.29907159423828134,0.41767444610595705
0.3502419433593751,0.10285701751708987
0.31822137451171884,0.5947288513183594
0.30718831634521493,0.2405132293701172
0.2866929016113282,0.5847419738769531
0.19744805908203134,0.20260086059570315
0.3114235839843751,0.6640924453735352
0.08501367187500009,0.32451858520507815
0.30039910888671884,0.4196332931518555
0.3202798805236817,0.5951255798339844
0.3089414081573487,0.24062957763671877
0.26829843139648446,0.5737651824951172
0.1993210754394532,0.20294227600097658
0.00044564819335946027,0.7330364227294922
0.1407883605957032,0.2547906875610352
0.3223336181640626,0.5955394744873047
0.31067137336730966,0.2408164978027344
0.2593300781250001,0.5719379425048828
0.20199517822265634,0.2030986785888672
0.0032303771972657103,0.7346519470214844
0.30859689331054696,0.24191322326660158
0.2490036926269532,0.5693363189697266
0.20513085937500009,0.20302429199218752
0.0007660827636719603,0.7333892822265625
0.37747125244140634,0.09338893890380862
0.30308823204040536,0.5882381439208985
0.31186036682128915,0.24175300598144533
0.23628549194335946,0.566677474975586
0.20825128173828134,0.2026695251464844
0.21200494384765634,0.566900634765625
0.21124963378906259,0.20223655700683596
0.12241677856445321,0.17605903148651125
0.06653527832031259,0.3032716751098633
0.2623093566894532,0.5541824340820313
0.15924005126953134,0.551820182800293
0.12407235717773446,0.1757021188735962
0.06848840332031259,0.3032278060913086
0.25378350830078134,0.5310501098632813
0.10539941406250009,0.27970161437988283
0.16098718261718759,0.5523475646972656
0.12622003173828134,0.1754309177398682
0.07483605957031259,0.6453207969665528
0.07089929199218759,0.3031915664672852
0.17700175857543954,0.15459480285644533
0.09932641601562509,0.28302993774414065
0.16322640991210946,0.5528310775756836
0.1288102111816407,0.1752668857574463
0.07717065429687509,0.6455720901489258
0.07257775878906259,0.3028153419494629
0.010978027343750085,0.6587227821350098
0.17938141441345223,0.15391578674316408
0.09719018554687509,0.28316535949707033
0.06988434410095223,0.3257265329360962
0.16631250000000009,0.5533894538879395
0.13182763671875009,0.17494060993194582
0.08016137695312509,0.6459292411804199
0.07558374023437509,0.30266799926757815
0.011145874023437585,0.6586250305175781
0.2852118453979493,0.5291828155517578
0.18442968940734872,0.1539644241333008
0.19166497802734384,0.413214111328125
0.19105462646484384,0.12008419036865237
0.09117059326171884,0.2845920562744141
0.10380367851257333,0.5603443622589112
0.07134584999084481,0.3257255792617798
0.16978387451171884,0.5540398597717285
0.13312463378906259,0.17590012550354006
0.08341149902343759,0.6463092803955078
0.07862023925781259,0.3023075103759766
0.3847115478515626,0.5872963905334473
0.011710449218750085,0.6586774826049805
0.2864327869415284,0.5304721832275391
0.19062451934814462,0.15481128692626955
0.19362573242187509,0.41347446441650393
0.19284753417968759,0.12026824951171877
0.1305478057861329,0.13960113525390627
0.07797174072265634,0.2889408111572266
0.13756494140625009,0.21403541564941408
0.10551433181762704,0.5598682403564453
0.07294301605224618,0.32591392993927004
0.08658532714843759,0.6466650009155274
0.3864815673828126,0.5875853538513184
0.012198730468750085,0.658908748626709
0.2892075023651124,0.5318826675415039
0.19656042671203622,0.15512599945068362
0.19602136230468759,0.41381301879882815
0.19499902343750009,0.12043418884277346
0.12002305603027352,0.14178314208984377
0.13938073730468759,0.2138999938964844
0.11196808433532723,0.5586391925811768
0.3901131591796876,0.587896728515625
0.013022705078125085,0.6594261169433594
0.2888269863128663,0.530910873413086
0.2013349971771241,0.15527000427246096
0.19879846191406259,0.4142641067504883
0.19773797607421884,0.1206840515136719
0.2508805236816407,0.47497215270996096
0.11648683166503915,0.13927974700927737
0.16726617431640634,0.5557693481445313
0.14208917236328134,0.21393814086914065
0.3941109619140626,0.5880998611450196
0.015189453125000085,0.6601385116577149
0.29302982902526864,0.5325225830078125
0.2052877388000489,0.15542163848876955
0.20173577880859384,0.41472949981689455
0.20063714599609384,0.12096252441406252
0.2532017669677735,0.476446533203125
0.04872445678710946,0.453741455078125
0.16947869873046884,0.5560249328613281
0.14540032958984384,0.21421470642089846
0.09556130981445321,0.7253307342529297
0.12956170654296884,0.4204601287841797
0.016089721679687585,0.6585587501525879
0.29718141174316415,0.5340522766113281
0.20977477645874032,0.15562000274658205
0.20478753662109384,0.41524829864501955
0.20367364501953134,0.12119426727294924
0.25630311584472665,0.47809734344482424
0.11884860610961923,0.47845306396484377
0.049849792480468835,0.45345726013183596
0.10383920288085946,0.17368164062500002
0.17301110839843759,0.5566867828369141
0.14896325683593759,0.21444740295410158
0.09749917602539071,0.7257064819335938
0.13131646728515634,0.4207977294921875
0.17833642578125009,0.6137918472290039
0.20815972900390634,0.41578521728515627
0.20712213134765634,0.1213716506958008
0.25967721557617196,0.4798635482788086
0.12001423454284676,0.47863235473632815
0.1403608760833741,0.2162803649902344
0.051688476562500085,0.4537815093994141
0.10504083251953134,0.1739067077636719
0.17688684082031259,0.5574535369873047
0.15238885498046884,0.21445312500000002
0.09979180908203134,0.7261356353759766
0.13353280639648446,0.42107429504394533
0.21188287353515634,0.41619052886962893
0.2526791534423829,0.4739259719848633
0.1225066623687745,0.4788688659667969
0.14313940620422372,0.21671524047851565
0.054122253417968835,0.45438804626464846
0.10667352294921884,0.17439880371093752
0.18072442626953134,0.5582431793212891
0.15120629882812509,0.21636047363281252
0.10237054443359384,0.726436996459961
0.13614205932617196,0.42112007141113283
0.12586621856689462,0.4790519714355469
0.1460364303588868,0.21757545471191408
0.05689553833007821,0.45501556396484377
0.10901193237304696,0.17489471435546877
0.10512475585937509,0.7265819549560547
0.1389573059082032,0.42098846435546877
0.060195251464843835,0.5596260070800781
0.012793823242187585,0.2230419158935547
0.13018850898742684,0.47907676696777346
0.07958154296875009,0.2874778747558594
0.06000833129882821,0.45553245544433596
0.11228494262695321,0.1753868103027344
0.10792474365234384,0.7266944885253906
0.1420548400878907,0.42080535888671877
0.37988214111328134,0.5501669883728028
0.0620511016845704,0.5603527069091797
0.015158935546875085,0.22240676879882815
0.07920007324218759,0.2874168395996094
0.06408624267578134,0.455999755859375
0.11638574218750009,0.17602005004882815
0.11146478271484384,0.7267459869384766
0.14333276367187509,0.4217552185058594
0.3802559814453126,0.5497173309326172
0.3711159667968751,0.2737916946411133
0.008170410156250085,0.30170907974243166
0.15945367431640634,0.1665061950683594
0.06495217895507821,0.5606884002685547
0.01787118530273446,0.22141494750976565
0.06684808349609384,0.2937931060791016
0.38211373901367196,0.5493947505950928
0.3137886962890626,0.22979929447174074
0.3499062500000001,0.6040495872497559
0.010230346679687585,0.3008908271789551
0.23253564453125009,0.5217193603515625
0.16129235839843759,0.16673126220703127
0.06876687622070321,0.5609764099121094
0.020917221069336023,0.22048034667968752
0.38571481323242196,0.5489529609680176
0.3163063964843751,0.22952129840850832
0.3513710937500001,0.6037649154663086
0.3125679931640626,0.2717899322509766
0.009131713867187585,0.2975772857666016
0.22588281250000009,0.5146602630615235
0.16410760498046884,0.1671775817871094
0.07273416137695321,0.56131591796875
0.02463082885742196,0.21970787048339846
0.39120797729492196,0.5497855186462403
0.31895379638671884,0.22950007915496828
0.3536446533203126,0.6035894393920899
0.3138649902343751,0.27202787399291994
0.010764404296875085,0.2975157737731934
0.3710701904296876,0.2514866828918457
0.3814633331298829,0.535350227355957
0.22835473632812509,0.5156253814697266
0.16754846191406259,0.16772117614746096
0.0755093536376954,0.5610603332519531
0.028617187500000085,0.21905174255371096
0.3784554443359376,0.5974906921386719
0.39770440673828134,0.5508955955505371
0.28929071044921884,0.23201324939727785
0.3553994140625001,0.6032432556152344
0.3156655273437501,0.2717598915100098
0.012748046875000085,0.29741754531860354
0.3776925048828126,0.6429370880126953
0.009681030273437585,0.3224328994750977
0.1764610252380372,0.2083009719848633
0.38230828857421884,0.536418342590332
0.23208551025390634,0.5173267364501953
0.17082910156250009,0.16800537109375002
0.07944993591308602,0.5611709594726563
0.032798095703125085,0.21830406188964846
0.3743355712890626,0.5970958709716797
0.40336923217773446,0.5520981788635254
0.3583443603515626,0.6032217979431153
0.3143685302734376,0.2723087310791016
0.015250488281250085,0.2973932266235352
0.3734658203125001,0.6345905303955078
0.009467407226562585,0.3221582412719727
0.21769361114501962,0.4256013870239258
0.37414674377441415,0.540934944152832
0.021981521606445398,0.15849819183349612
0.23667077636718759,0.5190929412841797
0.17422418212890634,0.16802062988281252
0.08353356933593759,0.5611995697021485
0.030822082519531335,0.5316814422607422
0.3606942138671876,0.6032866477966309
0.017829223632812585,0.297514820098877
0.010047241210937585,0.32170953750610354
0.2182872734069825,0.42469444274902346
0.02421121215820321,0.15899314880371096
0.24124078369140634,0.5207370758056641
0.17800073242187509,0.1679252624511719
0.032492919921875085,0.5315326690673828
0.057700439453125085,0.2510112762451172
0.3638680419921876,0.6032818794250489
0.020514770507812585,0.29755487442016604
0.3463204345703126,0.5563067436218262
0.010840698242187585,0.32117404937744143
0.21879438972473153,0.4238590240478516
0.026025100708007898,0.15905513763427737
0.24505548095703134,0.5217823028564453
0.12817315673828134,0.251898193359375
0.2747414550781251,0.59268798828125
0.034362121582031335,0.5318130493164063
0.059531494140625085,0.2512401580810547
0.3644326171875001,0.6021045684814453
0.3514321289062501,0.5314277648925781
0.011725708007812585,0.32027711868286135
0.2183614215850831,0.42188777923583987
0.24936608886718759,0.5225452423095703
0.22575692749023446,0.5845951080322266
0.13072900390625009,0.25109329223632815
0.27731256103515634,0.5932754516601563
0.036780639648437585,0.5322975158691406
0.061545654296875085,0.25162353515625
0.21833757972717294,0.4209598541259766
0.23026971435546884,0.5854228973388672
0.13367013549804696,0.25064888000488283
0.07733850097656259,0.2907451629638672
0.27920465087890634,0.5933708190917969
0.039450927734375085,0.5327800750732422
0.06393365478515634,0.2520183563232422
0.218560739517212,0.42258777618408205
0.23494271850585946,0.5868076324462891
0.13445214843750009,0.25017967224121096
0.042533203125000085,0.5331825256347656
0.2393906555175782,0.5879043579101563
0.045935913085937585,0.53348388671875
0.040084167480468835,0.6410373687744141
0.09440545654296884,0.42463531494140627
0.24339990234375009,0.5888313293457031
0.04119424438476571,0.6407989501953125
0.09711770629882821,0.425054931640625
0.24626473999023446,0.58963623046875
0.010932250976562585,0.6755451202392578
0.049369140625000085,0.29978218078613283
0.012915893554687585,0.6761287689208985
0.038672729492187585,0.3035606384277344
0.2893593750000001,0.2757128715515137
0.015914245605468835,0.6767601013183594
0.017485900878906335,0.3136314392089844
0.2887185058593751,0.2745684623718262
0.2978146514892579,0.24992027282714846
0.01143197631835946,0.5603851318359375
0.014067932128906335,0.6745227813720703
0.2748177490234376,0.34627571105957033
0.24310235595703134,0.4752353668212891
0.24156884765625009,0.1774944305419922
0.29972962951660165,0.24980964660644533
0.013427062988281335,0.5602039337158203
0.2768929443359376,0.3462223052978516
0.24614648437500009,0.4753726959228516
0.24458245849609384,0.17756690979003908
0.30192689514160165,0.24961509704589846
0.01578836059570321,0.5600074768066406
0.3261940917968751,0.5376657485961914
0.2792122802734376,0.346258544921875
0.34076122856140145,0.18769016265869143
0.24950341796875009,0.47564163208007815
0.24799279785156259,0.17765274047851565
0.3042805633544923,0.24931182861328127
0.01835183715820321,0.5597061157226563
0.2504494628906251,0.5067821979522705
0.3289406738281251,0.5374163627624512
0.2820198974609376,0.3463295936584473
0.34036545372009286,0.18773498535156252
0.25292901611328134,0.4760917663574219
0.25143365478515634,0.17784156799316408
0.3069966278076173,0.24895324707031252
0.020943923950195398,0.5591606140136719
0.24836663818359384,0.5073641777038574
0.3324196777343751,0.5368842124938965
0.2829812011718751,0.34623565673828127
0.3401751956939698,0.18790950775146487
0.28475885009765634,0.5003694534301758
0.2797291717529298,0.2890209197998047
0.2564003906250001,0.4766448974609375
0.25488214111328134,0.1780723571777344
0.2979672393798829,0.25363960266113283
0.023824020385742273,0.5581993103027344
0.3720162353515626,0.5319980621337891
0.40051202392578134,0.24974861145019533
0.3362038574218751,0.5361298561096192
0.28572396850585946,0.5007795333862305
0.2599709472656251,0.47713890075683596
0.2586739501953126,0.1781639099121094
0.02656869506835946,0.5571884155273438
0.37382440185546884,0.5321468353271485
0.4023507080078126,0.24981155395507815
0.28712586975097665,0.501104736328125
0.2556870422363282,0.28992500305175783
0.26359490966796884,0.47745933532714846
0.3757088623046876,0.5321296691894531
0.28962640380859384,0.5012706756591797
0.37835626220703134,0.532009506225586
0.38812570190429696,0.23953201770782473
0.29188851928710946,0.5011981964111328
0.10700158691406259,0.3210147857666016
0.3806374511718751,0.5318988800048828
0.38874749755859384,0.23997595310211184
0.2945645294189454,0.5009492874145508
0.15534143066406259,0.31030120849609377
0.12107019042968759,0.6526435852050781
0.10763482666015634,0.32169189453125
0.3830941162109376,0.5316967010498047
0.34480218505859384,0.5561918258666992
0.38940744018554696,0.24062135219573977
0.3285744628906251,0.2088502883911133
0.2122452697753907,0.5581878662109375
0.12093286132812509,0.6529239654541016
0.10880212402343759,0.32212677001953127
0.36775140380859384,0.5332988739013672
0.3452828369140626,0.5563322544097901
0.39046029663085946,0.24103500843048098
0.3284883937835694,0.2088817596435547
0.20468072509765634,0.558651351928711
0.12258081054687509,0.6532157897949219
0.11051110839843759,0.32209434509277346
0.3469193420410157,0.55618896484375
0.3924820861816407,0.24072899818420412
0.32843117332458505,0.20905914306640627
0.2028916320800782,0.5599750518798828
0.12483911132812509,0.6535572052001953
0.11112908935546884,0.32296409606933596
0.34905938720703134,0.5559073925018311
0.39491204833984384,0.24015822410583498
0.3291390380859376,0.20926513671875002
0.20038156127929696,0.563818359375
0.12679223632812509,0.653753662109375
0.10229425048828134,0.32918968200683596
0.3517258605957032,0.5554393768310547
0.3978074035644532,0.23926260471343996
0.3302238426208497,0.2094768524169922
0.19782189941406259,0.5642532348632813
0.17583398437500009,0.26474990844726565
0.12724237060546884,0.6540245056152344
0.07556085205078134,0.34318389892578127
0.35205010986328134,0.5536397933959961
0.4006150207519532,0.23854091167449953
0.28689508056640634,0.20197906494140627
0.17587976074218759,0.2641757965087891
0.12940148925781259,0.6543048858642578
0.40335397338867196,0.238146448135376
0.2885220489501954,0.20121612548828127
0.290204330444336,0.20046272277832033
0.2910988769531251,0.28771581649780276
0.2922738037109376,0.19988479614257815
0.15668038940429696,0.30111351013183596
0.3946297607421876,0.570309066772461
0.2569649658203126,0.2843832015991211
0.3403408966064454,0.40745010375976565
0.2943165740966798,0.19953002929687502
0.15773706054687509,0.3010467529296875
0.3975594482421876,0.5697559356689453
0.20378808593750009,0.3030694961547852
0.13407067871093759,0.26769580841064455
0.3426411590576173,0.4071563720703125
0.2966092071533204,0.1995738983154297
0.4008248291015626,0.5692266464233399
0.17629937744140634,0.6104387283325196
0.13518075561523446,0.2677949905395508
0.3457539520263673,0.40685691833496096
0.2994454345703126,0.19983901977539065
0.4033730468750001,0.5680002212524414
0.17636041259765634,0.6100839614868164
0.13757638549804696,0.2681449890136719
0.29463128662109384,0.19747581481933596
0.17789010620117196,0.6096834182739258
0.14173059082031259,0.26835002899169924
0.024153991699218835,0.6702198028564453
0.014853759765625085,0.6852206230163574
0.1807663879394532,0.6096519470214844
0.14519052124023446,0.2683156967163086
0.026740356445312585,0.670376205444336
0.013343139648437585,0.6880015373229981
0.1849625549316407,0.6101669311523438
0.1487381896972657,0.26820220947265627
0.30967645263671884,0.3366416931152344
0.029219909667968835,0.670467758178711
0.19078759765625009,0.611390495300293
0.15235070800781259,0.2682861328125
0.3911049804687501,0.6411575317382813
0.3121865234375001,0.3359073638916016
0.031424804687500085,0.6699089050292969
0.19467095947265634,0.6123565673828125
0.3719399414062501,0.6363471984863281
0.3148873291015626,0.33531036376953127
0.033446594238281335,0.6691020965576172
0.27038817024230966,0.1470064163208008
0.31774835205078134,0.33469619750976565
0.035796447753906335,0.668524169921875
0.022315307617187585,0.372132682800293
0.3204567871093751,0.33420982360839846
0.038230224609375085,0.6681522369384766
0.3981545410156251,0.7027729988098145
0.020652099609375085,0.37351694107055666
0.041190429687500085,0.6677116394042969
0.3967659912109376,0.7025326728820801
0.019751831054687585,0.374299430847168
0.38859872436523446,0.5464786529541016
0.35135202026367196,0.2694133758544922
0.023223205566406335,0.6650070190429688
0.019553466796875085,0.3749717712402344
0.32405404663085946,0.22762813568115237
0.3880417785644532,0.5468315124511719
0.3525193176269532,0.26943435668945315
0.3762429199218751,0.6835659980773926
0.3220439395904542,0.2276777267456055
0.38993768310546884,0.5468067169189453
0.35341195678710946,0.26929512023925783
0.3751748046875001,0.6841429710388184
0.2193828067779542,0.5324558258056641
0.32098559951782235,0.22777881622314455
0.3911354980468751,0.5467533111572266
0.3550179443359376,0.2692283630371094
0.3212850532531739,0.22773590087890627
0.3833268127441407,0.22286453247070315
0.3928139648437501,0.546841049194336
0.32243566131591805,0.22756805419921877
0.38418893432617196,0.22319831848144533
0.046088500976562585,0.5792354583740235
0.3243060550689698,0.22715606689453127
0.3866227111816407,0.2241376876831055
0.04828958129882821,0.5795215606689453
0.326135202407837,0.22683086395263674
0.39078073120117196,0.22489490509033205
0.05099038696289071,0.5804294586181641
0.39554147338867196,0.22528591156005862
0.053168579101562585,0.5812829971313477
0.2638466796875001,0.18656768798828127
0.018348022460937585,0.6907261848449707
0.40063409423828134,0.22501697540283205
0.055442138671875085,0.5818113327026367
0.25923089599609384,0.4699253082275391
0.26490716552734384,0.1856407165527344
0.057975097656250085,0.582088851928711
0.26084832763671884,0.4694236755371094
0.26657037353515634,0.1851085662841797
0.061034484863281335,0.5820898056030274
0.26301507568359384,0.4691661834716797
0.2686837158203126,0.18479766845703127
0.2662270507812501,0.4690460205078125
0.27204827880859384,0.18463172912597658
0.3861000976562501,0.6796015739440918
0.017890258789062585,0.7005757331848145
0.2692177734375001,0.4691661834716797
0.2749703369140626,0.18470039367675783
0.3727028808593751,0.6718873023986817
0.23738793945312509,0.36715354919433596
0.017813964843750085,0.6997369766235352
0.18520741081237801,0.5603507995605469
0.28652839279174813,0.24402751922607424
0.2725441894531251,0.4693645477294922
0.2781594238281251,0.18480911254882815
0.23573999023437509,0.36817779541015627
0.017981811523437585,0.6997517585754395
0.18664507484436044,0.560787582397461
0.28790359115600594,0.24387397766113283
0.27679376220703134,0.4694999694824219
0.20000390625000009,0.3606919288635254
0.018393798828125085,0.6996587753295899
0.18887524223327645,0.5612434387207031
0.2903559646606446,0.24346294403076174
0.11357049560546884,0.2903617858886719
0.11654595947265634,0.2907012939453125
0.11264733886718759,0.2955078125
0.11082391357421884,0.30039443969726565
0.11437158203125009,0.2999595642089844
0.035743041992187585,0.13530960083007815
0.038749023437500085,0.13452854156494143
0.041976257324218835,0.13385715484619143
0.020247741699218835,0.5644468307495117
0.045150085449218835,0.13347568511962893
0.021140380859375085,0.5641073226928711
0.17544488525390634,0.30529251098632815
0.004828735351562585,0.557522201538086
0.17552117919921884,0.305975341796875
0.17559747314453134,0.30618896484375
0.2898018798828126,0.6966098785400391
0.17555169677734384,0.3063835144042969
0.25064019775390634,0.540707015991211
0.01610116577148446,0.5705694198608399
0.2875283203125001,0.6935104370117188
0.17536096191406259,0.30645217895507815
0.2515786132812501,0.5414461135864258
0.019049926757812585,0.570802116394043
0.05657510375976571,0.16887702941894533
0.28230218505859384,0.681158447265625
0.25337152099609384,0.54190673828125
0.02269296264648446,0.571168327331543
0.05939035034179696,0.1680320739746094
0.26882867431640634,0.6541313171386719
0.25591973876953134,0.5440677642822266
0.02640847778320321,0.5716909408569336
0.06275872802734384,0.1671003341674805
0.26921014404296884,0.6451133728027344
0.2584908447265626,0.5516294479370117
0.03006295776367196,0.5723165512084961
0.06652383422851571,0.16602745056152346
0.2714302978515626,0.6426548004150391
0.2574074707031251,0.6121086120605469
0.10712365722656259,0.2214678764343262
0.10913400268554696,0.22152271270751955
0.22436456298828134,0.5533689498901367
0.11197213745117196,0.22137060165405276
0.010337158203125085,0.16374816894531252
0.11549691772460946,0.221040153503418
0.29255609130859384,0.1500104904174805
0.010672851562500085,0.16378631591796877
0.11921624755859384,0.22066774368286135
0.011504455566406335,0.16371192932128908
0.03098015403747567,0.11010208129882815
0.012107177734375085,0.1637901306152344
0.03090219116210946,0.11092605590820315
0.031066461563110437,0.11150970458984377
0.20744256591796884,0.18779602050781252
0.20801095581054696,0.18706932067871096
0.20906381225585946,0.18692054748535158
0.032401367187500085,0.5882419586181641
0.21015863037109384,0.18675079345703127
0.12310723876953134,0.24426021575927737
0.2847702941894532,0.6338342666625977
0.032355590820312585,0.587652587890625
0.21071557617187509,0.18692054748535158
0.12412957763671884,0.6278203964233399
0.12192468261718759,0.2443870544433594
0.2863686523437501,0.6340192794799805
0.032706542968750085,0.5349525451660156
0.033118530273437585,0.5881217956542969
0.004103942871093835,0.633572006225586
0.12502984619140634,0.628630542755127
0.06706170654296884,0.6284965515136719
0.12196282958984384,0.2445873260498047
0.2886269531250001,0.6342491149902344
0.34212045288085946,0.2433961868286133
0.033942504882812585,0.535167121887207
0.006736083984375085,0.6331638336181641
0.12663201904296884,0.6297449111938477
0.06796960449218759,0.6288446426391602
0.12309960937500009,0.2447847366333008
0.2914231262207032,0.6343788146972656
0.34155587768554696,0.24456062316894533
0.06524591064453134,0.1826213836669922
0.007209106445312585,0.6317142486572266
0.06946496582031259,0.6293367385864258
0.12516717529296884,0.24485721588134768
0.2943337402343751,0.6344770431518555
0.3442147216796876,0.24404087066650393
0.06707696533203134,0.18055000305175783
0.05157785034179696,0.1419019937515259
0.07166986083984384,0.6299289703369141
0.12799005126953134,0.24474754333496096
0.34693841552734384,0.24371948242187502
0.036979003906250085,0.5497039794921875
0.06997613525390634,0.17998733520507815
0.050414367675781335,0.14150371551513674
0.19827966308593759,0.6201032638549805
0.07467584228515634,0.6304210662841797
0.13157586669921884,0.2444042205810547
0.043799682617187585,0.5653623580932617
0.040458007812500085,0.5509151458740235
0.07363061523437509,0.17939605712890627
0.0615935764312745,0.13876380920410158
0.051970764160156335,0.14089717864990237
0.16850976562500009,0.6102518081665039
0.32884530639648446,0.3273977279663086
0.07822351074218759,0.6308950424194336
0.13556604003906259,0.24395790100097658
0.045951171875000085,0.5657857894897461
0.10256127929687509,0.20035591125488283
0.044364257812500085,0.552008056640625
0.07703332519531259,0.17887153625488283
0.05703906631469735,0.14381446838378908
0.05289964294433602,0.14176084995269778
0.16602258300781259,0.610479736328125
0.24135522460937509,0.2095674514770508
0.3312600097656251,0.3274544715881348
0.13967065429687509,0.24347915649414065
0.048758789062500085,0.5664218902587891
0.10561303710937509,0.20031490325927737
0.006079956054687585,0.5882247924804688
0.048484130859375085,0.5528453826904297
0.08047418212890634,0.17845191955566408
0.18889550781250009,0.7698291778564453
0.012595458984375085,0.5956291198730469
0.05408172225952157,0.15933837890625002
0.056113525390625085,0.14144172668457033
0.16850976562500009,0.610385799407959
0.24262170410156259,0.20827283859252932
0.31969003295898446,0.3273195266723633
0.051917358398437585,0.567083740234375
0.10904626464843759,0.2001680374145508
0.00789956665039071,0.5883506774902344
0.050948425292968835,0.5524505615234375
0.18263177490234384,0.7738460540771485
0.031914516448974695,0.17046966552734377
0.008071228027343835,0.5980648040771485
0.08396463012695321,0.19773712158203127
0.05826119995117196,0.1413146495819092
0.24426965332031259,0.20683135986328127
0.28493051147460946,0.32883825302124026
0.17479638671875009,0.661408805847168
0.055121704101562585,0.5677637100219727
0.11244897460937509,0.19998970031738283
0.01024179077148446,0.5887798309326172
0.22451715087890634,0.4148468017578125
0.01892690277099618,0.1691936492919922
0.04448251342773446,0.19084777832031252
0.05990151977539071,0.1409549951553345
0.24687890625000009,0.20531501770019533
0.17558984375000009,0.6620000839233399
0.11566857910156259,0.19998016357421877
0.09603051757812509,0.7937511444091797
0.22259454345703134,0.4134868621826172
0.015063329696655359,0.1653484344482422
0.2503273925781251,0.20377674102783205
0.11872033691406259,0.20010128021240237
0.22153405761718759,0.4128459930419922
0.2542336425781251,0.20229520797729494
0.18975000000000009,0.3373102188110352
0.22125939941406259,0.41262092590332033
0.0684595546722413,0.6058029174804688
0.19011621093750009,0.3373874664306641
0.05011300659179696,0.6881402969360352
0.22172479248046884,0.4123844146728516
0.06944541549682626,0.6063884735107422
0.08219842529296884,0.6772045135498047
0.19171075439453134,0.33741416931152346
0.050063415527343835,0.6884521484375
0.22994165039062509,0.4135955810546875
0.07560662841796884,0.2635978698730469
0.21631555175781259,0.5368579864501953
0.37164620971679696,0.639652156829834
0.08393411254882821,0.6775306701660156
0.19395379638671884,0.33736362457275393
0.050719543457031335,0.6887697219848633
0.07849053955078134,0.263555908203125
0.2172196350097657,0.5369507312774658
0.38850335693359384,0.6063694000244141
0.08618859863281259,0.6776298522949219
0.19654016113281259,0.33706130981445315
0.2997963867187501,0.5987705230712891
0.08148889160156259,0.26380386352539065
0.034771009445190515,0.61954345703125
0.21861199951171884,0.5374778747558594
0.042144104003906335,0.2640748262405396
0.10570840454101571,0.26415195465087893
0.3883431396484376,0.6064704895019531
0.08896188354492196,0.6775774002075196
0.19983605957031259,0.33643379211425783
0.3014290771484376,0.598659896850586
0.10880593872070321,0.2419017791748047
0.036939426422119226,0.6198848724365235
0.043593688964843835,0.2627414703369141
0.03419046020507821,0.6348365783691406
0.10374765014648446,0.2638753890991211
0.3880684814453126,0.6063865661621094
0.09224633789062509,0.6773704528808594
0.20382623291015634,0.3356975555419922
0.2986672363281251,0.5911563873291016
0.034529968261718835,0.7117103576660156
0.10594873046875009,0.24405899047851565
0.036093994140625085,0.2379478454589844
0.18732385253906259,0.35192146301269533
0.13479594802856454,0.2280754089355469
0.22125558471679696,0.5261129379272461
0.045508666992187585,0.2625600337982178
0.033873840332031335,0.6346396446228028
0.10321359252929696,0.2638124465942383
0.3881295166015626,0.6061052322387696
0.32327203369140634,0.2918581008911133
0.2974770507812501,0.5881341934204102
0.034026428222656335,0.7137798309326172
0.037047668457031335,0.23798408508300783
0.19496850585937509,0.3404697418212891
0.02051405525207528,0.6056255340576172
0.1371386489868165,0.22746124267578127
0.22272996520996102,0.5269192695617676
0.048079772949218835,0.2623940944671631
0.034751220703125085,0.6348246574401856
0.10378198242187509,0.2637995719909668
0.37824945068359384,0.6079868316650391
0.32357720947265634,0.291693115234375
0.2999489746093751,0.5882696151733399
0.028540893554687585,0.7156394958496094
0.038771911621093835,0.23786010742187502
0.13966946220397958,0.22710838317871096
0.22448663330078134,0.5275622844696045
0.050940795898437585,0.26211228370666506
0.03162698364257821,0.633665943145752
0.10432748413085946,0.2637986183166504
0.3243172607421876,0.2915195465087891
0.3026497802734376,0.5883745193481446
0.1765218219757081,0.19171943664550783
0.1423118553161622,0.2270244598388672
0.2267697296142579,0.5280143260955811
0.2703488311767579,0.18679490089416506
0.049880310058593835,0.2679938316345215
0.06273583984375009,0.6762846946716309
0.02487496948242196,0.6290096282958985
0.10456399536132821,0.26380243301391604
0.3255227050781251,0.29136314392089846
0.3010781250000001,0.5859140396118164
0.07733850097656259,0.6330112457275391
0.21745900726318368,0.5589202880859375
0.1752405605316163,0.1899131774902344
0.14473442649841317,0.22713890075683596
0.22958688354492196,0.5283822059631348
0.27206353759765634,0.1869166135787964
0.043593688964843835,0.2850207328796387
0.06323937988281259,0.6762980461120606
0.02008370971679696,0.6240829467773438
0.10488061523437509,0.2638544082641602
0.32701043701171884,0.2912334442138672
0.3115303955078126,0.22240581512451174
0.07882623291015634,0.6331714630126953
0.19089440917968759,0.5777687072753906
0.23232774353027352,0.528532886505127
0.27523927307128915,0.1865651845932007
0.06479577636718759,0.6761621475219727
0.07735375976562509,0.31281509399414065
0.021056457519531335,0.6242236137390137
0.10567407226562509,0.2639802932739258
0.3289254150390626,0.29105606079101565
0.2815621337890626,0.5667098999023438
0.3143990478515626,0.22222175598144533
0.1804917297363282,0.6127056121826172
0.19176416015625009,0.5775951385498047
0.2783253631591798,0.1862040996551514
0.039771362304687585,0.6695770263671875
0.07912377929687509,0.31244745254516604
0.02254800415039071,0.6247729301452637
0.10691384887695321,0.2641667366027832
0.3313210449218751,0.2909235000610352
0.3105538330078126,0.2207683563232422
0.18149118041992196,0.6119369506835938
0.1706803283691407,0.5615638732910156
0.18915490722656259,0.5737251281738281
0.2813790283203126,0.1860057353973389
0.08164147949218759,0.31214418411254885
0.024237915039062585,0.6253222465515137
0.10853890991210946,0.26429452896118166
0.32629327392578134,0.2865499496459961
0.3013527832031251,0.22395267486572268
0.18321542358398446,0.61142578125
0.2790596923828126,0.5821346282958985
0.17297510719299325,0.5614608764648438
0.19882373428344735,0.578253173828125
0.08475427246093759,0.31177606582641604
0.02574472045898446,0.6256932258605957
0.09401635742187509,0.2689236640930176
0.3916123352050782,0.6859630584716797
0.2809822998046876,0.5824913024902344
0.17554216003417977,0.5610279083251953
0.20026998138427743,0.5774463653564453
0.39094476318359384,0.6858505249023438
0.28359918212890634,0.5828098297119141
0.0019219360351563353,0.2761444091796875
0.2029347858428956,0.5774768829345703
0.39042977905273446,0.6855024337768555
0.2453721008300782,0.2052940368652344
0.004943176269531335,0.27651634216308596
0.3902810058593751,0.6850322723388672
0.3305733642578126,0.3218549728393555
0.24758843994140634,0.20421447753906252
0.008414550781250085,0.27678718566894533
0.37755136108398446,0.568393611907959
0.3749955139160157,0.5990904808044434
0.3891556701660157,0.6847738265991211
0.3307297668457032,0.32165279388427737
0.24958734130859384,0.20396270751953127
0.18532495117187509,0.5399307250976563
0.2757180175781251,0.17152061462402346
0.37309388732910165,0.5708207130432129
0.3749497375488282,0.5993060111999512
0.39015512084960946,0.6846755981445313
0.33145455932617196,0.32137432098388674
0.06758432006835946,0.6936210632324219
0.2520668945312501,0.20380630493164065
0.18511132812500009,0.5387252807617188
0.27738885498046884,0.17140045166015627
0.20669297790527352,0.2077119588851929
0.3966286621093751,0.1793989181518555
0.39158563232421884,0.6846651077270508
0.33261422729492196,0.3210338592529297
0.06499414062500009,0.6921504974365235
0.2549050292968751,0.20368041992187502
0.18592004394531259,0.5386203765869141
0.2792122802734376,0.1713756561279297
0.07945375061035165,0.5606669425964356
0.20546083068847665,0.20763244628906252
0.2523568115234376,0.2869830369949341
0.1740372619628907,0.24268808364868166
0.3963997802734376,0.17957439422607424
0.3932259521484376,0.6845563888549805
0.33395318603515634,0.32058086395263674
0.14035729980468759,0.6704391479492188
0.16089562988281259,0.27477588653564455
0.2578347167968751,0.20361175537109377
0.2732766113281251,0.17334022521972658
0.0793087921142579,0.560618782043457
0.2049820861816407,0.20764794349670412
0.2527687988281251,0.28754487037658694
0.28427056884765634,0.544925594329834
0.3968270263671876,0.17942180633544924
0.3950264892578126,0.6843790054321289
0.3356087646484376,0.3199934005737305
0.14050988769531259,0.6705783843994141
0.16109399414062509,0.27488079071044924
0.19221429443359384,0.32241477966308596
0.26068429565429696,0.20360984802246096
0.07970933532714852,0.560656213760376
0.2048428497314454,0.20766677856445315
0.25242547607421884,0.2885124921798706
0.21095971679687509,0.6474946975708008
0.28451852416992196,0.5450953483581543
0.12284402465820321,0.6309503555297852
0.3975441894531251,0.17909946441650393
0.39700250244140634,0.6842340469360352
0.33744744873046884,0.31937446594238283
0.14151696777343759,0.6707300186157227
0.16257409667968759,0.2746185302734375
0.19214181518554696,0.3222688674926758
0.08028916931152352,0.5606836318969727
0.20477418518066415,0.20761849880218508
0.25302056884765634,0.289039158821106
0.21034936523437509,0.6470660209655762
0.3240731201171876,0.2605289459228516
0.28500299072265634,0.5449298858642578
0.12335137939453134,0.6308635711669922
0.39839105224609384,0.17861118316650393
0.3991616210937501,0.6841291427612305
0.33947686767578134,0.31871738433837893
0.14313439941406259,0.6708215713500977
0.16464929199218759,0.2742351531982422
0.19225244140625009,0.32204856872558596
0.08106546020507821,0.5607027053833008
0.20503167724609384,0.20751848220825198
0.21060876464843759,0.6467813491821289
0.3232796630859376,0.26044597625732424
0.1251633605957032,0.6308855056762696
0.08500985717773446,0.24754943847656252
0.39909295654296884,0.17808094024658205
0.4014351806640626,0.6839946746826172
0.34162835693359384,0.3180412292480469
0.14524011230468759,0.6708511352539063
0.16695336914062509,0.2736658096313477
0.1929581604003907,0.3216547012329102
0.2768013916015626,0.7519535064697266
0.28767327880859384,0.3766197204589844
0.24464468574523934,0.6446155548095703
0.04736165618896493,0.7043498992919922
0.03694300270080575,0.33628501892089846
0.0820401153564454,0.5607882976531983
0.2057431182861329,0.20740392208099367
0.21158532714843759,0.6467470169067383
0.3236000976562501,0.2602862358093262
0.12801293945312509,0.6311506271362305
0.08797769165039071,0.24730672836303713
0.3995583496093751,0.17754211425781252
0.4036362609863282,0.6837800979614258
0.3434861145019532,0.3173879623413086
0.14783410644531259,0.6708263397216797
0.16982202148437509,0.27295818328857424
0.1873429260253907,0.3257917404174805
0.2768166503906251,0.7520145416259766
0.28739862060546884,0.376806640625
0.2448351821899415,0.6454586029052735
0.04798583602905282,0.7043460845947266
0.037464424133300867,0.33617630004882815
0.08324937438964852,0.5609659194946289
0.20686654663085946,0.20734241008758547
0.21309594726562509,0.6468957901000977
0.3245919189453126,0.2600902557373047
0.40011529541015634,0.17700710296630862
0.15097741699218759,0.670843505859375
0.17320947265625009,0.27214756011962893
0.18035821533203134,0.33325042724609377
0.28819207763671884,0.37694969177246096
0.24561028099060067,0.649380111694336
0.04945973968505868,0.7044185638427735
0.03880481338500985,0.3360198974609375
0.29307489013671884,0.5294097900390625
0.08460168457031259,0.5612520217895508
0.2082913360595704,0.20732166767120364
0.21501855468750009,0.6471089363098145
0.3261177978515626,0.2598713874816895
0.4008400878906251,0.17655029296875002
0.2897103271484376,0.3770298004150391
0.05132250404357919,0.7045387268066406
0.04058889961242684,0.3357872009277344
0.2929451904296876,0.529364013671875
0.08613137817382821,0.561644458770752
0.20999078369140634,0.20735969543457033
0.11519555664062509,0.6772350311279297
0.21732263183593759,0.6473158836364746
0.3281929931640626,0.2595705032348633
0.4016182861328126,0.17616310119628908
0.38594369506835946,0.5923961639404297
0.19928674316406259,0.7204936981201172
0.2912209472656251,0.37714424133300783
0.24281386947631844,0.6520389556884766
0.053688808441162195,0.7046455383300781
0.04289750671386727,0.33546104431152346
0.044257446289062585,0.16931762695312502
0.08799485778808602,0.5621694564819336
0.21205072021484384,0.2074394464492798
0.11532525634765634,0.6771642208099365
0.21999291992187509,0.6474431991577149
0.3308022460937501,0.25916614532470705
0.40246514892578134,0.17578067779541018
0.3869240722656251,0.5924686431884766
0.20128564453125009,0.720547103881836
0.28274468994140634,0.38324966430664065
0.05652575111389169,0.7048839569091797
0.045674844741821374,0.3352054595947266
0.043860717773437585,0.1689476013183594
0.0902340850830079,0.5628317832946778
0.21438912963867196,0.20757129192352297
0.11627130126953134,0.6768714427947998
0.3337929687500001,0.258790397644043
0.4032509765625001,0.17541542053222658
0.3885758361816407,0.592678451538086
0.20401696777343759,0.7201770782470703
0.28530816650390634,0.38285293579101565
0.04861335372924813,0.33503570556640627
0.044059082031250085,0.16866722106933596
0.0889218292236329,0.5613254547119141
0.21673516845703134,0.20781233310699465
0.3368599853515626,0.2584837913513184
0.4029610595703126,0.17662563323974612
0.1366532287597657,0.30289497375488283
0.28907708740234384,0.382177734375
0.020980163574218835,0.357122802734375
0.05170302009582528,0.3349040985107422
0.044707580566406335,0.1685356140136719
0.3370783767700196,0.022529983520507835
0.21891717529296884,0.20811476707458498
0.26830987548828134,0.2947889804840088
0.13610772705078134,0.303045654296875
0.019599243164062585,0.3573783874511719
0.21635369873046884,0.5607894897460938
0.045714660644531335,0.16853370666503908
0.3363874397277833,0.022905731201171897
0.22082452392578134,0.20844831466674807
0.2680275878906251,0.289863133430481
0.18138818359375009,0.6919282913208008
0.09368447875976571,0.6159671783447266
0.13706903076171884,0.30324974060058596
0.019126220703125085,0.3582939147949219
0.047187133789062585,0.16868438720703127
0.3116734466552735,0.030029678344726585
0.25427178955078134,0.29248573780059817
0.18049554443359384,0.6918491363525391
0.09517221069335946,0.6162399291992188
0.13867501831054696,0.30341567993164065
0.049018188476562585,0.16899909973144533
0.2500424823760987,0.40328826904296877
0.30455331420898446,0.02966728210449221
0.23482446289062509,0.29744412899017336
0.3162339172363282,0.2519291877746582
0.1744339904785157,0.6926769256591797
0.09700708007812509,0.6164726257324219
0.14094857788085946,0.3035167694091797
0.051108642578125085,0.16945877075195315
0.2506947956085206,0.402960205078125
0.304592176437378,0.02920188903808596
0.2628853759765626,0.6908821105957031
0.31425408935546884,0.252104663848877
0.3734200439453126,0.27893772125244143
0.09931878662109384,0.6166233062744141
0.14374093627929696,0.30352249145507815
0.053374572753906335,0.17003669738769533
0.2457232913970948,0.40085639953613283
0.30624489402771005,0.028807067871093772
0.2629197082519532,0.6909655570983887
0.3140175781250001,0.25208415985107424
0.3497078857421876,0.688330078125
0.3732827148437501,0.27940120697021487
0.10221414184570321,0.6166709899902344
0.14715509033203134,0.30338897705078127
0.3957589111328126,0.21114959716796877
0.055701538085937585,0.17068519592285158
0.22809319114685067,0.39401092529296877
0.3080342254638673,0.02824058532714846
0.2639077148437501,0.6912559509277344
0.3149674377441407,0.2518486022949219
0.3498909912109376,0.688360595703125
0.3732521972656251,0.27989902496337893
0.2114670715332032,0.30883255004882815
0.058356567382812585,0.17136993408203127
0.31035022354125985,0.028192901611328147
0.26524285888671884,0.6916531562805176
0.31652764892578134,0.2515253067016602
0.3503792724609376,0.6883396148681641
0.21252755737304696,0.30889549255371096
0.22398976898193368,0.741400146484375
0.31255941009521493,0.028366470336914085
0.2690213165283204,0.2292984962463379
0.26657037353515634,0.6920923233032227
0.31820611572265634,0.25123062133789065
0.3444130859375001,0.6889566421508789
0.07526712036132821,0.6809267044067383
0.21010522460937509,0.31086483001708987
0.22323779678344735,0.7413219451904297
0.24339203453063973,0.3544506072998047
0.3144026241302491,0.02867546081542971
0.2684414825439454,0.22973825931549074
0.26788262939453134,0.6925276756286621
0.3199723205566407,0.25092687606811526
0.3443215332031251,0.68887939453125
0.3335946044921876,0.2957815170288086
0.07669000244140634,0.6808427810668946
0.20746163940429696,0.3140453338623047
0.22323445892333993,0.7411903381347656
0.24285058593750009,0.35454597473144533
0.09284906005859384,0.5593670845031739
0.26800660705566415,0.23032345771789553
0.2693894348144532,0.6929234504699707
0.3221238098144532,0.25052680969238283
0.3445656738281251,0.6887849807739258
0.3339150390625001,0.29560222625732424
0.07672052001953134,0.6807645797729492
0.20963983154296884,0.31291999816894533
0.2238119087219239,0.74112548828125
0.243110939025879,0.35454978942871096
0.26820497131347665,0.2307919502258301
0.27119378662109384,0.6932209968566895
0.3232338867187501,0.25005331039428713
0.3452980957031251,0.6886695861816406
0.3345711669921876,0.29529609680175783
0.20494775390625009,0.3126424789428711
0.22474388694763192,0.7411216735839844
0.24391369438171395,0.3544792175292969
0.26893548583984384,0.23077156543731692
0.2728341064453126,0.69345703125
0.3128922424316407,0.24921503067016604
0.3464730224609376,0.6884254455566406
0.3356850585937501,0.29479160308837893
0.19354943847656259,0.3164867401123047
0.2257931671142579,0.7411731719970703
0.24487142181396493,0.35442390441894533
0.26980714416503915,0.2307374715805054
0.3479989013671876,0.6881975173950196
0.3371499023437501,0.29420223236083987
0.22695951080322274,0.7412265777587891
0.2460287055969239,0.35431709289550783
0.27078561401367196,0.23075749874114992
0.2966683349609376,0.619677209854126
0.3780587158203126,0.22353496551513674
0.3389351806640626,0.6901248931884766
0.3388741455078126,0.29362335205078127
0.2284181556701661,0.7413219451904297
0.2476282558441163,0.35413970947265627
0.29133944129943856,0.4181999206542969
0.2716629943847657,0.2307745456695557
0.29864434814453134,0.619409704208374
0.34602288818359384,0.23053243160247805
0.3775551757812501,0.22358551025390627
0.3246224365234376,0.6943754196166992
0.3405831298828126,0.2931398391723633
0.3753884277343751,0.28850593566894533
0.2301888904571534,0.7414764404296875
0.2496588668823243,0.3538841247558594
0.29190282440185555,0.41843643188476565
0.0754945716857911,0.44686164855957033
0.2725022277832032,0.2308062553405762
0.30102471923828134,0.6192635536193848
0.3479683837890626,0.23015096187591555
0.3775246582031251,0.22395076751708987
0.3420479736328126,0.29275074005126955
0.33832101440429696,0.7004798889160156
0.3745835266113282,0.28893318176269533
0.23244075393676766,0.7416290283203125
0.2520699939727784,0.35357322692871096
0.016959472656250085,0.2636474609375
0.07504253005981454,0.44700088500976565
0.27336244201660165,0.2307924270629883
0.30363397216796884,0.619275712966919
0.3503945312500001,0.2295046091079712
0.3780434570312501,0.22425689697265627
0.3435738525390626,0.292359733581543
0.33787469482421884,0.7006114959716797
0.37427072143554696,0.28973045349121096
0.23522691345214852,0.741827392578125
0.2548644981384278,0.35321846008300783
0.016242309570312585,0.2636589050292969
0.07478909111022958,0.4469913482666016
0.08378867721557626,0.15248146057128908
0.2742588958740235,0.2307440280914307
0.3529885253906251,0.22889127731323244
0.37907342529296884,0.22440185546875002
0.3230812988281251,0.29300537109375
0.33776788330078134,0.7007907867431641
0.37428216552734384,0.29040374755859377
0.2577300510406495,0.35296478271484377
0.016547485351562585,0.2639488220214844
0.07504491424560555,0.4469646453857422
0.08394984817504891,0.15244712829589846
0.2753823242187501,0.23060121536254885
0.35551385498046884,0.2285324573516846
0.38702706909179696,0.6703928947448731
0.3806527099609376,0.2243980407714844
0.33772210693359384,0.7010139465332031
0.3743355712890626,0.2909873962402344
0.2607646427154542,0.35269012451171877
0.017386718750000085,0.26435317993164065
0.0755556068420411,0.4470104217529297
0.08485393142700204,0.15250625610351565
0.2768013916015626,0.23038783073425295
0.38692025756835946,0.670228385925293
0.3826516113281251,0.22419586181640627
0.20851831054687509,0.6629966735839844
0.3376725158691407,0.7011550903320313
0.018760009765625085,0.26485481262207033
0.07639889335632333,0.44719734191894533
0.08598117446899423,0.15270080566406252
0.2785695037841798,0.2300989866256714
0.38696221923828134,0.6697806358337403
0.38508538818359384,0.22384395599365237
0.2066605529785157,0.6611370086669922
0.33752374267578134,0.7011703491210938
0.020247741699218835,0.2653564453125
0.06673745727539071,0.44425239562988283
0.08731417274475106,0.1529735565185547
0.28054933166503915,0.2298081159591675
0.3749154052734376,0.6113356590270996
0.3869889221191407,0.6690963745117188
0.30713204956054696,0.3178586006164551
0.3880074462890626,0.22344055175781252
0.3373978576660157,0.7010196685791016
0.30931024169921884,0.32668724060058596
0.054337545394897546,0.4406017303466797
0.08866529083251962,0.15330352783203127
0.28260926818847665,0.22958352565765383
0.37496881103515634,0.6109732627868653
0.3874772033691407,0.6685112953186035
0.3072312316894532,0.3175877571105957
0.39140252685546884,0.22300281524658205
0.3371994934082032,0.7008155822753906
0.30914620971679696,0.32650413513183596
0.03473977661132821,0.43731346130371096
0.08949570274353036,0.15333595275878908
0.2848465881347657,0.22930958271026614
0.18360833740234384,0.6252287864685059
0.38287667846679696,0.6699847221374512
0.30799798583984384,0.31728830337524416
0.2115586242675782,0.6653446197509766
0.3375618896484376,0.7006839752197266
0.30969171142578134,0.32615509033203127
0.2596848449707032,0.23664727210998537
0.18340997314453134,0.6250509262084961
0.30921868896484384,0.3170680046081543
0.2123520812988282,0.6652883529663086
0.3383896789550782,0.7006324768066406
0.3106644592285157,0.3257602691650391
0.17668847656250009,0.6233142852783203
0.3107674560546876,0.3169120788574219
0.3398812255859376,0.31843223571777346
0.21321420288085946,0.665172004699707
0.3394883117675782,0.7005809783935547
0.3118699035644532,0.3253196716308594
0.38058428382873544,0.5097049713134766
0.14343957519531259,0.27073814868927004
0.31282357788085946,0.31680908203125
0.3385079345703126,0.3185781478881836
0.3378975830078126,0.7006877899169922
0.31304864501953134,0.32493057250976565
0.3804238281250001,0.5096763610839844
0.08651666259765634,0.6096991539001465
0.14193658447265634,0.2704756498336792
0.31546334838867196,0.3166512489318848
0.3379433593750001,0.3184999465942383
0.33784417724609384,0.7006649017333985
0.31400994873046884,0.3246311187744141
0.3802705249786378,0.509548568725586
0.08631829833984384,0.6093825340270996
0.14102105712890634,0.2703126907348633
0.3378670654296876,0.31844463348388674
0.3314011535644532,0.697698974609375
0.3148606262207032,0.32444229125976565
0.38011340713500985,0.509365463256836
0.08671502685546884,0.6092714309692383
0.14063195800781259,0.2701938390731812
0.3381417236328126,0.3183940887451172
0.3243821105957032,0.6954368591308594
0.31539849853515634,0.3243717193603516
0.11160974121093759,0.5845626831054688
0.20442132568359384,0.24375953674316408
0.04772023773193368,0.4961418151855469
0.08217053031921395,0.17024269104003908
0.08622674560546884,0.608920955657959
0.14083032226562509,0.2701189756393433
0.3387825927734376,0.3183349609375
0.31558541870117196,0.3244232177734375
0.11229638671875009,0.5844825744628906
0.20517663574218759,0.24347724914550783
0.3902383289337159,0.5055183410644531
0.048082872390747156,0.49607124328613283
0.08247475242614755,0.17006530761718752
0.14122705078125009,0.2700631856918335
0.3397896728515626,0.3182519912719727
0.31482247924804696,0.32474746704101565
0.18384484863281259,0.15416564941406252
0.11371545410156259,0.5843852996826172
0.20701531982421884,0.24300422668457033
0.0490200958251954,0.4960979461669922
0.08335570907592782,0.16991844177246096
0.07925347900390634,0.6020854949951172
0.14163903808593759,0.2700417280197144
0.3410408935546876,0.3180889129638672
0.0010979614257813353,0.7435983657836914
0.3144944152832032,0.3249706268310547
0.18566827392578134,0.15258064270019533
0.11516503906250009,0.5844501495361328
0.20898370361328134,0.24263801574707033
0.05028895950317391,0.49619522094726565
0.08461765861511239,0.16985168457031252
0.07983331298828134,0.6021522521972656
0.13985375976562509,0.2700408935546875
0.3425820312500001,0.31788387298583987
0.00021676635742196027,0.7432912826538086
0.3142502746582032,0.3251670837402344
0.11335687255859384,0.585821533203125
0.21090631103515634,0.24233093261718752
0.040757223129272546,0.4942649841308594
0.08606295204162606,0.1699413299560547
0.3447335205078126,0.3175844192504883
0.3003762207031251,0.6648200988769531
0.31404428100585946,0.3254131317138672
0.21327905273437509,0.24197998046875002
0.08827833747863778,0.1701702117919922
0.3463509521484376,0.3172811508178711
0.30018930053710946,0.6649097442626953
0.31416253662109384,0.3255352020263672
0.21535424804687509,0.24179687500000002
0.09036974525451669,0.17048301696777346
0.09062127685546884,0.28367807865142824
0.3481209716796876,0.31690731048583987
0.21121530151367196,0.2738651275634766
0.3002083740234376,0.6650394439697266
0.31474237060546884,0.3255828857421875
0.21812371826171884,0.24173965454101565
0.09286717987060555,0.17075767517089846
0.08724908447265634,0.6179336547851563
0.09030084228515634,0.2839017152786255
0.3331673583984376,0.31640472412109377
0.21192864990234384,0.27411594390869143
0.3003151855468751,0.665106201171875
0.3153031311035157,0.325567626953125
0.18187646484375009,0.2405876159667969
0.08768395996093759,0.618010425567627
0.09065942382812509,0.28380253314971926
0.20488671875000009,0.27648296356201174
0.3004410705566407,0.6651615142822266
0.3159096679687501,0.3255332946777344
0.08852319335937509,0.6179641723632813
0.09200219726562509,0.28325715065002444
0.2442276916503907,0.6032527923583985
0.20278100585937509,0.27683486938476565
0.30058221435546884,0.6652320861816406
0.31654672241210946,0.3255046844482422
0.09002618408203134,0.6179605960845947
0.09387139892578134,0.2826682567596436
0.22849969482421884,0.6077751159667969
0.3006852111816407,0.6652740478515625
0.31715325927734384,0.32546653747558596
0.09237603759765634,0.6179646492004395
0.09642724609375009,0.28208997249603274
0.3007882080078126,0.66531982421875
0.31778268432617196,0.3254436492919922
0.09536676025390634,0.6178997993469239
0.09948663330078134,0.2814394474029541
0.30094842529296884,0.6653465270996094
0.31837777709960946,0.32540550231933596
0.2848732910156251,0.4198326110839844
0.10287408447265634,0.2808931112289429
0.30107431030273446,0.6653369903564453
0.3135292968750001,0.3332866668701172
0.2855904541015626,0.41970100402832033
0.10648278808593759,0.2804830312728882
0.30113534545898446,0.6652683258056641
0.31350640869140634,0.334326171875
0.20347528076171884,0.07939758300781252
0.19974331474304208,0.511480712890625
0.3658364257812501,0.28680076599121096
0.26663522338867196,0.6487382888793946
0.30116586303710946,0.6651710510253906
0.31387643432617196,0.33419456481933596
0.20271234130859384,0.07881011962890627
0.21720819091796884,0.6218990325927735
0.19893054580688485,0.5110057830810547
0.23867635345458993,0.17421760559082033
0.3653328857421876,0.28651084899902346
0.2661049804687501,0.6487716674804688
0.015593811035156335,0.6719707489013672
0.3012917480468751,0.665096664428711
0.31428460693359384,0.33409919738769533
0.20284967041015634,0.07827224731445315
0.21752099609375009,0.6221012115478516
0.21270684814453134,0.3602909088134766
0.23765496826171884,0.17375793457031252
0.3655159912109376,0.2861837387084961
0.26666574096679696,0.6487459182739258
0.01481179809570321,0.6718439102172852
0.3015702209472657,0.6651233673095703
0.3146164855957032,0.33410110473632815
0.19488458251953134,0.07636680603027346
0.21836022949218759,0.6219982147216797
0.21338586425781259,0.36025848388671877
0.23728851890563973,0.17352333068847658
0.3661110839843751,0.28591575622558596
0.26304940795898446,0.6530851364135742
0.014540954589843835,0.6714834213256836
0.30189447021484384,0.6651805877685547
0.31487969970703134,0.3341278076171875
0.21443872070312509,0.360235595703125
0.23715548133850106,0.1733879089355469
0.0027344665527344603,0.31426658630371096
0.3673775634765626,0.2856439590454102
0.01504830932617196,0.6711381912231446
0.3022568664550782,0.6651996612548828
0.3151467285156251,0.3341373443603516
0.21609429931640634,0.3602756500244141
0.23720388031005868,0.17333831787109377
0.3686287841796876,0.2854465484619141
0.011611267089843835,0.6702751159667969
0.30267648315429696,0.6652130126953125
0.31547860717773446,0.33411636352539065
0.21776513671875009,0.36037483215332033
0.04096655464172372,0.45796051025390627
0.2370846710205079,0.17338027954101565
0.3702156982421876,0.2852634429931641
0.01274423217773446,0.6703886032104492
0.30325631713867196,0.6652111053466797
0.31595162963867196,0.33405914306640627
0.21968011474609384,0.3605388641357422
0.04109005546569833,0.45806541442871096
0.2166238269805909,0.17165412902832033
0.3720162353515626,0.2850526809692383
0.01403359985351571,0.6705249786376953
0.30400018310546884,0.6652359008789063
0.3165810546875001,0.33399620056152346
0.22189263916015634,0.360662841796875
0.04143552398681649,0.45805015563964846
0.19032005882263192,0.17149391174316408
0.3742287597656251,0.2847789764404297
0.01515512084960946,0.6706050872802735
0.3050606689453126,0.6653388977050781
0.3174698791503907,0.33396759033203127
0.20078210449218759,0.35283699035644533
0.04210548019409188,0.45791473388671877
0.19035439109802255,0.17124977111816408
0.38938836669921884,0.6006943225860596
0.3767006835937501,0.2844747543334961
0.016265197753906335,0.670573616027832
0.3065255126953126,0.6655067443847656
0.3187363586425782,0.3339847564697266
0.043176933288574304,0.4576629638671875
0.19164113616943368,0.17098846435546877
0.3895943603515626,0.6007009983062744
0.3795235595703126,0.28420200347900393
0.01753549194335946,0.6704076766967774
0.3084824523925782,0.6657814025878906
0.32037286376953134,0.33408393859863283
0.044477029800415124,0.4574455261230469
0.19308404541015634,0.17079772949218752
0.3898995361328126,0.6004961967468262
0.01894692993164071,0.6700519561767578
0.3222725830078126,0.3343051910400391
0.19423036193847665,0.1706584930419922
0.3905556640625001,0.6003259658813477
0.02037362670898446,0.6696104049682617
0.32425241088867196,0.33454742431640627
0.19517831420898446,0.17063751220703127
0.39152459716796884,0.6002100944519043
0.32554559326171884,0.33466567993164065
0.19582228279113778,0.17066230773925783
0.3928292236328126,0.6001278400421143
0.3264992675781251,0.3347076416015625
0.06515435791015634,0.24854698181152346
0.39437799072265634,0.6000505924224854
0.052748962402343835,0.6082843780517578
0.06462792968750009,0.2488292694091797
0.39605645751953134,0.5999814510345459
0.053084655761718835,0.6084331512451172
0.06515435791015634,0.24891319274902346
0.39785699462890634,0.5998996734619141
0.23681573486328134,0.11948432922363283
0.054091735839843835,0.6085247039794922
0.06652764892578134,0.24877014160156252
0.31521539306640634,0.3994602203369141
0.3997414550781251,0.5998400688171387
0.22931604003906259,0.1197837829589844
0.051528259277343835,0.6099590301513672
0.06809167480468759,0.24860801696777346
0.2701790771484376,0.6901782989501953
0.3143380126953126,0.3994907379150391
0.4021981201171876,0.5998510360717774
0.20165948486328134,0.12273063659667971
0.27093438720703134,0.6901706695556641
0.31492547607421884,0.39945640563964846
0.04945544815063485,0.18992080688476565
0.3159401855468751,0.3994049072265625
0.049224182128906335,0.1897148132324219
0.20313958740234384,0.18105354309082033
0.3171914062500001,0.3993896484375
0.04927091217041024,0.18996467590332033
0.20202951049804696,0.18100776672363283
0.3186867675781251,0.3994163513183594
0.0493717632293702,0.19032325744628908
0.2008164367675782,0.1812299728393555
0.3886330566406251,0.5117477416992188
0.32038812255859384,0.3994659423828125
0.3883126220703126,0.5120719909667969
0.32238702392578134,0.39954414367675783
0.3244393310546876,0.3995365142822266
0.13292626953125009,0.29745330810546877
0.13115625000000009,0.29789581298828127
0.13142327880859384,0.2967399597167969
0.028754516601562585,0.6692375183105469
0.13244561767578134,0.29668464660644533
0.0756764850616456,0.45457115173339846
0.17389564132690438,0.12167968750000002
0.2260697326660157,0.6116460800170899
0.11121301269531259,0.15545406341552737
0.028510375976562585,0.6698535919189453
0.13400964355468759,0.2964195251464844
0.07569555854797372,0.45443382263183596
0.22615747070312509,0.610287094116211
0.11169747924804696,0.1561912536621094
0.028510375976562585,0.6703437805175781
0.11655358886718759,0.29908027648925783
0.07601432418823251,0.4541820526123047
0.09934501266479501,0.16314353942871096
0.21646432495117196,0.601192855834961
0.11321191406250009,0.15633525848388674
0.028380676269531335,0.6706298828125
0.037711425781250085,0.3185733795166016
0.07678536987304696,0.45389785766601565
0.09996800041198739,0.16283264160156252
0.2176468811035157,0.602092170715332
0.11543206787109384,0.15596809387207033
0.07825784301757821,0.4539207458496094
0.10110406494140634,0.1627372741699219
0.21942834472656259,0.603582763671875
0.11809854125976571,0.155213737487793
0.08047585105896005,0.45421638488769533
0.10284213638305673,0.16292991638183596
0.06147317504882821,0.6648792266845703
0.22185067749023446,0.6052726745605469
0.12083749389648446,0.15447940826416018
0.10494141197204598,0.16335334777832033
0.06370858764648446,0.6658443450927735
0.2246811828613282,0.6068042755126953
0.11381082153320321,0.1732038497924805
0.10746769523620614,0.1639446258544922
0.05561380004882821,0.668026351928711
0.10141305541992196,0.200318717956543
0.22533349609375009,0.5258468627929688
0.04370431518554696,0.6733116149902344
0.22428063964843759,0.5266307830810547
0.014395996093750085,0.726690673828125
0.01660470581054696,0.6687797546386719
0.11637429809570321,0.30204620361328127
0.013007446289062585,0.7271846771240235
0.12021188354492196,0.3013023376464844
0.012419982910156335,0.7276348114013672
0.12428216552734384,0.3005222320556641
0.012488647460937585,0.7279514312744141
0.012793823242187585,0.7281974792480469
0.32034234619140634,0.6204990386962891
0.32102899169921884,0.6209177017211914
0.06609277343750009,0.6913408279418946
0.053351684570312585,0.31522598266601565
0.2540660343170167,0.14871253967285158
0.37522821044921884,0.2590936660766602
0.06676797485351571,0.6918386459350586
0.054534240722656335,0.31545677185058596
0.22175674057006844,0.5049900054931641
0.2530110321044923,0.14847793579101565
0.3187058410644532,0.6223453521728516
0.06835107421875009,0.6923994064331055
0.05682687377929696,0.315217399597168
0.22153310394287118,0.5047210693359375
0.25282411193847665,0.14840736389160158
0.3199074707031251,0.6226409912109375
0.07004861450195321,0.692729377746582
0.058867736816406335,0.3148645401000977
0.22193722343444833,0.5049022674560547
0.2532923660278321,0.14859046936035158
0.3193009338378907,0.622372055053711
0.07201699829101571,0.6928915023803711
0.060942932128906335,0.3143514633178711
0.22261242485046395,0.5053028106689453
0.2542062244415284,0.14892425537109377
0.06294946289062509,0.6620944976806641
0.07405404663085946,0.6928495407104492
0.06165628051757821,0.31473484039306643
0.22367648696899423,0.505825424194336
0.2556088409423829,0.14931907653808596
0.06314401245117196,0.6620010375976563
0.05205087280273446,0.24807586669921877
0.27941827392578134,0.6237882614135742
0.07620172119140634,0.6926502227783203
0.06397180175781259,0.3140148162841797
0.22522620773315438,0.5064014434814453
0.2574532470703126,0.14966812133789065
0.06431512451171884,0.6619476318359375
0.052932067871093835,0.24778785705566408
0.2714188537597657,0.6248706817626953
0.07927255249023446,0.6923555374145508
0.06732110595703134,0.31299915313720705
0.22787098503112801,0.5071491241455078
0.26031784629821786,0.15000000000000002
0.06634454345703134,0.6619895935058594
0.053176208496093835,0.24783363342285158
0.08210305786132821,0.6920923233032227
0.07053689575195321,0.312078857421875
0.2628760776519776,0.15026321411132815
0.06812600708007821,0.6620849609375
0.05449990844726571,0.24749794006347658
0.2655916652679444,0.15055503845214846
0.07034997558593759,0.6623748779296875
0.056235595703125085,0.2471336364746094
0.25971941566467294,0.14841690063476565
0.07306985473632821,0.6628517150878906
0.05835275268554696,0.24662628173828127
0.07603768920898446,0.6633590698242188
0.06095437622070321,0.24602737426757815
0.07916574096679696,0.6638359069824219
0.06406335449218759,0.2452262878417969
0.08268289184570321,0.6642536163330078
0.06772164916992196,0.24424781799316408
0.08378533935546884,0.6639751434326172
0.21605615234375009,0.7249502182006836
0.1844437561035157,0.3518117904663086
0.21710519409179696,0.7251018524169922
0.18457345581054696,0.35224380493164065
0.2181351623535157,0.7252439498901367
0.18530587768554696,0.35259189605712893
0.21942453002929696,0.725429916381836
0.18638925170898446,0.35284080505371096
0.22084359741210946,0.7254976272583008
0.18667535400390634,0.35308589935302737
0.22233895874023446,0.7253602981567383
0.37832574462890634,0.6219600677490235
0.22397164916992196,0.7250665664672852
0.3787033996582032,0.6219734191894531
0.22561578369140634,0.7246536254882813
0.3791726074218751,0.6215309143066406
0.3798287353515626,0.6208137512207031
0.40269784545898446,0.22712554931640627
0.37208489990234384,0.6228260040283203
0.4032204589843751,0.2265819549560547
0.39849786376953134,0.2321189880371094
0.3994820556640626,0.23198738098144533
0.40063409423828134,0.2319225311279297
0.3980324707031251,0.23226394653320315
0.2417405090332032,0.3789886474609375
0.24061898803710946,0.3788494110107422
0.24049310302734384,0.37855186462402346
0.049796386718750085,0.07334938049316408
0.24055413818359384,0.37832012176513674
0.040580078125000085,0.07273139953613283
0.3792374572753907,0.24889984130859377
0.24027947998046884,0.3781494140625
0.028487487792968835,0.07301750183105471
0.37916879272460946,0.2497600555419922
0.24029855346679696,0.37798633575439455
0.029280944824218835,0.07268371582031252
0.2535469970703126,0.5942882537841797
0.3792183837890626,0.25070037841796877
0.2407181701660157,0.37788143157958987
0.031966491699218835,0.0722984313964844
0.37927560424804696,0.25162353515625
0.24150018310546884,0.3778404235839844
0.3793595275878907,0.25254478454589846
0.2426560363769532,0.37787761688232424
0.24443750000000009,0.3778852462768555
0.20664147949218759,0.3689302444458008
0.027800842285156335,0.45980300903320315
0.37683038330078134,0.7348617553710938
0.028769775390625085,0.45898094177246096
0.3766434631347657,0.73526611328125
0.028426452636718835,0.45607986450195315
0.023352905273437585,0.4417118072509766
0.025031372070312585,0.4414543151855469
0.045905395507812585,0.055305862426757835
0.017875000000000085,0.4399742126464844
0.046843811035156335,0.054993057250976585
0.047904296875000085,0.0544303894042969
0.3848183593750001,0.30616226196289065
0.38418893432617196,0.3070835113525391
0.32356195068359384,0.7485736846923828
0.38351373291015634,0.3082794189453125
0.3234475097656251,0.7488922119140625
0.3724472961425782,0.3102725982666016
0.031012817382812585,0.505978012084961
0.3241494140625001,0.7487415313720703
0.030600830078125085,0.5058149337768555
0.030890747070312585,0.5057462692260742
0.2739518127441407,0.4386314392089844
0.031394287109375085,0.5057453155517578
0.2748520812988282,0.43862380981445315
0.10652856445312509,0.08959999084472658
0.27642755126953134,0.43877639770507815
0.10735253906250009,0.09037437438964846
0.2786324462890626,0.4390625
0.10408715820312509,0.09284248352050783
0.2808487854003907,0.4389194488525391
0.13735131835937509,0.46564903259277346
0.09875421142578134,0.09878959655761721
0.13915948486328134,0.46643867492675783
0.09984521484375009,0.09973182678222658
0.14172296142578134,0.46732749938964846
0.10008172607421884,0.10095252990722658
0.10243157958984384,0.6482576370239258
0.14520196533203134,0.46808662414550783
0.09844903564453134,0.10304298400878908
0.10234384155273446,0.6480478286743164
0.1405899963378907,0.3658145904541016
0.14825372314453134,0.46870079040527346
0.10328607177734384,0.10091056823730471
0.10274057006835946,0.6473831176757813
0.14100961303710946,0.3653606414794922
0.10669641113281259,0.10059394836425783
0.10394982910156259,0.646729850769043
0.14244393920898446,0.3647817611694336
0.10261468505859384,0.6467079162597656
0.1444962463378907,0.36435928344726565
0.14679650878906259,0.36413326263427737
0.14946679687500009,0.36411895751953127
0.2537301025390626,0.5543807983398438
0.25512628173828134,0.5549224853515625
0.2574227294921876,0.5556625366210938
0.07858209228515634,0.22596397399902346
0.07854394531250009,0.22644081115722658
0.07995538330078134,0.2267631530761719
0.2926247558593751,0.5653327941894531
0.08222894287109384,0.2268413543701172
0.2947152099609376,0.5657333374023438
0.07206658935546884,0.23361053466796877
0.29721002197265634,0.5661396026611328
0.07475213623046884,0.2333244323730469
0.29920892333984384,0.5657829284667969
0.07779626464843759,0.23292579650878908
0.2188523254394532,0.5979742050170899
0.3368027648925782,0.2584432601928711
0.30105523681640634,0.5652946472167969
0.08071069335937509,0.23263397216796877
0.21861581420898446,0.5975297927856446
0.33537225341796884,0.2580436706542969
0.044226928710937585,0.23624839782714846
0.21904687500000009,0.5973752975463867
0.3353188476562501,0.2577661514282227
0.21973352050781259,0.5973686218261719
0.3357155761718751,0.257574462890625
0.22061090087890634,0.5974296569824219
0.3360856018066407,0.25742473602294924
0.22184686279296884,0.5974868774414063
0.33688668823242196,0.2572521209716797
0.22323922729492196,0.5976003646850586
0.33818368530273446,0.25710811614990237
0.22485665893554696,0.5977396011352539
0.34001473999023446,0.25699462890625
0.016089721679687585,0.5898517608642578
0.2263291320800782,0.598141098022461
0.3422501525878907,0.25695075988769533
0.017310424804687585,0.58994140625
0.10050134277343759,0.7079929351806641
0.34459237670898446,0.2569278717041016
0.018836303710937585,0.5904411315917969
0.10079888916015634,0.7084487915039063
0.10167626953125009,0.7086261749267578
0.21511773681640634,0.37009849548339846
0.31474618530273446,0.25123348236083987
0.10329370117187509,0.7086566925048828
0.21639947509765634,0.3701957702636719
0.09217004394531259,0.7116874694824219
0.21797875976562509,0.3702129364013672
0.07703332519531259,0.7158130645751953
0.21932916259765634,0.37027778625488283
0.11542443847656259,0.1750225067138672
0.20609979248046884,0.3760990142822266
0.06272821044921884,0.16875591278076174
0.061927124023437585,0.16862430572509768
0.06433038330078134,0.16786804199218752
0.054786010742187585,0.6492485046386719
0.06718377685546884,0.16726436614990237
0.055823608398437585,0.6493119239807129
0.07015924072265634,0.16690864562988283
0.3883736572265626,0.19732608795166018
0.13278512573242196,0.632870101928711
0.38853387451171884,0.19741573333740237
0.09877709960937509,0.6623271942138672
0.053336425781250085,0.6461619377136231
0.06732873535156259,0.2411526679992676
0.13281945800781259,0.6333602905273438
0.38887338256835946,0.19750728607177737
0.25504998779296884,0.5331195831298828
0.09919671630859384,0.6623672485351563
0.051001831054687585,0.6416496276855469
0.06993798828125009,0.2403897285461426
0.38913278198242196,0.19763031005859377
0.25584344482421884,0.532711410522461
0.09976129150390634,0.6622413635253906
0.050101562500000085,0.6375378608703614
0.07329492187500009,0.2396129608154297
0.3894417724609376,0.1976665496826172
0.10066156005859384,0.6618999481201172
0.049216552734375085,0.6357625961303711
0.07700280761718759,0.23874654769897463
0.13178186035156259,0.6266321182250977
0.3899300537109376,0.1975893020629883
0.10183648681640634,0.6614192962646485
0.052481933593750085,0.6367448806762696
0.08086328125000009,0.23777570724487307
0.13407067871093759,0.6266645431518555
0.1504776916503907,0.21665706634521487
0.39047555541992196,0.1974042892456055
0.09481744384765634,0.667181396484375
0.055976196289062585,0.6375669479370117
0.08461694335937509,0.23668613433837893
0.2679360351562501,0.5612634658813477
0.1369889221191407,0.6269620895385742
0.1527817687988282,0.21565856933593752
0.39104013061523446,0.19710483551025393
0.20527581787109384,0.42464485168457033
0.08692102050781259,0.2357663154602051
0.14019708251953134,0.6274913787841797
0.15573815917968759,0.21451511383056643
0.3916390380859376,0.19672431945800783
0.24785546875000009,0.47903099060058596
0.20574884033203134,0.42425003051757815
0.14302377319335946,0.6274417877197266
0.1576035461425782,0.21355571746826174
0.3921883544921876,0.19636096954345705
0.25027398681640634,0.47857131958007815
0.27850274658203134,0.09813537597656252
0.20650415039062509,0.4239543914794922
0.3926918945312501,0.19602813720703127
0.25289849853515634,0.47822227478027346
0.28117303466796884,0.09696998596191408
0.20757226562500009,0.42374839782714846
0.39329461669921884,0.19567718505859377
0.2846901855468751,0.09574356079101565
0.20893792724609384,0.4235595703125
0.3940041503906251,0.19537963867187502
0.2612832031250001,0.10135688781738283
0.21054010009765634,0.4234184265136719
0.3945572814941407,0.19519844055175783
0.21221856689453134,0.42330398559570315
0.3949234924316407,0.19507732391357424
0.21458367919921884,0.42321052551269533
0.3954384765625001,0.19487609863281252
0.21764306640625009,0.42310752868652346
0.24385766601562509,0.6364249229431153
0.016486450195312585,0.6728366851806641
0.39602975463867196,0.19464149475097658
0.22014550781250009,0.42264976501464846
0.22907189941406259,0.6310843467712403
0.017310424804687585,0.6729430198669434
0.34710626220703134,0.6191104888916016
0.3965867004394532,0.19438018798828127
0.018470092773437585,0.6729487419128418
0.018866821289062585,0.32253541946411135
0.03243569946289071,0.6582798004150391
0.3971322021484376,0.19413795471191408
0.020041748046875085,0.6729096412658692
0.020270629882812585,0.3222517013549805
0.032210632324218835,0.6582006454467774
0.39781503295898446,0.19388999938964846
0.40042047119140634,0.49186553955078127
0.019049926757812585,0.672451400756836
0.022071166992187585,0.32201852798461916
0.3950875244140626,0.6201881408691406
0.055472656250000085,0.24317398071289065
0.032889648437500085,0.6581319808959961
0.39874200439453134,0.19359912872314455
0.39901666259765634,0.4908298492431641
0.023764892578125085,0.321872615814209
0.39596490478515634,0.6194099426269531
0.055541320800781335,0.24286880493164065
0.03445748901367196,0.6582569122314453
0.3997414550781251,0.19331016540527346
0.052283569335937585,0.5641311645507813
0.025565429687500085,0.3217333793640137
0.056159301757812585,0.24276676177978518
0.3421242675781251,0.2211326599121094
0.03667001342773446,0.658514404296875
0.40066842651367196,0.19298591613769533
0.052031799316406335,0.5640491485595703
0.13513116455078134,0.21270599365234377
0.036277099609375085,0.6615165710449219
0.027625366210937585,0.3216289520263672
0.057341857910156335,0.24278774261474612
0.34390191650390634,0.22056236267089846
0.03934793090820321,0.6587652206420899
0.4017746887207032,0.19252624511718752
0.052642150878906335,0.5640701293945313
0.13552789306640634,0.2127555847167969
0.028800292968750085,0.6549781799316406
0.030020996093750085,0.32155838012695315
0.058989807128906335,0.24293270111083987
0.3461869201660157,0.2199567794799805
0.042121215820312585,0.6589378356933594
0.40310601806640634,0.19204463958740237
0.13665704345703134,0.21274795532226565
0.3819191894531251,0.7467273712158203
0.032904907226562585,0.32159223556518557
0.07202081298828134,0.6008938789367676
0.060912414550781335,0.24315967559814455
0.34879998779296884,0.21931304931640627
0.044631286621093835,0.6589693069458008
0.028952880859375085,0.5528072357177735
0.13789300537109384,0.21276702880859377
0.07298211669921884,0.6030682563781739
0.25784234619140634,0.5107778549194336
0.06333093261718759,0.24361267089843752
0.33993844604492196,0.2242006301879883
0.046950622558593835,0.6589693069458008
0.030127807617187585,0.5528587341308594
0.13914422607421884,0.2127422332763672
0.07556466674804696,0.612122917175293
0.25961236572265634,0.5112022399902344
0.06613854980468759,0.24408664703369143
0.031531616210937585,0.5528244018554688
0.14082269287109384,0.21262397766113283
0.07495812988281259,0.6181925773620606
0.26190118408203134,0.5116428375244141
0.06899957275390634,0.2446779251098633
0.3773262939453126,0.6013845443725586
0.033576293945312585,0.5527938842773438
0.14338616943359384,0.21239891052246096
0.22174768066406259,0.7096885681152344
0.07684640502929696,0.6191319465637207
0.21932153320312509,0.23791065216064455
0.07182244873046884,0.24524631500244143
0.3781693420410157,0.6005081176757813
0.22238092041015634,0.7097896575927735
0.07600717163085946,0.6177066802978516
0.21916513061523446,0.23732652664184573
0.37880258178710946,0.5995964050292969
0.37533502197265634,0.22755088806152346
0.10045556640625009,0.2042411804199219
0.22431115722656259,0.7093223571777344
0.07945947265625009,0.6182669639587403
0.22103051757812509,0.23653545379638674
0.3749192199707032,0.22710266113281252
0.08302621459960946,0.6189421653747559
0.21365670776367196,0.2396587371826172
0.13472680664062509,0.30468406677246096
0.19164208984375009,0.7363866806030274
0.08667687988281259,0.6196898460388184
0.19792108154296884,0.24466600418090823
0.1338303527832032,0.30480709075927737
0.03134660339355477,0.18585588932037356
0.19158105468750009,0.7363418579101563
0.19783715820312509,0.32381620407104494
0.09052209472656259,0.620585823059082
0.19230584716796884,0.24543418884277346
0.13349084472656259,0.3048395156860352
0.19199304199218759,0.7361997604370117
0.19797448730468759,0.32369174957275393
0.1338150939941407,0.304693603515625
0.17836694335937509,0.7349723815917969
0.19858483886718759,0.32353916168212893
0.13449792480468759,0.30443801879882815
0.027129455566406335,0.23915138244628908
0.007283493041992273,0.617681884765625
0.19950036621093759,0.32343616485595705
0.26362542724609384,0.33719863891601565
0.23322991943359384,0.5867618560791016
0.027579589843750085,0.23870124816894533
0.008035942077636804,0.6187900543212891
0.20066003417968759,0.32334651947021487
0.28955010986328134,0.7541202545166016
0.26286248779296884,0.33819427490234377
0.37596444702148446,0.5433258056640625
0.23339013671875009,0.5865940093994141
0.028563781738281335,0.23842849731445315
0.20181970214843759,0.3232916831970215
0.28987054443359384,0.7547639846801758
0.26370172119140634,0.33869209289550783
0.3752816162109376,0.5437692642211914
0.23345117187500009,0.5861495971679688
0.33094720458984384,0.2502464294433594
0.030028625488281335,0.23827781677246096
0.012932106018066492,0.6340717315673828
0.20273522949218759,0.3232015609741211
0.29127435302734384,0.755316162109375
0.26573114013671884,0.338624382019043
0.3746407470703126,0.5450176239013672
0.20263604736328134,0.5800041198730469
0.3304360351562501,0.24990692138671877
0.21231011962890634,0.4784435272216797
0.031707092285156335,0.2383445739746094
0.014153285980224695,0.634609603881836
0.20371179199218759,0.3230809211730957
0.2934029541015626,0.755717658996582
0.26855401611328134,0.3381189346313477
0.19869927978515634,0.5801548004150391
0.3305733642578126,0.2496818542480469
0.21384362792968759,0.4782871246337891
0.033431335449218835,0.23854103088378908
0.016271635055542077,0.6349491119384766
0.20458154296875009,0.3230294227600098
0.29603509521484384,0.7559103012084961
0.2717354736328126,0.3372968673706055
0.19954614257812509,0.5802158355712891
0.3313363037109376,0.24951210021972658
0.21539239501953134,0.47826423645019533
0.035384460449218835,0.23876037597656252
0.019098325729370202,0.6353076934814453
0.29913262939453134,0.7559799194335938
0.27531365966796884,0.3362945556640625
0.09041909790039071,0.6637052536010742
0.20062188720703134,0.5804065704345703
0.3324196777343751,0.24938621520996096
0.21042565917968759,0.47788276672363283
0.037467285156250085,0.23894348144531252
0.01786021804809579,0.6344169616699219
0.14282731628417977,0.5479077339172364
0.27889947509765634,0.33535232543945315
0.08937005615234384,0.6635021209716797
0.20194177246093759,0.5806602478027344
0.3338234863281251,0.24930992126464846
0.021305366516113367,0.6348175048828125
0.10591606712341317,0.26511421203613283
0.1437466583251954,0.5481027603149414
0.050322814941406335,0.7276538848876953
0.08930902099609384,0.6632684707641602
0.20345239257812509,0.580908203125
0.33573846435546884,0.2491630554199219
0.10894827461242684,0.264776611328125
0.14532785034179696,0.5483685970306397
0.22416810607910165,0.22960653305053713
0.05031900024414071,0.7282184600830078
0.08985452270507821,0.6630338668823242
0.20535211181640634,0.5810741424560547
0.33816461181640634,0.24894561767578127
0.112023874282837,0.2645877838134766
0.14725045776367196,0.5483047008514405
0.2343705139160157,0.22954180240631106
0.051322265625000085,0.728524112701416
0.20740441894531259,0.5811904907226563
0.3409493408203126,0.24867095947265627
0.23703317260742196,0.22911336421966555
0.23781518554687509,0.7428025245666504
0.05285958862304696,0.7286194801330567
0.20944909667968759,0.5811943054199219
0.34391717529296884,0.24834480285644533
0.24003343200683602,0.22856655120849612
0.23819665527343759,0.7427987098693848
0.05477456665039071,0.728547477722168
0.33843927001953134,0.2475914001464844
0.24341325378417977,0.22780504226684573
0.23874597167968759,0.7425850868225098
0.2577736816406251,0.3040622711181641
0.056723876953125085,0.7284673690795899
0.3087227783203126,0.5403675079345703
0.24710778808593759,0.22697880268096926
0.23978356933593759,0.7422260284423828
0.2579415283203126,0.3040913581848145
0.34646539306640634,0.7058490753173828
0.05892495727539071,0.7284296989440918
0.3092720947265626,0.5413516998291016
0.2505162200927735,0.2262962102890015
0.24098901367187509,0.7420562744140625
0.2591469726562501,0.30335464477539065
0.34883050537109384,0.705448055267334
0.06190805053710946,0.7284516334533692
0.00031594848632821027,0.4209641456604004
0.37277536010742196,0.21414890289306643
0.31138543701171884,0.5440467834472656
0.06255273437500009,0.6542819976806641
0.07392816162109384,0.2890533447265625
0.2529080352783204,0.22828438282012942
0.23325280761718759,0.7393206596374512
0.2605660400390626,0.3027533531188965
0.35212640380859384,0.7056459426879883
0.3181984863281251,0.5807708740234375
0.3465035400390626,0.23207702636718752
0.062072082519531335,0.6546424865722656
0.07308129882812509,0.2896636962890625
0.2934937915802003,0.6540397644042969
0.2559178314208985,0.22792103290557864
0.21652917480468759,0.7371262550354004
0.2621834716796876,0.3022011756896973
0.3280251464843751,0.2370323181152344
0.062087341308593835,0.6549800872802735
0.07347039794921884,0.2899192810058594
0.29391769981384286,0.6536945343017578
0.21448449707031259,0.7397493362426758
0.2643349609375001,0.3016094207763672
0.27476815795898446,0.24397220611572268
0.014281555175781335,0.6489662170410156
0.3173134765625001,0.2374462127685547
0.06286553955078134,0.655300521850586
0.07480554199218759,0.2899784088134766
0.2947211704254151,0.6534847259521485
0.2668374023437501,0.3011015892028809
0.27298287963867196,0.2428916931152344
0.013480468750000085,0.6488622665405274
0.29749993896484384,0.24116554260253908
0.06426171875000009,0.6555217742919922
0.07685784912109384,0.28980484008789065
0.29573134994506844,0.653631591796875
0.2696450195312501,0.30065383911132815
0.2730820617675782,0.24297180175781252
0.008689208984375085,0.6480945587158203
0.06609277343750009,0.655697250366211
0.07942132568359384,0.2895683288574219
0.2970188102722169,0.6537269592285156
0.2727578125000001,0.30007638931274416
0.26570443725585946,0.241395378112793
0.00918893432617196,0.648744010925293
0.30195550537109384,0.5617050170898438
0.08016900634765634,0.28941192626953127
0.29890637016296395,0.6537574768066406
0.4014256439208985,0.6258172035217285
0.26347283935546884,0.2396406173706055
0.009803100585937585,0.6494020462036133
0.3006966552734376,0.5616535186767578
0.3016274414062501,0.21749916076660158
0.3014121494293214,0.6538375854492188
0.35341338729858407,0.25430145263671877
0.40280274963378915,0.6258725166320801
0.010192199707031335,0.649974250793457
0.29975823974609384,0.5614208221435547
0.30018548583984384,0.21762886047363283
0.30435280418396005,0.6540321350097656
0.3552153549194337,0.25376358032226565
0.01006631469726571,0.6507314682006836
0.29634027099609384,0.5584033966064453
0.2989266357421876,0.2176841735839844
0.2989924392700196,0.6402687072753906
0.35745315170288094,0.25300445556640627
0.14296464538574227,0.34980359077453616
0.0016358337402344603,0.6559432983398438
0.29847650146484384,0.21770515441894533
0.2997200927734376,0.6309932708740235
0.3603311023712159,0.25242080688476565
0.14253358459472665,0.3496215581893921
0.33586053466796884,0.7525271415710449
0.3787301025390626,0.36497154235839846
0.28782586669921884,0.5504631042480469
0.29843072509765634,0.21772041320800783
0.36311297035217294,0.2520774841308594
0.04379777526855477,0.6390854358673096
0.1433651885986329,0.34957232475280764
0.3356125793457032,0.7524255752563477
0.3780892333984376,0.36518659591674807
0.2884591064453126,0.5504955291748047
0.29890374755859384,0.21771850585937502
0.17392663574218759,0.2938102722167969
0.04540757751464852,0.6392315864562989
0.1447537384033204,0.3496424198150635
0.3361313781738282,0.7523802757263184
0.37794808959960946,0.3653439521789551
0.2894967041015626,0.5504535675048828
0.29992608642578134,0.21759834289550783
0.21037988281250009,0.6723941802978516
0.17481164550781259,0.29439773559570315
0.04274110412597665,0.638431453704834
0.14643601989746102,0.34979631900787356
0.3373177490234376,0.7523683547973633
0.3783333740234376,0.36539735794067385
0.29104547119140634,0.5502513885498047
0.30158929443359384,0.21726074218750002
0.21057061767578134,0.6727432250976563
0.17467431640625009,0.29448928833007815
0.03146104431152352,0.6313320636749268
0.14833192443847665,0.350035572052002
0.3386948547363282,0.7524351119995117
0.3789933166503907,0.36548795700073244
0.2926094970703126,0.550320053100586
0.3039162597656251,0.21681251525878908
0.21124963378906259,0.6730445861816406
0.3874419174194337,0.6517070770263672
0.15054063415527352,0.3503813982009888
0.040519042968750085,0.6042884826660156
0.3399270019531251,0.7524980545043946
0.3796761474609376,0.3654622077941895
0.30772714233398446,0.2582735061645508
0.30645684814453134,0.21645965576171877
0.21179132080078134,0.6732315063476563
0.387250228881836,0.6512760162353516
0.15305070495605477,0.3508199691772461
0.042022033691406335,0.6041885852813721
0.3412087402343751,0.7525304794311524
0.38051156616210946,0.36541023254394533
0.2992051086425782,0.25962104797363283
0.08426599121093759,0.5487884521484375
0.005790039062500085,0.232392692565918
0.30898980712890634,0.21615257263183596
0.21237878417968759,0.6733306884765625
0.038771911621093835,0.3432182312011719
0.3874032936096192,0.6507781982421875
0.37451223945617684,0.27291526794433596
0.15521363830566415,0.3511096477508545
0.34255914306640634,0.7525714874267578
0.3814957580566407,0.36529245376586916
0.2774308166503907,0.6063140869140625
0.3005135498046876,0.2602743148803711
0.08481530761718759,0.550604248046875
0.007560058593750085,0.23284950256347658
0.3119729003906251,0.21576919555664065
0.21324090576171884,0.6734451293945313
0.040053649902343835,0.34305419921875
0.38290457344055184,0.6502841949462891
0.3438942871093751,0.7526177406311035
0.3825791320800782,0.3651322364807129
0.27812127685546884,0.6068824768066406
0.29880075073242196,0.26258125305175783
0.009650512695312585,0.23307170867919924
0.21443872070312509,0.6735576629638672
0.041533752441406335,0.34289207458496096
0.15138892745971688,0.3155826568603516
0.34546212768554696,0.7526372909545899
0.3836892089843751,0.36491193771362307
0.27926568603515634,0.607204818725586
0.28132562255859384,0.2700342178344727
0.07501916503906259,0.5395587921142578
0.21550683593750009,0.6736053466796875
0.376749797821045,0.6485523223876953
0.15102986907958993,0.3156932830810547
0.34725885009765634,0.7526792526245117
0.3848374328613282,0.3647526741027832
0.2808335266113282,0.607265853881836
0.07573632812500009,0.5415252685546875
0.20838098144531259,0.6772064208984375
0.37699751472473153,0.6486381530761719
0.006796880722045984,0.7131179809570313
0.15149001693725594,0.315740966796875
0.3490708312988282,0.7527154922485352
0.3860581359863282,0.3646286964416504
0.07857446289062509,0.5420993804931641
0.0072596511840821165,0.713690185546875
0.15228442764282235,0.31569900512695315
0.3872139892578126,0.36445035934448244
0.08151940917968759,0.5421957015991211
0.15314106559753426,0.3156646728515625
0.3883164367675782,0.3643077850341797
0.08205346679687509,0.5417961120605469
0.2864354095458985,0.6308146953582764
0.37921456909179696,0.3598774909973145
0.285992904663086,0.6305495738983155
0.3740151367187501,0.6504844665527344
0.3744452438354493,0.6078971862792969
0.2858498535156251,0.6301220893859864
0.3765824279785157,0.2695001602172852
0.19331292724609384,0.7478355407714844
0.22700433349609384,0.3408512115478516
0.285931869506836,0.6296831607818604
0.375867172241211,0.26921322345733645
0.11138848876953134,0.2994952440261841
0.19345788574218759,0.7477630615234375
0.22717980957031259,0.3406108856201172
0.28633432006835946,0.6293903827667237
0.37570314025878915,0.26897730827331545
0.08452157592773446,0.6694463729858399
0.05904702758789071,0.3188966751098633
0.18874291992187509,0.7468952178955078
0.22806481933593759,0.3401988983154297
0.3211486778259278,0.5718616485595703
0.28708009338378915,0.6292320728302002
0.3759701690673829,0.2687260150909424
0.2705796203613282,0.6327232360839844
0.3889115295410157,0.2698272705078125
0.08447579956054696,0.6695331573486328
0.05919961547851571,0.31901206970214846
0.18533258056640634,0.7462753295898438
0.22894982910156259,0.3398937225341797
0.32040457344055184,0.5721019744873047
0.3744142494201661,0.22907295227050783
0.0902338466644288,0.6977104187011719
0.28836373901367196,0.6291984558105469
0.3768418273925782,0.2684602975845337
0.3301308593750001,0.7797826766967774
0.38995675659179696,0.26928176879882815
0.08537225341796884,0.6699127197265625
0.06055001831054696,0.31911602020263674
0.22305993652343759,0.5502237319946289
0.22975854492187509,0.3396629333496094
0.31960944747924813,0.5719379425048828
0.37430147743225106,0.2286705017089844
0.08921579933166512,0.6979888916015625
0.28965692138671884,0.6292807102203369
0.3778336486816407,0.2682522773742676
0.3299668273925782,0.7794445991516114
0.3799851379394532,0.34174957275390627
0.3800309143066407,0.2709077835083008
0.08670739746093759,0.6702665328979492
0.06221322631835946,0.3191398620605469
0.23042993164062509,0.3395084381103516
0.0888910732269288,0.697943115234375
0.29116754150390634,0.6294290065765381
0.3792050323486329,0.2680350780487061
0.23516778564453134,0.6597134113311768
0.3266365966796876,0.7805322647094727
0.37979058837890634,0.34162464141845705
0.08853845214843759,0.6705717086791992
0.06437997436523446,0.31905307769775393
0.23133020019531259,0.33939208984375
0.08881716346740731,0.6978744506835938
0.29295281982421884,0.6297322750091553
0.3809597930908204,0.2679018020629883
0.23612908935546884,0.6586846351623535
0.3072007141113282,0.7844137191772461
0.37855462646484384,0.3407625198364258
0.09072045898437509,0.6708883285522461
0.06687097167968759,0.31890621185302737
0.23242883300781259,0.33936347961425783
0.08866767501831063,0.6978477478027344
0.29504327392578134,0.6301206588745117
0.38311700439453134,0.26780750751495364
0.23826531982421884,0.6581968307495117
0.09320382690429696,0.6711257934570313
0.06955651855468759,0.31869258880615237
0.23367242431640634,0.3394016265869141
0.07070736503601083,0.6969226837158203
0.29732064819335946,0.6305872440338135
0.3854763946533204,0.26777043342590334
0.23511437988281259,0.33949127197265627
0.2991726837158204,0.6310762405395508
0.38796929931640634,0.2677773475646973
0.21047906494140634,0.3410552978515625
0.293286605834961,0.6299830913543701
0.39056710815429696,0.2678514957427979
0.28127984619140634,0.25624980926513674
0.21718530273437509,0.4268101692199707
0.057181640625000085,0.5252098083496094
0.39320687866210946,0.26798238754272463
0.2828896484375001,0.25581433773040774
0.21675042724609384,0.42691793441772463
0.047416015625000085,0.5198844909667969
0.39587335205078134,0.2680888414382935
0.28518609619140634,0.2555341958999634
0.032317443847656335,0.5118049621582031
0.35652474975585946,0.2627455234527588
0.28010491943359384,0.6005798816680908
0.28825311279296884,0.25514235496521
0.06138925170898446,0.6452449798583985
0.031127258300781335,0.509619140625
0.2834389648437501,0.6007732391357422
0.2918923339843751,0.2543902635574341
0.06285028076171884,0.6454013824462891
0.2472794494628907,0.2917808532714844
0.028441711425781335,0.5079330444335938
0.28701715087890634,0.6007787227630615
0.2957833251953126,0.2533841371536255
0.3747322998046876,0.7453011512756348
0.26538018798828134,0.29104461669921877
0.09027032470703134,0.1505149841308594
0.051093383789062585,0.4935907363891602
0.2676613769531251,0.29013671875
0.09276513671875009,0.1499504089355469
0.05192880249023446,0.4935802459716797
0.27062921142578134,0.28925361633300783
0.20867852783203134,0.33939399719238283
0.09555749511718759,0.14977111816406252
0.2881386718750001,0.33660354614257815
0.053458496093750085,0.4937156677246094
0.2688820800781251,0.6382659912109375
0.2740395507812501,0.28877105712890627
0.20395593261718759,0.34290542602539065
0.2066152534484864,0.3366130828857422
0.08509759521484384,0.14774742126464846
0.2621834716796876,0.747905158996582
0.28628854370117196,0.33677234649658205
0.05523233032226571,0.4938959121704102
0.2683480224609376,0.6377986907958985
0.2775681457519532,0.2886070251464844
0.20281915283203134,0.34316864013671877
0.20685104942321786,0.33695259094238283
0.2609627685546876,0.7476386070251465
0.28524713134765634,0.3368429183959961
0.2687600097656251,0.637339973449707
0.28094415283203134,0.2887004852294922
0.2607224426269532,0.7474946022033692
0.28509835815429696,0.3365949630737305
0.2567971191406251,0.6350997924804688
0.28454904174804696,0.2890838623046875
0.26153497314453134,0.7472905158996582
0.2861245117187501,0.336002254486084
0.21221093750000009,0.6178401947021485
0.3127663574218751,0.26629009246826174
0.18598870849609384,0.3729576110839844
0.29359368896484384,0.6890517711639405
0.26285104370117196,0.7472471237182617
0.2874405822753907,0.3354829788208008
0.20174340820312509,0.6133445739746094
0.3129647216796876,0.2655786514282227
0.18650750732421884,0.3720611572265625
0.29385308837890634,0.6892153263092041
0.26445321655273446,0.7472843170166016
0.28893975830078134,0.3350666999816895
0.20206384277343759,0.6092599868774414
0.3148720703125001,0.26533164978027346
0.18726281738281259,0.37148704528808596
0.27391199684143075,0.7322544097900391
0.21240167236328134,0.3992160797119141
0.2947762451171876,0.689177417755127
0.2666237792968751,0.747346305847168
0.2908127746582032,0.3346165657043457
0.3167336425781251,0.265234375
0.18826989746093759,0.3712047576904297
0.2724395236968995,0.7319549560546875
0.20886163330078134,0.39402427673339846
0.28828363037109384,0.6883639335632324
0.29606561279296884,0.3255996942520142
0.2930672607421876,0.33428564071655276
0.17479638671875009,0.32229461669921877
0.3185952148437501,0.2653240203857422
0.18965081787109384,0.3710483551025391
0.26312546348571786,0.7320789337158203
0.29028253173828134,0.6884523868560791
0.29740838623046884,0.32539608478546145
0.29559259033203134,0.33410062789916994
0.1810868225097657,0.7234701156616211
0.1754563293457032,0.3228954315185547
0.2876656494140626,0.27005805969238283
0.19135980224609384,0.37095489501953127
0.25456122970581063,0.732967758178711
0.27809266662597665,0.34031143188476565
0.2924569091796876,0.6885243892669678
0.29911737060546884,0.32506325244903567
0.2985184631347657,0.33393039703369143
0.18056039428710946,0.7236570358276367
0.1749222717285157,0.32342185974121096
0.18455438232421884,0.1652263641357422
0.19347314453125009,0.37089195251464846
0.25425915336608895,0.732418441772461
0.2779975376129151,0.33980789184570315
0.19689874267578134,0.3759674072265625
0.2947915039062501,0.6885327339172364
0.3011239013671876,0.3245867729187012
0.18013696289062509,0.7241682052612305
0.11953668212890634,0.48187103271484377
0.18388681030273446,0.16483917236328127
0.19590692138671884,0.3708690643310547
0.24203281021118173,0.7250350952148438
0.2789111576080323,0.3398326873779297
0.29724053955078134,0.6884616851806641
0.30351190185546884,0.3239503145217896
0.1759446105957032,0.7270654678344727
0.12000970458984384,0.4816936492919922
0.1840165100097657,0.16449966430664065
0.19891290283203134,0.37092056274414065
0.22584037399292,0.7154754638671875
0.27490596389770516,0.3395904541015625
0.17603997802734384,0.3628410339355469
0.29980401611328134,0.6883121967315674
0.3062050781250001,0.3231740236282349
0.11153726196289071,0.3385004043579102
0.3771279296875001,0.6116508483886719
0.12088327026367196,0.48168220520019533
0.18464593505859384,0.16427650451660158
0.20261315917968759,0.3710197448730469
0.22650532341003426,0.7162918090820313
0.27276806449890145,0.3408073425292969
0.30230645751953134,0.6880213260650635
0.3089516601562501,0.3222722053527832
0.11068276977539071,0.3386119842529297
0.3776925048828126,0.6113428115844727
0.12198190307617196,0.48178901672363283
0.18559579467773446,0.16425170898437502
0.22782592391967782,0.7169651031494141
0.26591615295410165,0.34382095336914065
0.30493096923828134,0.6876617908477783
0.3119423828125001,0.32132508754730227
0.09120874023437509,0.7209590911865235
0.11002282714843759,0.33871307373046877
0.3786232910156251,0.6104082107543946
0.07628564453125009,0.6082767486572266
0.13573388671875009,0.2368034362792969
0.12346200561523446,0.4820255279541016
0.1869309387207032,0.16437568664550783
0.22972349739074716,0.7175525665283203
0.256613775253296,0.344580078125
0.3078377685546876,0.6872931957244873
0.3152077636718751,0.32035460472106936
0.09104852294921884,0.7209705352783203
0.09241418457031259,0.34771385192871096
0.07637719726562509,0.6079763412475586
0.13515405273437509,0.2364076614379883
0.1252396545410157,0.482366943359375
0.18854455566406259,0.16457405090332033
0.2239480457305909,0.7112716674804688
0.2534995517730714,0.34266319274902346
0.3111641845703126,0.6868993282318115
0.3188393554687501,0.31935169696807864
0.09135751342773446,0.720857048034668
0.07721643066406259,0.6078857421875
0.13539819335937509,0.23602905273437502
0.1273606262207032,0.4827922821044922
0.19041375732421884,0.16480865478515627
0.2558231792449952,0.342474365234375
0.09212808227539071,0.7205795288085938
0.06460885620117196,0.36889400482177737
0.13620690917968759,0.23572673797607424
0.40046624755859384,0.542486572265625
0.19248132324218759,0.1650432586669922
0.2576499423980714,0.3422721862792969
0.09342126464843759,0.7201494216918946
0.06573419189453134,0.3682130813598633
0.054892822265625085,0.5786022186279297
0.13747338867187509,0.23557796478271487
0.1945908508300782,0.1654838562011719
0.07068566894531259,0.7205928802490235
0.06722192382812509,0.3675836563110352
0.055899902343750085,0.5786680221557617
0.13893823242187509,0.23557796478271487
0.3933670959472657,0.5175823211669922
0.19679193115234384,0.16596069335937502
0.06888131713867196,0.3671125411987305
0.3914711914062501,0.194642448425293
0.057441040039062585,0.5790742874145508
0.14072351074218759,0.2356285095214844
0.3952095947265626,0.5180839538574219
0.19905023193359384,0.16645088195800783
0.30444268798828134,0.39391555786132815
0.07088403320312509,0.36664810180664065
0.059302612304687585,0.5794767379760742
0.14292077636718759,0.23563137054443362
0.39721994018554696,0.5186542510986328
0.2012284240722657,0.16692771911621096
0.30459527587890634,0.39405670166015627
0.061423583984375085,0.579835319519043
0.14556054687500009,0.2355684280395508
0.20325021362304696,0.16734352111816408
0.3010628662109376,0.39333763122558596
0.014525695800781335,0.5005382537841797
0.06400231933593759,0.5801462173461914
0.14861230468750009,0.2354454040527344
0.014098449707031335,0.5007099151611328
0.023299499511718835,0.16090049743652346
0.14844445800781259,0.2353681564331055
0.34999279594421395,0.6898540496826172
0.014440580368042077,0.6895908355712891
0.0636842689514161,0.3159069061279297
0.014220520019531335,0.5008453369140625
0.023032470703125085,0.16109695434570315
0.014609142303466882,0.6893314361572266
0.06373600578308114,0.3157562255859375
0.009993835449218835,0.5006107330322266
0.023459716796875085,0.16129531860351565
0.07333712196350106,0.15277900695800783
0.34001164054870614,0.6874851226806641
0.01510767555236825,0.6893638610839844
0.06427459335327157,0.31571426391601565
0.024184509277343835,0.16143646240234377
0.3285136661529542,0.6821521759033203
0.015635057449340906,0.6895774841308594
0.06501416778564462,0.31580963134765627
0.24790887451171884,0.0785240173339844
0.025061889648437585,0.16151084899902346
0.32543830490112313,0.681484603881836
0.016313835144043054,0.6899208068847656
0.06586913681030282,0.31598701477050783
0.23900537109375009,0.07823982238769533
0.026221557617187585,0.16148033142089846
0.01726393318176278,0.6903537750244141
0.0668585739135743,0.3161376953125
0.23204736328125009,0.07769241333007815
0.027694030761718835,0.16138687133789065
0.018499418258667077,0.6908134460449219
0.06803040122985848,0.3162425994873047
0.21811608886718759,0.08600273132324221
0.010093017578125085,0.16072120666503908
0.26560906982421884,0.6090167999267578
0.30360726928710946,0.26344146728515627
0.019922300338745202,0.691280746459961
0.06932692146301278,0.3163055419921875
0.14333276367187509,0.3412469863891602
0.26532296752929696,0.6090473175048828
0.30326776123046884,0.26367034912109377
0.021350666046142663,0.6917194366455078
0.0706732711791993,0.31637420654296877
0.14188317871093759,0.3408550262451172
0.20143823242187509,0.5999807357788086
0.22573022460937509,0.22167339324951174
0.2662003479003907,0.6092132568359375
0.30408029174804696,0.26380767822265627
0.023196025848388757,0.6923107147216797
0.0724435291290284,0.31651153564453127
0.14203576660156259,0.3406099319458008
0.20120935058593759,0.5998605728149414
0.22508935546875009,0.22164764404296877
0.26739434814453134,0.6093677520751953
0.3053544006347657,0.26382102966308596
0.024802490234375085,0.6928428649902344
0.07389883613586434,0.31667556762695315
0.14302377319335946,0.34041919708251955
0.19821862792968759,0.599009895324707
0.22495202636718759,0.22159519195556643
0.2692521057128907,0.6094573974609375
0.3071358642578126,0.26376953125
0.02640513992309579,0.693355941772461
0.07527379608154305,0.31679954528808596
0.052025600433349695,0.14796295166015627
0.14482049560546884,0.34017314910888674
0.18648461914062509,0.595394515991211
0.22505883789062509,0.22160282135009768
0.27178887939453134,0.6095699310302735
0.30939035034179696,0.26360931396484377
0.0668740711212159,0.31674995422363283
0.05468802070617684,0.14713897705078127
0.14697198486328134,0.3400138854980469
0.18662194824218759,0.5958446502685547
0.22536401367187509,0.2216047286987305
0.3119309387207032,0.2635101318359375
0.27888421630859384,0.4849246978759766
0.018857999801635827,0.5497631072998047
0.05150417900085458,0.15113105773925783
0.14943627929687509,0.33998813629150393
0.18686608886718759,0.5962804794311524
0.22608117675781259,0.2215312957763672
0.31466607666015634,0.26356353759765627
0.27877740478515634,0.48533096313476565
0.40307550048828134,0.11642112731933596
0.027350708007812585,0.21779861450195315
0.05356196975708016,0.15090217590332033
0.15205316162109384,0.33997859954833987
0.18714074707031259,0.5967000961303711
0.22702722167968759,0.2214235305786133
0.3154252014160157,0.2631706237792969
0.2781289062500001,0.4856571197509766
0.026946350097656335,0.21805992126464846
0.18747644042968759,0.5970481872558594
0.22806481933593759,0.2213024139404297
0.4014962158203126,0.1155265808105469
0.027182861328125085,0.21846618652343752
0.18772058105468759,0.5972818374633789
0.22881250000000009,0.22122898101806643
0.39651422119140634,0.11814537048339846
0.028106018066406335,0.21877517700195315
0.18781213378906259,0.597418212890625
0.22925500488281259,0.22124710083007815
0.38650445556640634,0.12453308105468752
0.0011208496093750853,0.5649703979492188
0.029647155761718835,0.2188915252685547
0.011488243103027429,0.5947574615478516
0.18772058105468759,0.5975193023681641
0.22281579589843759,0.22156944274902346
0.031447692871093835,0.21900787353515627
0.0122161350250245,0.5941967010498047
0.18616418457031259,0.5975250244140625
0.20413903808593759,0.22394504547119143
0.1514087162017823,0.7384246826171875
0.15093783950805673,0.3735393524169922
0.033171936035156335,0.2191795349121094
0.013442798614502038,0.5934356689453125
0.18671350097656259,0.22846736907958987
0.15130905723571786,0.7384532928466797
0.15085153198242196,0.37364044189453127
0.014319225311279382,0.5933937072753906
0.18299035644531259,0.2293571472167969
0.1518958053588868,0.7385562896728516
0.1513927421569825,0.3735851287841797
0.18218164062500009,0.22959651947021487
0.15261559104919442,0.7386211395263672
0.15205125427246102,0.37345542907714846
0.18172387695312509,0.22989692687988283
0.15349273300170907,0.7386249542236328
0.15276770210266122,0.37327232360839846
0.25212411499023446,0.18887367248535158
0.10608605957031259,0.5699514389038086
0.18147973632812509,0.23035945892333987
0.15474133110046395,0.7387241363525391
0.153849407196045,0.3729766845703125
0.2509072265625001,0.18876686096191408
0.10588769531250009,0.570283317565918
0.18160180664062509,0.23073997497558596
0.15643505668640145,0.738613510131836
0.155450387954712,0.372564697265625
0.24996118164062509,0.18875827789306643
0.10619287109375009,0.5704778671264649
0.15877966499328622,0.7384933471679688
0.1576016387939454,0.37206878662109377
0.24861840820312509,0.18877830505371096
0.10697106933593759,0.5705083847045899
0.16083316421508798,0.371435546875
0.22321252441406259,0.5910572052001953
0.051566406250000085,0.2913421630859375
0.24747399902343759,0.1888460159301758
0.3953927001953126,0.5884965896606446
0.10785607910156259,0.5703910827636719
0.163553997039795,0.37110748291015627
0.21882562255859384,0.6026042938232422
0.049727722167968835,0.2914775848388672
0.24648980712890634,0.18895664215087893
0.10861901855468759,0.5702766418457031
0.048507019042968835,0.2918266296386719
0.24562768554687509,0.1891359329223633
0.07489709472656259,0.5874027252197266
0.019049926757812585,0.3465322494506836
0.19937829589843759,0.6335605621337891
0.047309204101562585,0.2923149108886719
0.24486093139648446,0.18939247131347658
0.020102783203125085,0.3466638565063477
0.19251947021484384,0.63834228515625
0.026000305175781335,0.2820629119873047
0.23742608642578134,0.19341125488281252
0.2335617980957032,0.19634475708007815
0.23219995117187509,0.19642391204833987
0.23057870483398446,0.1965803146362305
0.28678826904296884,0.6779636383056641
0.08173303222656259,0.7961772918701172
0.22911004638671884,0.19665279388427737
0.28671197509765634,0.6803630828857422
0.07549981689453134,0.7968639373779297
0.2282517395019532,0.19648685455322268
0.28417901611328134,0.6796554565429688
0.22861032104492196,0.1960033416748047
0.2678456745147706,0.7415203094482422
0.31848101234436044,0.34513130187988283
0.2820351562500001,0.6794342041015625
0.019179626464843835,0.24648132324218752
0.22978524780273446,0.1955293655395508
0.2668862781524659,0.7410396575927735
0.3162901840209962,0.345098876953125
0.28048638916015634,0.6793407440185547
0.018721862792968835,0.24614944458007815
0.23103265380859384,0.19535293579101565
0.2664306602478028,0.7407936096191406
0.3156354866027833,0.34499778747558596
0.2813790283203126,0.6787227630615235
0.019042297363281335,0.2454418182373047
0.23235253906250009,0.19527473449707033
0.051017089843750085,0.41380157470703127
0.2663851222991944,0.7407421112060547
0.3155463180541993,0.34493865966796877
0.27940301513671884,0.6774219512939453
0.019988342285156335,0.24455299377441408
0.016207500457763757,0.708135986328125
0.23368768310546884,0.19528713226318362
0.3015816650390626,0.2566560745239258
0.049247070312500085,0.41362705230712893
0.26665048217773446,0.7408241271972656
0.3158162078857423,0.3448795318603516
0.2812416992187501,0.6776947021484375
0.021491333007812585,0.24354400634765627
0.23524789428710946,0.19549407958984377
0.3950417480468751,0.5946964263916016
0.2801735839843751,0.25419082641601565
0.047782226562500085,0.4134086608886719
0.26721291160583505,0.7410587310791016
0.31647019004821786,0.34482421875
0.2765725097656251,0.6761459350585938
0.024215026855468835,0.24226417541503908
0.23620919799804696,0.1957887649536133
0.2505104980468751,0.2557100296020508
0.046866699218750085,0.4133056640625
0.2678604564666749,0.7412551879882813
0.3172538719177247,0.3447269439697266
0.2690346679687501,0.6735652923583985
0.026717468261718835,0.24139060974121096
0.23700646972656259,0.19616737365722658
0.22298364257812509,0.2607778549194336
0.046164794921875085,0.413270378112793
0.2686059913635255,0.741461181640625
0.31815032577514657,0.34458580017089846
0.2626107177734376,0.6697219848632813
0.029364868164062585,0.2407115936279297
0.23759774780273446,0.19657173156738283
0.19414453125000009,0.2676252365112305
0.045707031250000085,0.41330661773681643
0.2694976768493653,0.7416290283203125
0.3191650352478028,0.3443912506103516
0.032035156250000085,0.2402233123779297
0.2356369934082032,0.19904842376708987
0.045340820312500085,0.4134878158569336
0.27040319061279305,0.7418254852294922
0.32022313690185555,0.34420242309570315
0.24013452148437509,0.6492942810058594
0.034819885253906335,0.23989334106445315
0.07573251342773446,0.41988410949707033
0.23500375366210946,0.20037403106689455
0.045249267578125085,0.4137166976928711
0.27132038688659676,0.7420352935791016
0.32118396377563485,0.3440574645996094
0.24211816406250009,0.6482757568359375
0.037741943359375085,0.23969497680664065
0.07660226440429696,0.420111083984375
0.07618264770507821,0.554994010925293
0.2354691467285157,0.20052089691162112
0.045188232421875085,0.41397800445556643
0.27242951011657723,0.742245101928711
0.3223362407684327,0.34387054443359377
0.040709777832031335,0.23963966369628908
0.07743005371093759,0.42045440673828127
0.07706002807617196,0.5552743911743164
0.23669366455078134,0.2004436492919922
0.0035622558593750853,0.3982595443725586
0.2737801513671876,0.7424549102783203
0.3238435230255128,0.34359207153320315
0.043731018066406335,0.23969497680664065
0.07826165771484384,0.4207328796386719
0.07850198364257821,0.5555194854736328
0.2385666809082032,0.20016326904296877
0.2753091297149659,0.7426628112792969
0.3255846939086915,0.34325637817382815
0.07657174682617196,0.41854324340820315
0.24075631713867196,0.19979228973388674
0.27155952072143563,0.7431892395019531
0.32725815391540536,0.3429416656494141
0.2428238830566407,0.19952049255371096
0.32863168334960946,0.34272613525390627
0.24483422851562509,0.1993297576904297
0.24761132812500009,0.6251014709472656
0.30351333236694344,0.3433879852294922
0.24692468261718759,0.19909324645996096
0.24556665039062509,0.6255573272705078
0.24930123901367196,0.19879093170166018
0.24488000488281259,0.6259607315063477
0.2519028625488282,0.19843997955322268
0.24879769897460946,0.1984285354614258
0.035620971679687585,0.630743408203125
0.3213167629241944,0.7119316101074219
0.3201065502166749,0.7118782043457031
0.30270366287231454,0.33963813781738283
0.037253662109375085,0.6313060760498047
0.3192654094696046,0.7117046356201172
0.3017175636291505,0.33992996215820315
0.037719055175781335,0.6313728332519531
0.0010903320312500853,0.4722179412841797
0.31866316413879403,0.7114871978759766
0.3009760818481446,0.340093994140625
0.0019448242187500853,0.47225799560546877
0.31834344482421884,0.711309814453125
0.30042891120910653,0.3401836395263672
0.0036690673828125853,0.47252693176269533
0.3184128246307374,0.7112010955810547
0.30035738563537606,0.340185546875
0.31887797927856454,0.7111953735351563
0.30070690727233895,0.34012451171875
0.3197401008605958,0.7112297058105469
0.3015492401123048,0.3399871826171875
0.19980172729492196,0.7042621612548828
0.2627175292968751,0.31554546356201174
0.3209279022216798,0.7112468719482422
0.3027596912384034,0.33979263305664065
0.19951562500000009,0.704438591003418
0.2621376953125001,0.3160146713256836
0.3224885902404786,0.7111915588378906
0.30442695236206063,0.3394664764404297
0.2000229797363282,0.7046159744262696
0.2627022705078126,0.3160299301147461
0.32430963134765634,0.7111324310302735
0.3064518413543702,0.33897247314453127
0.07491092300415048,0.6062168121337891
0.20112542724609384,0.7046150207519531
0.2640603027343751,0.3157562255859375
0.3264134368896485,0.7110694885253906
0.3086977443695069,0.338507080078125
0.059102579116821374,0.5926918029785156
0.26581124877929696,0.31542243957519533
0.32879690742492684,0.710964584350586
0.31120614624023446,0.3379730224609375
0.18787316894531259,0.6872180938720703
0.04025582885742196,0.5140193939208985
0.26753549194335946,0.3152517318725586
0.3138514003753663,0.33742561340332033
0.18748406982421884,0.6866687774658203
0.2755196533203126,0.34762039184570315
0.040961547851562585,0.5133766174316406
0.26948861694335946,0.3150476455688477
0.3164647064208985,0.3369487762451172
0.18776635742187509,0.6861175537109375
0.27516107177734384,0.34713211059570315
0.27171640014648446,0.31479969024658205
0.18791131591796884,0.6858638763427735
0.27563409423828134,0.346685791015625
0.026633544921875085,0.5210155487060547
0.18041162109375009,0.6857646942138672
0.2764046630859376,0.34635009765625
0.02685861206054696,0.520077133178711
0.13208322143554696,0.18542518615722658
0.27726678466796884,0.34608116149902346
0.026625915527343835,0.5192970275878906
0.13135461425781259,0.18465270996093752
0.2779305419921876,0.34588088989257815
0.2709267578125001,0.34458198547363283
0.2702248535156251,0.3442882537841797
0.26884393310546884,0.34384765625
0.2646248779296876,0.340887451171875
0.23631219482421884,0.32002105712890627
0.3301613769531251,0.3825229644775391
0.23523645019531259,0.3199924468994141
0.33000115966796884,0.3824914932250977
0.23426751708984384,0.319952392578125
0.3306496582031251,0.38234653472900393
0.14365319824218759,0.6289791107177735
0.23329095458984384,0.3200439453125
0.3316109619140626,0.3821405410766602
0.14354638671875009,0.6291622161865235
0.23256616210937509,0.3202728271484375
0.33277825927734384,0.3818859100341797
0.14376000976562509,0.6293853759765625
0.22243432617187509,0.3264335632324219
0.2172162971496583,0.059654617309570335
0.3340981445312501,0.3815607070922852
0.14424066162109384,0.6294387817382813
0.22236566162109384,0.32679023742675783
0.21738199806213387,0.060066604614257835
0.3356850585937501,0.38113250732421877
0.14489678955078134,0.6293510437011719
0.22334222412109384,0.32662239074707033
0.21780376052856454,0.06070365905761721
0.33766488647460946,0.3806327819824219
0.14563684082031259,0.6292652130126953
0.22447137451171884,0.3264507293701172
0.20079354858398446,0.06677093505859377
0.34020928955078134,0.38004436492919924
0.14672784423828134,0.6291584014892578
0.22536401367187509,0.32636489868164065
0.14830712890625009,0.6290935516357422
0.22627954101562509,0.32638397216796877
0.22772149658203134,0.32613983154296877
0.20239071464538583,0.4688610076904297
0.22912530517578134,0.3260368347167969
0.2032278022766114,0.468267822265625
0.23062066650390634,0.32604637145996096
0.23216180419921884,0.32618370056152346
0.19897203063964852,0.08011665344238283
0.23393182373046884,0.32642402648925783
0.19948367691040048,0.07901802062988283
0.23589257812500009,0.32675018310546877
0.20089726066589364,0.07871856689453127
0.23814324951171884,0.3271221160888672
0.20283941841125497,0.07892265319824221
0.24076776123046884,0.3274120330810547
0.1955216369628907,0.08201446533203127
0.0012009582519532103,0.6779932022094727
0.24357537841796884,0.3276981353759766
0.19137601470947274,0.08491172790527346
0.003936096191406335,0.6781000137329102
0.22059564208984384,0.31847610473632815
0.2883866271972657,0.12194862365722658
0.00763253784179696,0.6794694900512696
0.1974900207519532,0.5445503234863281
0.28555612182617196,0.12181129455566408
0.19827966308593759,0.5446456909179688
0.28584603881835946,0.12203636169433596
0.28651361083984384,0.12225761413574221
0.012694641113281335,0.6783355712890625
0.01549081420898446,0.6788209915161133
0.01666574096679696,0.6787342071533203
0.23355035400390634,0.5457462310791016
0.032500549316406335,0.6086582183837891
0.39894036865234384,0.34209671020507815
0.2336991271972657,0.5449851989746094
0.39860467529296884,0.3424591064453125
0.23469857788085946,0.5452178955078125
0.046973510742187585,0.6281384468078614
0.3985054931640626,0.3429779052734375
0.2790329895019532,0.14710655212402346
0.048270507812500085,0.6283134460449219
0.39820794677734384,0.34351959228515627
0.23999337768554696,0.5358642578125
0.2809403381347657,0.1466869354248047
0.026419921875000085,0.6007236480712891
0.26658563232421884,0.6851600646972656
0.3979714355468751,0.3439506530761719
0.24284295654296884,0.537105941772461
0.2838395080566407,0.14646186828613283
0.028846069335937585,0.6006731033325196
0.2677987060546876,0.6851085662841797
0.39842156982421884,0.3440402984619141
0.2464859924316407,0.5386356353759766
0.2874520263671876,0.14593353271484377
0.031890197753906335,0.6007083892822266
0.2697365722656251,0.6848453521728516
0.39988641357421884,0.3435825347900391
0.2507126770019532,0.5399478912353516
0.29109124755859384,0.1452659606933594
0.034362121582031335,0.6002229690551758
0.11862878417968759,0.19149246215820315
0.40168695068359384,0.3431247711181641
0.2545083007812501,0.5409893035888672
0.29472665405273446,0.14426841735839846
0.038001342773437585,0.6005939483642578
0.12142877197265634,0.19074192047119143
0.4032509765625001,0.34266319274902346
0.2578995666503907,0.5421794891357422
0.2982895812988282,0.14323272705078127
0.12464074707031259,0.19005718231201174
0.30197076416015634,0.1422904968261719
0.12808923339843759,0.18965759277343752
0.23695687866210946,0.16770019531250002
0.29649285888671884,0.5903800964355469
0.2282517395019532,0.20097866058349612
0.161187692642212,0.5539859771728516
0.22128991699218759,0.6371397018432617
0.20376519775390634,0.5828327178955078
0.22809152221679696,0.20109024047851565
0.15952853775024423,0.5538314819335938
0.22017602539062509,0.22083892822265627
0.22241906738281259,0.6361655235290528
0.20214013671875009,0.5805181503295899
0.22937707519531259,0.20134773254394533
0.10357598876953134,0.23789825439453127
0.1604879341125489,0.5531982421875
0.2210038146972657,0.22127761840820315
0.21573571777343759,0.6302742004394531
0.2034256896972657,0.5811141967773438
0.23170785522460946,0.20135154724121096
0.10609368896484384,0.2369712829589844
0.040091796875000085,0.5804008483886719
0.2223008117675782,0.22170867919921877
0.20576791381835946,0.5818609237670899
0.23477105712890634,0.20091190338134768
0.10877923583984384,0.23633995056152346
0.2023423156738282,0.23899307250976565
0.20874719238281259,0.5825275421142578
0.23258142089843759,0.20338478088378908
0.10402612304687509,0.23938789367675783
0.20442132568359384,0.2390178680419922
0.23950891113281259,0.6046165466308594
0.2118027648925782,0.5830253601074219
0.2365830383300782,0.20249118804931643
0.09397058105468759,0.24494209289550783
0.2742269477844239,0.20490875244140627
0.20660714721679696,0.23885574340820315
0.23299340820312509,0.600963020324707
0.3205330810546876,0.2098115921020508
0.21223764038085946,0.5803073883056641
0.24068383789062509,0.20169010162353518
0.27551488494873055,0.20389595031738283
0.20878915405273446,0.23878326416015627
0.23546533203125009,0.6005081176757813
0.3227150878906251,0.20730295181274416
0.27310041999816903,0.20513000488281252
0.20554284667968759,0.23925628662109377
0.23853234863281259,0.6005791664123535
0.3253395996093751,0.206452751159668
0.27491883850097665,0.2042736053466797
0.24146203613281259,0.6009706497192383
0.3285286865234376,0.2057069778442383
0.27436332321167,0.20439758300781252
0.3320687255859376,0.20520725250244143
0.2673576316833497,0.20617141723632815
0.3348458251953126,0.20537891387939455
0.25711445426940926,0.20676841735839846
0.21590356445312509,0.6322711944580078
0.24348716354370126,0.20811500549316408
0.21723107910156259,0.6321338653564453
0.023757263183593835,0.29505195617675783
0.37305001831054696,0.7336906433105469
0.3797677001953126,0.15870227813720705
0.023352905273437585,0.2949260711669922
0.3733323059082032,0.7342075347900391
0.3730690917968751,0.16309490203857424
0.024047180175781335,0.29490318298339846
0.3737595520019532,0.7342933654785156
0.22775964355468759,0.5819267272949219
0.0010559997558594603,0.5754283905029297
0.045127197265625085,0.3151716232299805
0.025359436035156335,0.2947582244873047
0.37440423583984384,0.7342609405517578
0.29807977294921884,0.38266983032226565
0.22820214843750009,0.5817421913146973
0.22612695312500009,0.22756233215332033
0.0014031372070313353,0.5754245758056641
0.04505471801757821,0.3150838851928711
0.20788507080078134,0.5936531066894531
0.026656433105468835,0.2945274353027344
0.3755867919921876,0.73428955078125
0.29954843139648446,0.38241043090820315
0.22940759277343759,0.581546688079834
0.22693566894531259,0.22699966430664065
0.3193123779296876,0.196320915222168
0.0022347412109375853,0.575436019897461
0.045653625488281335,0.31510009765625
0.20981530761718759,0.5934814453125
0.028113647460937585,0.2942680358886719
0.37710504150390634,0.7344478607177735
0.3014634094238282,0.3822998046875
0.23110131835937509,0.5814713478088379
0.22824792480468759,0.2264727592468262
0.046164794921875085,0.3149751663208008
0.06969384765625009,0.5836166381835938
0.21184472656250009,0.5932811737060547
0.029998107910156335,0.2938274383544922
0.3794930419921876,0.7346920013427735
0.30374078369140634,0.3822635650634766
0.22881250000000009,0.5811766624450684
0.22971276855468759,0.22602310180664065
0.07029656982421884,0.5836948394775391
0.21011285400390634,0.586981201171875
0.032401367187500085,0.2933506011962891
0.055196567535400476,0.21052207946777346
0.38233880615234384,0.7349170684814453
0.30647592163085946,0.3822502136230469
0.23079614257812509,0.5812152862548828
0.23122338867187509,0.22561588287353518
0.06590203857421884,0.5852684020996094
0.21218804931640634,0.5864471435546875
0.034713073730468835,0.2929576873779297
0.054616495132446374,0.21041717529296877
0.23281030273437509,0.581218147277832
0.23281030273437509,0.22519674301147463
0.059523864746093835,0.5882476806640625
0.21449975585937509,0.5864089965820313
0.037406250000000085,0.2925018310546875
0.054445787429809656,0.21060981750488283
0.23479394531250009,0.5811933517456055
0.23444299316406259,0.22476234436035158
0.061866088867187585,0.5885948181152344
0.18508081054687509,0.2019371032714844
0.038291259765625085,0.29220428466796877
0.05413632011413583,0.21079101562500002
0.23674707031250009,0.5811394691467285
0.23613671875000009,0.22429552078247073
0.17752770996093759,0.2005352020263672
0.05347947692871102,0.21093406677246096
0.23891381835937509,0.5810822486877442
0.23810510253906259,0.223789119720459
0.3842995605468751,0.16888370513916018
0.2513480625152589,0.49410667419433596
0.052715583801269617,0.2109569549560547
0.24106530761718759,0.5809940338134766
0.24011926269531259,0.223237419128418
0.3857796630859376,0.16916408538818362
0.10521249389648446,0.6392501831054688
0.11602716064453134,0.25313606262207033
0.051899000167846765,0.2111705780029297
0.24318627929687509,0.5808586120605469
0.22965173339843759,0.23162260055541994
0.3880837402343751,0.1692832946777344
0.10495690917968759,0.639079475402832
0.11589746093750009,0.25312366485595705
0.23216943359375009,0.5760668754577637
0.22310571289062509,0.2411812782287598
0.39091424560546884,0.16961135864257815
0.13973931884765634,0.6444925308227539
0.10573892211914071,0.6392263412475586
0.11683206176757821,0.2530826568603516
0.10600213623046884,0.20430984497070315
0.22501306152343759,0.2407578468322754
0.14252404785156259,0.645762825012207
0.10763101196289071,0.6395715713500977
0.11900643920898446,0.25268115997314455
0.22777490234375009,0.2402962684631348
0.14675836181640634,0.647065544128418
0.11138467407226571,0.6402076721191406
0.12328271484375009,0.2520488739013672
0.01323394393920907,0.1582836151123047
0.14942102050781259,0.6477893829345703
0.12744073486328134,0.2515625
0.041701599121093835,0.7398799896240235
0.01208500480651864,0.15938796997070315
0.15198449707031259,0.6481536865234375
0.041922851562500085,0.73984375
0.011298938751220788,0.1604942321777344
0.2824929199218751,0.5632270812988281
0.042250915527343835,0.7396701812744141
0.011805101394653406,0.16098060607910158
0.10363702392578134,0.13038923740386965
0.01993875122070321,0.6602319717407227
0.2828743896484376,0.5622314453125
0.062262817382812585,0.5004695892333985
0.34832958793640145,0.6077674865722656
0.015731378555297937,0.17126312255859377
0.10511712646484384,0.13037159442901614
0.020987792968750085,0.6605328559875489
0.06334619140625009,0.49986114501953127
0.34898428535461434,0.6077293395996094
0.018001123428344812,0.1725353240966797
0.10722093200683602,0.13021221160888674
0.02353219604492196,0.6661328315734864
0.26953057861328134,0.5512641906738281
0.06499414062500009,0.4995273590087891
0.27532891845703134,0.28435935974121096
0.35042051887512216,0.6077522277832031
0.019922777175903406,0.17184486389160158
0.10995416259765634,0.1299480438232422
0.02534799194335946,0.6726302146911621
0.27174310302734384,0.5512584686279297
0.06384210205078134,0.4988292694091797
0.3526416263580323,0.6080802917480469
0.022138162612915124,0.17117919921875002
0.11313562011718759,0.1295271158218384
0.02717141723632821,0.6733101844787598
0.2744973144531251,0.5515083312988281
0.28330926513671884,0.13468208312988283
0.06468896484375009,0.4982303619384766
0.3486860237121583,0.6046985626220703
0.024665161132812585,0.17058410644531252
0.11648301696777352,0.12914254665374758
0.027556701660156335,0.6727985382080078
0.2774575195312501,0.5520118713378906
0.2859566650390626,0.13361587524414065
0.06269769287109384,0.4944461822509766
0.3492367706298829,0.6042942047119141
0.027361198425293054,0.17018737792968752
0.1198208770751954,0.12875905036926272
0.030761047363281335,0.6734098434448242
0.27761773681640634,0.5457138061523438
0.06616143798828134,0.49468650817871096
0.29524163818359384,0.28925552368164065
0.35228185272216805,0.6050495147705078
0.03002004241943368,0.16988983154296877
0.12305001831054696,0.12846364974975588
0.026221557617187585,0.6707953453063965
0.12436990356445321,0.2862853050231934
0.38665704345703134,0.18758239746093752
0.17533807373046884,0.4001773834228516
0.28077630615234384,0.5464157104492188
0.06928948974609384,0.49350776672363283
0.3232491455078126,0.27688446044921877
0.3517072639465333,0.6017936706542969
0.03265099143981942,0.16975250244140627
0.12587670898437509,0.12836029529571535
0.12155847167968759,0.286871337890625
0.38685540771484384,0.18769111633300783
0.17573480224609384,0.3997396469116211
0.2841561279296876,0.5469917297363281
0.07275323486328134,0.49392356872558596
0.32392816162109384,0.2811626434326172
0.09502343750000009,0.7542671203613281
0.0353939971923829,0.1697105407714844
0.12503747558593759,0.28637018203735354
0.3879921875000001,0.18766155242919924
0.17672662353515634,0.3992914199829102
0.07620935058593759,0.49439277648925783
0.29330377197265634,0.2950347900390625
0.061225219726562585,0.7508262634277344
0.3456061325073243,0.5835994720458985
0.03823594665527352,0.16975250244140627
0.17598657226562509,0.5133723258972168
0.12537316894531259,0.2862428665161133
0.38972406005859384,0.18755092620849612
0.17818383789062509,0.3989442825317383
0.26205377197265634,0.3071750640869141
0.042586608886718835,0.7488197326660156
0.14329461669921884,0.3220542907714844
0.04124765014648446,0.16985168457031252
0.39192132568359384,0.18729438781738283
0.18017510986328134,0.3985647201538086
0.24824456787109384,0.6229995727539063
0.24764947509765634,0.31333198547363283
0.14470605468750009,0.32169570922851565
0.18790368652343759,0.5216926574707031
0.18254022216796884,0.3981813430786133
0.24901132202148446,0.6233514785766602
0.3988259277343751,0.28135242462158205
0.22248773193359384,0.3215965270996094
0.028662963867187585,0.7470211029052735
0.14586572265625009,0.3214611053466797
0.2939217529296876,0.559113883972168
0.18718652343750009,0.5205143928527832
0.3322213134765626,0.12204446792602541
0.18522576904296884,0.397767448425293
0.2502968750000001,0.623388671875
0.3996041259765626,0.28122844696044924
0.029395385742187585,0.747463607788086
0.14749078369140634,0.32107009887695315
0.2952950439453126,0.5593546867370606
0.18836145019531259,0.5200752258300781
0.3317788085937501,0.1215228080749512
0.25140695190429696,0.6237844467163086
0.4009926757812501,0.28094329833984377
0.030608459472656335,0.7478069305419922
0.14959649658203134,0.3204387664794922
0.29704408264160165,0.5600539684295655
0.06358270263671884,0.18070819377899172
0.19046716308593759,0.5197552680969239
0.3342049560546876,0.12008180618286135
0.40256051635742196,0.2807163238525391
0.031943603515625085,0.7479499816894531
0.06272058105468759,0.18079581260681155
0.3367684326171876,0.11887493133544924
0.018576904296875085,0.6147054672241211
0.40379266357421884,0.28065242767333987
0.06296090698242196,0.18095781803131106
0.3390419921875001,0.11801090240478518
0.28784494018554696,0.6053775787353516
0.018409057617187585,0.6145090103149414
0.04697732543945321,0.2460655212402344
0.30586366271972665,0.5567926406860352
0.06425027465820321,0.18099799156188967
0.3413918457031251,0.11746206283569338
0.27735833740234384,0.6091078758239746
0.01907662963867196,0.6144451141357422
0.04733590698242196,0.2458223342895508
0.39962701416015634,0.28385105133056643
0.30941705322265634,0.4486240386962891
0.3082058868408204,0.5573224067687989
0.3730080566406251,0.18673708438873293
0.06622056579589852,0.18093111515045168
0.3442299804687501,0.11713209152221682
0.02022866821289071,0.6144808769226074
0.04822854614257821,0.24555149078369143
0.2977364501953126,0.44644966125488283
0.007293029785156335,0.626186752319336
0.3076858959197999,0.6800006866455078
0.3068020782470704,0.5549711227416992
0.3736184082031251,0.18708684444427492
0.0686734161376954,0.18087317943573
0.3476784667968751,0.1169618606567383
0.3833878479003907,0.24268999099731448
0.021605773925781335,0.6146859169006348
0.04935006713867196,0.2452877998352051
0.29983453369140634,0.44643440246582033
0.007056518554687585,0.6267265319824219
0.30725268936157235,0.6800846099853516
0.32127623176574716,0.35706367492675783
0.30587892150878915,0.5526260375976563
0.3747971496582032,0.18748989105224612
0.07157640075683602,0.18087532520294192
0.3519661865234376,0.1167930603027344
0.3846848449707032,0.24233713150024416
0.02328042602539071,0.6150230407714844
0.05082254028320321,0.24505462646484377
0.013037963867187585,0.6715415954589844
0.007735534667968835,0.6269172668457031
0.3077352485656739,0.6802200317382813
0.3217418632507325,0.3572238922119141
0.3088448486328126,0.5534550189971924
0.07457666015625009,0.18097045421600344
0.3428109130859376,0.11771907806396487
0.38723687744140634,0.2438401222229004
0.025122924804687585,0.615418815612793
0.05243234252929696,0.2447985649108887
0.26614312744140634,0.3513940811157227
0.009154602050781335,0.6267627716064453
0.3088126621246339,0.6804374694824219
0.32284502601623544,0.357427978515625
0.3120053253173829,0.5543149948120117
0.07747201538085946,0.1811306715011597
0.38997201538085946,0.24616327285766604
0.026847167968750085,0.6158002853393555
0.053992553710937585,0.2445401191711426
0.26612786865234384,0.3513025283813477
0.3954575500488282,0.7160972595214844
0.30750970458984384,0.22793045043945315
0.011046691894531335,0.6263355255126953
0.025275512695312585,0.6949161529541016
0.027922912597656335,0.40069427490234377
0.31023101425170907,0.6806377410888672
0.32428197479248055,0.35758438110351565
0.31550721740722665,0.555076265335083
0.0804379425048829,0.18127479553222658
0.028670593261718835,0.6162952423095703
0.055770202636718835,0.24441423416137698
0.2667763671875001,0.35082473754882815
0.3954270324707032,0.7160638809204102
0.3089211425781251,0.2281059265136719
0.012450500488281335,0.6260780334472656
0.025161071777343835,0.6949008941650391
0.027884765625000085,0.40066375732421877
0.31198339080810555,0.6808189392089844
0.32624868965148934,0.3576816558837891
0.08353356933593759,0.18137421607971194
0.030913635253906335,0.61697998046875
0.057921691894531335,0.24437990188598635
0.26771478271484384,0.3501333236694336
0.39544610595703134,0.7157577514648438
0.10386590576171884,0.734951400756836
0.2887490234375001,0.25458755493164065
0.026015563964843835,0.6946281433105469
0.028800292968750085,0.40037384033203127
0.31414632415771493,0.6809638977050781
0.3287790260314942,0.3577426910400391
0.08470468139648446,0.1818053960800171
0.027167602539062585,0.6150564193725586
0.060248657226562585,0.24439897537231448
0.26899652099609384,0.34919395446777346
0.39570550537109384,0.7151750564575196
0.2853653869628907,0.4565586090087891
0.10400323486328134,0.7358116149902344
0.31692938423156747,0.6810764312744141
0.3316922626495362,0.35770645141601565
0.021155639648437585,0.6115011215209961
0.06299523925781259,0.2444199562072754
0.2705147705078126,0.34805908203125
0.39468316650390634,0.7147153854370117
0.2862618408203126,0.45609798431396487
0.10384301757812509,0.7366413116455078
0.06946496582031259,0.42579116821289065
0.33482794380187997,0.35764923095703127
0.06597833251953134,0.24441280364990237
0.23611383056640634,0.3650659561157227
0.2878029785156251,0.45577182769775393
0.10310296630859384,0.7361701965332031
0.07025079345703134,0.42521324157714846
0.33805851554870614,0.35759773254394533
0.2897599182128907,0.4555686950683594
0.10338525390625009,0.735714340209961
0.07183007812500009,0.4243072509765625
0.3371243915557862,0.35676422119140627
0.10447625732421884,0.7356266021728516
0.07406549072265634,0.4236301422119141
0.10689477539062509,0.7354320526123047
0.07673577880859384,0.4230541229248047
0.07958154296875009,0.42289581298828127
0.16151361083984384,0.2602561950683594
0.25909547424316415,0.5954360008239746
0.08272485351562509,0.42293968200683596
0.16016320800781259,0.2601188659667969
0.0017769775390625853,0.44961395263671877
0.25917367553710946,0.5959054470062256
0.10153894042968759,0.6718467712402344
0.15882043457031259,0.26019134521484377
0.20899896240234384,0.3434185028076172
0.0009148559570313353,0.4490665435791016
0.2596829376220704,0.5962459087371826
0.3325875244140626,0.20474758148193362
0.10134820556640634,0.6720966339111328
0.15859155273437509,0.26024665832519533
0.19653253173828134,0.34101524353027346
0.0006096801757813353,0.4484714508056641
0.2603390655517579,0.5963953971862793
0.24500016784667977,0.32491722106933596
0.33067254638671884,0.20438995361328127
0.3964188537597657,0.23339595794677737
0.10235528564453134,0.6724380493164063
0.15966729736328134,0.25994720458984377
0.19607476806640634,0.34079780578613283
0.0005639038085938353,0.44803466796875
0.2612832031250001,0.5964411735534668
0.2459977111816407,0.3249881505966187
0.39625863647460946,0.23309173583984377
0.16068200683593759,0.2595409393310547
0.19618157958984384,0.3408226013183594
0.0009758911132813353,0.44771995544433596
0.262372299194336,0.596488618850708
0.24718980407714852,0.32506325244903567
0.3964302978515626,0.232819938659668
0.19538049316406259,0.3415092468261719
0.0015252075195313353,0.44756736755371096
0.2636006317138673,0.5965289115905762
0.2485306701660157,0.32514300346374514
0.024207397460937585,0.5845095157623291
0.3970101318359376,0.232484245300293
0.26521424865722665,0.5965723037719727
0.25027780151367196,0.3252625703811646
0.025885864257812585,0.584410572052002
0.2940743408203126,0.19180812835693362
0.39796380615234384,0.23212375640869143
0.26789788818359384,0.5966381072998047
0.2531636199951173,0.3254692792892456
0.2914650878906251,0.19150962829589846
0.39821176147460946,0.23386611938476565
0.2705910644531251,0.5966972351074219
0.2558949432373048,0.3256727695465088
0.29086236572265634,0.19176235198974612
0.0009682617187500853,0.6695417404174805
0.39932183837890634,0.23340835571289065
0.3604500732421876,0.47384109497070315
0.2729084930419923,0.5970047950744629
0.25897531127929696,0.32590427398681643
0.2909920654296876,0.19197883605957033
0.40042047119140634,0.23298110961914065
0.26002435302734384,0.7600559234619141
0.35978631591796884,0.4738010406494141
0.009986206054687585,0.2793773651123047
0.2621682128906251,0.3261857271194458
0.29173211669921884,0.19234981536865237
0.4016983947753907,0.23258247375488283
0.26000909423828134,0.759771728515625
0.3533699951171876,0.4719242095947266
0.14490441894531259,0.6669563293457031
0.008872314453125085,0.2800468444824219
0.060416503906250085,0.7600602149963379
0.0011856994628907103,0.38556804656982424
0.28781060791015634,0.19414844512939455
0.40307550048828134,0.23225250244140627
0.2606575927734376,0.7592357635498047
0.3286354980468751,0.38521614074707033
0.14414910888671884,0.6674198150634766
0.008452697753906335,0.2803825378417969
0.3950722656250001,0.13311662673950198
0.060141845703125085,0.7597002029418946
0.0006936035156250853,0.38568964004516604
0.26214532470703134,0.7588428497314453
0.3296425781250001,0.38464202880859377
0.29278497314453134,0.4707378387451172
0.26467828369140634,0.1669200897216797
0.14453057861328134,0.6676181793212891
0.008933349609375085,0.2801231384277344
0.39517526245117196,0.13465871810913088
0.060263916015625085,0.7592681884765625
0.0010369262695313353,0.385137939453125
0.26431207275390634,0.7585796356201172
0.33145074462890634,0.38396682739257815
0.2506630859375001,0.4749359130859375
0.2564614257812501,0.1709617614746094
0.14556817626953134,0.6676181793212891
0.010115905761718835,0.27939643859863283
0.3848069152832032,0.14445152282714846
0.061011596679687585,0.7587422370910645
0.0022232971191407103,0.3841704368591309
0.3335640869140626,0.3834880828857422
0.24507836914062509,0.1779350280761719
0.14666680908203134,0.667507553100586
0.010489746093750085,0.27903022766113283
0.062361999511718835,0.7581762313842774
0.00397042846679696,0.382996940612793
0.3358223876953126,0.38323440551757815
0.14806298828125009,0.6673606872558594
0.011664672851562585,0.2782958984375
0.3154366455078126,0.2852653503417969
0.11260919189453134,0.2506102561950684
0.00607614135742196,0.3819416999816895
0.3383858642578126,0.38294830322265627
0.13878564453125009,0.6696533203125
0.013007446289062585,0.27761116027832033
0.3093331298828126,0.2859672546386719
0.30899362182617196,0.2011918067932129
0.00844125366210946,0.38109960556030276
0.3412239990234376,0.3826030731201172
0.014052673339843835,0.27714385986328127
0.2856667480468751,0.2887481689453125
0.3109658203125001,0.20056142807006838
0.01143960571289071,0.38023223876953127
0.13869409179687509,0.22692527770996096
0.2738869628906251,0.2910923004150391
0.3135750732421876,0.19989767074584963
0.015075012207031335,0.37932672500610354
0.14063195800781259,0.2266277313232422
0.2670815429687501,0.29284324645996096
0.22842340087890634,0.16135635375976565
0.14319161987304696,0.2262290954589844
0.22833184814453134,0.1629356384277344
0.14615182495117196,0.22590675354003908
0.22090844726562509,0.5992530822753906
0.22876672363281259,0.16448917388916018
0.14931420898437509,0.22566070556640627
0.22312097167968759,0.5979916095733643
0.22901849365234384,0.16675891876220705
0.39253167724609384,0.5987476348876953
0.21701745605468759,0.16889610290527346
0.025740905761718835,0.6957782745361328
0.024436279296875085,0.33449974060058596
0.003920837402343835,0.26442387104034426
0.025115295410156335,0.6959518432617188
0.024031921386718835,0.3347038269042969
0.22414331054687509,0.6115211486816406
0.0033028564453125853,0.2641241788864136
0.3759224853515626,0.239200496673584
0.025382324218750085,0.6961311340332031
0.024573608398437585,0.33468093872070315
0.22383813476562509,0.6106056213378906
0.2504952392578126,0.18695821762084963
0.0038445434570313353,0.2638509511947632
0.3758919677734376,0.2392767906188965
0.20486764526367196,0.6432708740234375
0.025817199707031335,0.6963275909423828
0.025374694824218835,0.3345989227294922
0.20945672607421884,0.6015800476074219
0.2533791503906251,0.1845876216888428
0.005202575683593835,0.2636242151260376
0.37597589111328134,0.2396425247192383
0.20660333251953134,0.6430419921875
0.025893493652343835,0.334600830078125
0.19751672363281259,0.5941242218017578
0.2855446777343751,0.23082580566406252
0.25549249267578134,0.18458476066589358
0.006934448242187585,0.2634239435195923
0.27593927001953134,0.33011808395385744
0.20958642578125009,0.6432231903076172
0.026107116699218835,0.33471527099609377
0.2744973144531251,0.22959556579589846
0.2581398925781251,0.18452944755554201
0.008750244140625085,0.2632897138595581
0.2766831359863282,0.3300351142883301
0.19406060791015634,0.6195329666137696
0.0033638916015625853,0.34447898864746096
0.27181939697265634,0.22757949829101565
0.2610848388671876,0.18428542613983157
0.010436340332031335,0.2632234334945679
0.2781022033691407,0.32992210388183596
0.19798211669921884,0.6197637557983399
0.27104119873046884,0.22670593261718752
0.26409844970703134,0.1838690280914307
0.012175842285156335,0.26317801475524905
0.2795632324218751,0.32978191375732424
0.27290277099609384,0.22668495178222658
0.2601540527343751,0.19736876487731936
0.014029785156250085,0.26306631565093996
0.24240045166015634,0.34008398056030276
0.34356622314453134,0.5579570770263672
0.027526184082031335,0.24783101081848147
0.20014886474609384,0.26502599716186526
0.2115433654785157,0.21830406188964846
0.34437493896484384,0.5576633453369141
0.17747430419921884,0.22059669494628908
0.028266235351562585,0.24780287742614748
0.19878320312500009,0.26534500122070315
0.015204711914062585,0.5717109680175781
0.17715386962890634,0.2211345672607422
0.061377807617187585,0.6173759937286377
0.029357238769531335,0.24783887863159182
0.19800500488281259,0.26565303802490237
0.18848352050781259,0.7606071472167969
0.015113159179687585,0.5720314025878906
0.17718438720703134,0.2218803405761719
0.06268243408203134,0.6177767753601074
0.031035705566406335,0.24785640239715578
0.1872208557128907,0.6584247589111328
0.1977494201660157,0.266055965423584
0.18763665771484384,0.7594245910644531
0.3274910888671876,0.5486015319824219
0.015754028320312585,0.5724109649658203
0.27203302001953134,0.590805196762085
0.06448297119140634,0.6182061672210694
0.033240600585937585,0.24771871566772463
0.18785791015625009,0.6588176727294922
0.19838265991210946,0.2663463592529297
0.17179803466796884,0.7488864898681641
0.016562744140625085,0.5726055145263672
0.26994256591796884,0.590352201461792
0.06661920166015634,0.618578577041626
0.035659118652343835,0.2474838733673096
0.1887009582519532,0.659023666381836
0.20002679443359384,0.2662567138671875
0.31718377685546884,0.5468086242675781
0.017585083007812585,0.572698974609375
0.08392266845703134,0.23127593994140627
0.27197198486328134,0.5905679702758789
0.06896142578125009,0.6188112735748291
0.038153930664062585,0.2471047878265381
0.1902268371582032,0.659037971496582
0.20251397705078134,0.2659191131591797
0.2575943908691407,0.56058349609375
0.019248291015625085,0.5728553771972656
0.08576135253906259,0.23124732971191408
0.07164697265625009,0.6189795970916748
0.041091247558593835,0.24661793708801272
0.19267587280273446,0.6590994834899903
0.20590905761718759,0.26541748046875
0.25775460815429696,0.55997314453125
0.021628662109375085,0.5731491088867188
0.08853845214843759,0.23131599426269533
0.07462243652343759,0.6191669940948487
0.044341369628906335,0.24607899188995364
0.2585366210937501,0.5595649719238281
0.05380563354492196,0.25356521606445315
0.023177429199218835,0.5731948852539063
0.09188775634765634,0.23147430419921877
0.07804040527343759,0.6193131446838379
0.2603981933593751,0.5602706909179688
0.05146340942382821,0.2533306121826172
0.013778015136718835,0.6240943908691406
0.050330444335937585,0.25327911376953127
0.013716979980468835,0.6241916656494141
0.05056314086914071,0.25347175598144533
0.014342590332031335,0.624538803100586
0.05159310913085946,0.25373497009277346
0.01522378540039071,0.6250213623046875
0.052962585449218835,0.25407066345214846
0.016310974121093835,0.6255725860595703
0.05452279663085946,0.2544254302978516
0.01777963256835946,0.626186752319336
0.05641488647460946,0.2547782897949219
0.020354553222656335,0.6270088195800781
0.059470458984375085,0.25506439208984377
0.40289620971679696,0.6910256385803223
0.02306680297851571,0.6276477813720703
0.06250695800781259,0.2551464080810547
0.19976739501953134,0.661281967163086
0.40191583251953134,0.6915077209472656
0.06583337402343759,0.25518074035644533
0.028693481445312585,0.23230972290039065
0.19865350341796884,0.660986328125
0.35148553466796884,0.28414382934570315
0.24990014648437509,0.7275022506713867
0.3101723632812501,0.3442476034164429
0.4011643371582032,0.6918400764465332
0.19279412841796884,0.6530460357666016
0.3506386718750001,0.2840732574462891
0.24965600585937509,0.7275353908538819
0.3091958007812501,0.3444652795791626
0.40058831787109384,0.6919883728027344
0.19336633300781259,0.6534255981445313
0.35108880615234384,0.28398933410644533
0.25073175048828134,0.7277153968811035
0.3096077880859376,0.3445586204528809
0.40002374267578134,0.6919125556945801
0.19467095947265634,0.6540836334228516
0.3529122314453126,0.2837432861328125
0.2520974121093751,0.7278665542602539
0.31079034423828134,0.3444098472595215
0.40001229858398446,0.691630744934082
0.2371781311035157,0.46402921676635744
0.19576959228515634,0.6544975280761719
0.35475091552734384,0.28344383239746096
0.25358514404296884,0.7279383182525635
0.31237725830078134,0.3441230297088623
0.4000161132812501,0.6918944358825684
0.23858956909179696,0.46378698348999026
0.19655541992187509,0.6546882629394531
0.3164437255859376,0.29554023742675783
0.2550728759765626,0.7279352188110352
0.31402520751953134,0.34377708435058596
0.4013131103515626,0.6916607856750489
0.19719628906250009,0.654730224609375
0.28834466552734384,0.30200042724609377
0.2567513427734376,0.7278412818908692
0.3159707031250001,0.343362832069397
0.40227059936523446,0.6914166450500489
0.19756250000000009,0.6547225952148438
0.2833474121093751,0.3026126861572266
0.25880364990234384,0.727653169631958
0.31825189208984384,0.34282257556915285
0.4028695068359376,0.6911276817321778
0.19817285156250009,0.6547397613525391
0.28419427490234384,0.3025421142578125
0.32064752197265634,0.3422818422317505
0.40347222900390634,0.6907447814941406
0.2776253662109376,0.6685356140136719
0.28558282470703134,0.30243721008300783
0.3229897460937501,0.34179511070251467
0.2767594299316407,0.6684707641601563
0.2973893127441407,0.29557075500488283
0.28730706787109384,0.3023571014404297
0.3249428710937501,0.34141244888305666
0.2766068420410157,0.6684288024902344
0.29721383666992196,0.29567947387695315
0.2892830810546876,0.3022464752197266
0.016455932617187585,0.638525390625
0.2770913085937501,0.6685222625732422
0.29792718505859384,0.29573860168457033
0.016433044433593835,0.6378625869750977
0.08760766601562509,0.23159255981445315
0.2780068359375001,0.668768310546875
0.2990220031738282,0.29583206176757815
0.0014412841796875853,0.6277088165283203
0.08724145507812509,0.23127784729003908
0.17569665527343759,0.5331863403320313
0.27914743041992196,0.66904296875
0.30037240600585946,0.29589691162109377
0.08187799072265634,0.23183383941650393
0.17414025878906259,0.5352710723876953
0.2805130920410157,0.6693023681640625
0.3020699462890626,0.29587974548339846
0.07763604736328134,0.23293437957763674
0.28204660034179696,0.6694797515869141
0.3039010009765626,0.2957633972167969
0.0008385620117188353,0.6237882614135742
0.07211236572265634,0.2351726531982422
0.2838700256347657,0.6696056365966797
0.30585031127929696,0.29552497863769533
0.0029595336914063353,0.6236528396606446
0.07508020019531259,0.23413600921630862
0.28613214111328134,0.6697372436523438
0.30824594116210946,0.29522552490234377
0.005255981445312585,0.6234992980957031
0.07847528076171884,0.2332176208496094
0.2888443908691407,0.6699642181396485
0.31102304077148446,0.2949413299560547
0.07033471679687509,0.2368034362792969
0.024970336914062585,0.20723571777343752
0.31399850463867196,0.29472198486328127
0.20945672607421884,0.2958225250244141
0.026923461914062585,0.2065767288208008
0.31694345092773446,0.2945884704589844
0.20867089843750009,0.29625930786132815
0.030089660644531335,0.20545902252197268
0.20802239990234384,0.2967857360839844
0.031935974121093835,0.20495166778564455
0.20719079589843759,0.29732933044433596
0.03340463256835946,0.20397796630859377
0.20208673095703134,0.2980808258056641
0.3094552001953126,0.47431697845458987
0.3083413085937501,0.47375144958496096
0.12210015869140634,0.7052177429199219
0.2556679687500001,0.6348785400390625
0.005713745117187585,0.5852502822875977
0.12041406250000009,0.7052597045898438
0.10630731201171884,0.32078018188476565
0.25618295288085946,0.6350044250488281
0.006110473632812585,0.5851520538330078
0.11889581298828134,0.7051261901855469
0.10559777832031259,0.3209423065185547
0.21543054199218759,0.25051441192626955
0.006934448242187585,0.5850166320800781
0.11865930175781259,0.705044174194336
0.10581903076171884,0.3205760955810547
0.21687249755859384,0.2504323959350586
0.24416284179687509,0.6350606918334961
0.004554077148437585,0.5850662231445313
0.11924676513671884,0.7049049377441406
0.10677270507812509,0.3199199676513672
0.21565179443359384,0.25098838806152346
0.24647836303710946,0.6349462509155274
0.24291162109375009,0.16191997528076174
0.004950805664062585,0.5850557327270508
0.12026147460937509,0.7047294616699219
0.10818414306640634,0.31911888122558596
0.24517755126953134,0.6342948913574219
0.23517541503906259,0.15944805145263674
0.005454345703125085,0.5851139068603516
0.12068872070312509,0.7043766021728516
0.10986260986328134,0.31841506958007815
0.24184350585937509,0.6328786849975586
0.2957718811035157,0.2501701354980469
0.22513513183593759,0.15702476501464846
0.006171508789062585,0.5852569580078125
0.06987504577636727,0.6204475402832031
0.12264184570312509,0.7044605255126953
0.11176995849609384,0.31780662536621096
0.2449143371582032,0.6329854965209961
0.29840020751953134,0.2495597839355469
0.21134118652343759,0.15569343566894533
0.007117553710937585,0.5854715347290039
0.0709021530151368,0.6208499908447266
0.12513665771484384,0.7045406341552735
0.11418847656250009,0.3171123504638672
