dx,dy
0.08802032470703125,0.5713638305664063
0.08831024169921875,0.5709747314453125
0.08965301513671875,0.5710491180419922
0.0915069580078125,0.5710205078125
0.08835601806640625,0.5155557632446289
0.1103668212890625,0.24628868103027346
0.088653564453125,0.5155185699462891
0.09295654296875,0.567572021484375
0.1124725341796875,0.24612274169921877
0.078369140625,0.5216297149658203
0.0957183837890625,0.5677722930908203
0.115234375,0.24610748291015627
0.0288848876953125,0.3444236755371094
0.07894134521484375,0.5216831207275391
0.0988006591796875,0.5681690216064453
0.118682861328125,0.24626770019531252
0.029460906982421875,0.34410896301269533
0.07982635498046875,0.5216325759887696
0.1225738525390625,0.2465709686279297
0.0305633544921875,0.3436001777648926
0.08153533935546875,0.5213321685791016
0.031925201416015625,0.3430203437805176
0.08406829833984375,0.5208038330078125
0.1216888427734375,0.20840206146240237
0.03371429443359375,0.34238567352294924
0.0876312255859375,0.5202163696289063
0.12436676025390625,0.20775833129882815
0.036113739013671875,0.34179487228393557
0.09188079833984375,0.5197452545166016
0.12824249267578125,0.20712223052978518
0.0391387939453125,0.3413390159606934
0.13300323486328125,0.2065013885498047
0.10973358154296875,0.5069068908691406
0.0003662109375,0.21740236282348635
0.022247314453125,0.3525723457336426
0.110198974609375,0.5067914962768555
0.0015716552734375,0.2175454139709473
0.109893798828125,0.5062021255493164
0.14655303955078125,0.2994865417480469
0.0033721923828125,0.21746673583984377
0.110107421875,0.5057634353637696
0.18605804443359375,0.15326538085937502
0.14771270751953125,0.2995037078857422
0.0056915283203125,0.21731319427490237
0.11133193969726562,0.5059370040893555
0.18648910522460938,0.15360107421875002
0.0079193115234375,0.6108135223388672
0.1497802734375,0.2996238708496094
0.008758544921875,0.21714200973510744
0.11346817016601562,0.506257438659668
0.1878509521484375,0.15395393371582033
0.00704193115234375,0.6109508514404297
0.06383514404296875,0.23010292053222658
0.13941192626953125,0.30596580505371096
0.01104736328125,0.217530632019043
0.11652755737304688,0.5064872741699219
0.19025039672851562,0.15397109985351565
0.007659912109375,0.6110614776611328
0.06439971923828125,0.23029174804687502
0.00777435302734375,0.5811132431030274
0.12048721313476562,0.5065387725830078
0.19337844848632812,0.1535505294799805
0.0117340087890625,0.5815357208251953
0.00946044921875,0.611456298828125
0.06664276123046875,0.23038330078125002
0.00750732421875,0.5808929443359375
0.04238128662109375,0.22811832427978518
0.1970977783203125,0.15276947021484377
0.01226806640625,0.5812057495117188
0.01186370849609375,0.6119884490966797
0.0694427490234375,0.23039283752441408
0.037880897521972656,0.49764289855957033
0.00867462158203125,0.5808509826660156
0.0432586669921875,0.22797908782958987
0.0095062255859375,0.5863059997558594
0.01459503173828125,0.6124805450439453
0.07234954833984375,0.23032989501953127
0.03845643997192383,0.49724998474121096
0.01049041748046875,0.5809673309326172
0.04500579833984375,0.22785415649414065
0.01013946533203125,0.5873264312744141
0.01798248291015625,0.6131729125976563
0.0760040283203125,0.23033752441406252
0.03535294532775879,0.49617996215820315
0.0128326416015625,0.581173324584961
0.04723358154296875,0.22774829864501955
0.022064208984375,0.6140979766845703
0.03604626655578613,0.49610366821289065
0.053455352783203125,0.6118916511535645
0.015838623046875,0.5813621520996094
0.05008697509765625,0.22752227783203127
0.07775115966796875,0.2265800476074219
0.036855459213256836,0.4960063934326172
0.13275146484375,0.5897659301757813
0.056499481201171875,0.6117853164672852
0.01934814453125,0.5814279556274414
0.0534820556640625,0.22710742950439455
0.0009307861328125,0.5842613220214844
0.08003997802734375,0.22677078247070315
0.0327610969543457,0.4939922332763672
0.13423538208007812,0.5897296905517578
0.0474700927734375,0.5528692245483399
0.02333831787109375,0.5813898086547852
0.00371551513671875,0.5842460632324219
0.08206939697265625,0.2263683319091797
0.03385019302368164,0.49387397766113283
0.11599040031433105,0.12817230224609377
0.13631820678710938,0.5896076202392578
0.0492095947265625,0.5554975509643555
0.0074005126953125,0.5843223571777344
0.08538818359375,0.2258628845214844
0.09467315673828125,0.3431591033935547
0.0330662727355957,0.49238433837890627
0.11694955825805664,0.1281932830810547
0.13900375366210938,0.5894416809082031
0.030244827270507812,0.5086664199829102
0.048126220703125,0.5578421592712403
0.08997344970703125,0.22544708251953127
0.0957183837890625,0.34292068481445315
0.03520488739013672,0.49265708923339846
0.11883759498596191,0.12818946838378908
0.14239501953125,0.5892356872558594
0.031023025512695312,0.5084346771240235
0.048980712890625,0.558167839050293
0.06554412841796875,0.5875238418579102
0.053131103515625,0.2351421356201172
0.09752655029296875,0.34274139404296877
0.03823494911193848,0.4929508209228516
0.12150335311889648,0.12789573669433596
0.031951904296875,0.5083407402038574
0.05120849609375,0.5579751968383789
0.06554794311523438,0.5876001358032227
0.0430450439453125,0.19500389099121096
0.053691864013671875,0.23537292480468752
0.111785888671875,0.2585186004638672
0.09998321533203125,0.3427013397216797
0.04174065589904785,0.4932407379150391
0.12491416931152344,0.12746849060058596
0.0425567626953125,0.5521239280700684
0.06659698486328125,0.587673568725586
0.0440826416015625,0.19504680633544924
0.053867340087890625,0.2355827331542969
0.11264801025390625,0.2584709167480469
0.10221099853515625,0.3429168701171875
0.12901854515075684,0.12708511352539065
0.06830215454101562,0.5878690719604492
0.045940399169921875,0.19494476318359377
0.054660797119140625,0.23576965332031252
0.11421966552734375,0.25841751098632815
0.07041168212890625,0.5881532669067383
0.04807281494140625,0.19471492767333987
0.03816986083984375,0.592652702331543
0.05637359619140625,0.23567237854003908
0.116607666015625,0.258428955078125
0.08489608764648438,0.5406369209289551
0.07304763793945312,0.5883955001831055
0.050586700439453125,0.19434871673583987
0.13812255859375,0.45366897583007815
0.03922271728515625,0.5921806335449219
0.0588226318359375,0.2353996276855469
0.11965179443359375,0.25851097106933596
0.038494110107421875,0.48306050300598147
0.11640167236328125,0.16108622550964358
0.08507537841796875,0.5411490440368653
0.07621002197265625,0.5884899139404297
0.053676605224609375,0.19362964630126955
0.13861083984375,0.4536785125732422
0.040714263916015625,0.5918106079101563
0.061756134033203125,0.2352012634277344
0.0404815673828125,0.4831701755523682
0.11798477172851562,0.1610142230987549
0.08522796630859375,0.5411771774291992
0.07982254028320312,0.5884613037109375
0.057552337646484375,0.1925701141357422
0.061519622802734375,0.23610916137695315
0.04320979118347168,0.5632308959960938
0.04317283630371094,0.4833864212036133
0.12022018432617188,0.16093316078186037
0.08617401123046875,0.5413474082946778
0.126495361328125,0.4365533828735352
0.043616533279418945,0.5629085540771485
0.0906829833984375,0.6613506317138672
0.046291351318359375,0.4836734771728516
0.12225341796875,0.16075816154479983
0.09659576416015625,0.15986313819885256
0.087615966796875,0.5415834426879883
0.0559844970703125,0.2058428764343262
0.1282501220703125,0.43697776794433596
0.045703887939453125,0.5742448806762696
0.03155517578125,0.24596824645996096
0.04435372352600098,0.5625690460205078
0.08982467651367188,0.6611827850341797
0.12540817260742188,0.16087248325347903
0.0973358154296875,0.15930166244506838
0.08919906616210938,0.5416678428649903
0.05481719970703125,0.20670928955078127
0.1309356689453125,0.43725051879882815
0.048046112060546875,0.5742277145385742
0.034053802490234375,0.24564399719238283
0.04216122627258301,0.5619148254394531
0.08964920043945312,0.6608871459960938
0.12451171875,0.27140083312988283
0.12886428833007812,0.16115727424621584
0.099212646484375,0.1587608098983765
0.09127426147460938,0.5418285369873047
0.056427001953125,0.20629205703735354
0.1345977783203125,0.4373058319091797
0.051097869873046875,0.5742210388183594
0.037479400634765625,0.24520912170410158
0.04255509376525879,0.5614627838134766
0.18213653564453125,0.5854705810546875
0.09070587158203125,0.660833740234375
0.12527084350585938,0.2712158203125
0.10184478759765625,0.15830531120300295
0.0384521484375,0.19373836517333987
0.09398269653320312,0.5422953605651856
0.058376312255859375,0.20622863769531252
0.1379547119140625,0.436005973815918
0.034552812576293945,0.5575965881347656
0.09467554092407227,0.2163585662841797
0.18071746826171875,0.5865577697753906
0.12368011474609375,0.6558326721191406
0.0926055908203125,0.6610530853271485
0.12720108032226562,0.2709678649902344
0.0389556884765625,0.19371881484985354
0.08571243286132812,0.5382827758789063
0.06053924560546875,0.20661153793334963
0.035808563232421875,0.5575851440429688
0.09563136100769043,0.21632232666015627
0.126617431640625,0.6558994293212891
0.09493255615234375,0.6614231109619141
0.12948989868164062,0.2707542419433594
0.0406646728515625,0.193452262878418
0.06296539306640625,0.20734539031982424
0.03781890869140625,0.5577568054199219
0.09731268882751465,0.21631469726562502
0.1304779052734375,0.6562332153320313
0.0976409912109375,0.6618484497070313
0.132080078125,0.27052154541015627
0.0430908203125,0.1930736541748047
0.06562042236328125,0.208283805847168
0.09764862060546875,0.5397285461425781
0.040673255920410156,0.5578445434570313
0.09987092018127441,0.21604194641113283
0.10086822509765625,0.6623538970947266
0.13525772094726562,0.2702507019042969
0.0457000732421875,0.19277706146240237
0.09819412231445312,0.5397514343261719
0.04414653778076172,0.5579399108886719
0.10314226150512695,0.2156566619873047
0.1386260986328125,0.27005615234375
0.0484161376953125,0.1925243377685547
0.09914398193359375,0.5397209167480469
0.10708904266357422,0.21537818908691408
0.051361083984375,0.1923564910888672
0.10074996948242188,0.5396560668945313
0.0545196533203125,0.19225444793701174
0.10322189331054688,0.5397056579589844
0.023015975952148438,0.14657380580902102
0.0572967529296875,0.1919282913208008
0.02197265625,0.1466787099838257
0.14129638671875,0.5773624420166016
0.021846771240234375,0.14688827991485598
0.0391998291015625,0.5657829284667969
0.14212799072265625,0.5774635314941406
0.189544677734375,0.21629371643066408
0.02301788330078125,0.14700534343719485
0.039886474609375,0.565949821472168
0.1098785400390625,0.23709621429443362
0.14316558837890625,0.5772098541259766
0.18999481201171875,0.2160686492919922
0.08592987060546875,0.622921371459961
0.18640899658203125,0.2572502136230469
0.025079727172851562,0.14703335762023928
0.0414886474609375,0.5660928726196289
0.111328125,0.23721351623535158
0.14476776123046875,0.5771507263183594
0.1913909912109375,0.21563377380371096
0.0870513916015625,0.6227725982666016
0.1865692138671875,0.25697174072265627
0.0275115966796875,0.14710392951965334
0.0413665771484375,0.566036605834961
0.1135406494140625,0.23731555938720705
0.1467742919921875,0.5771488189697266
0.193603515625,0.21506347656250002
0.088226318359375,0.6227115631103516
0.18700408935546875,0.2567314147949219
0.030176162719726562,0.14728798866271975
0.03082275390625,0.5641349792480469
0.11572265625,0.23746910095214846
0.14908599853515625,0.5774024963378906
0.19647216796875,0.21451416015625002
0.01714324951171875,0.5952705383300781
0.0889892578125,0.6227020263671875
0.1873321533203125,0.2565177917480469
0.03293800354003906,0.14752116203308108
0.033416748046875,0.5644449234008789
0.1184844970703125,0.23762168884277346
0.15185546875,0.577877426147461
0.1999969482421875,0.21406402587890627
0.0175628662109375,0.5951828002929688
0.090087890625,0.6225399017333985
0.18802642822265625,0.25614776611328127
0.03586006164550781,0.14781823158264162
0.1216888427734375,0.23777809143066408
0.15531158447265625,0.5784496307373047
0.0184478759765625,0.5952075958251953
0.09192657470703125,0.62222900390625
0.18956756591796875,0.25546875
0.038970947265625,0.14817800521850588
0.19223403930664062,0.5319775581359864
0.15958404541015625,0.5790046691894531
0.01982879638671875,0.5951141357421875
0.11234283447265625,0.23599281311035158
0.09424591064453125,0.6216949462890625
0.1917877197265625,0.25445022583007815
0.04236030578613281,0.1484838962554932
0.02175140380859375,0.5952590942382813
0.11368560791015625,0.23560562133789065
0.08967971801757812,0.5635684967041016
0.02413177490234375,0.5957874298095703
0.11557769775390625,0.2354911804199219
0.08957290649414062,0.5632404327392578
0.11303329467773438,0.21068801879882815
0.02672576904296875,0.5965351104736328
0.11782073974609375,0.23557891845703127
0.09055709838867188,0.5631431579589844
0.11412811279296875,0.21039810180664065
0.02927398681640625,0.5973762512207031
0.12010955810546875,0.23585548400878908
0.0895843505859375,0.5616477966308594
0.115936279296875,0.21023406982421877
0.0316314697265625,0.5980457305908203
0.1227264404296875,0.2363323211669922
0.07498550415039062,0.5489334106445313
0.1178741455078125,0.21025123596191408
0.12567138671875,0.23699607849121096
0.10675811767578125,0.6375948429107666
0.12001800537109375,0.671418571472168
0.17350387573242188,0.30634822845458987
0.0761260986328125,0.5486244201660156
0.11998748779296875,0.21034851074218752
0.10707855224609375,0.6377722263336182
0.160614013671875,0.26670041084289553
0.1209716796875,0.6713098526000977
0.17401885986328125,0.30599346160888674
0.0785369873046875,0.5491527557373047
0.12226486206054688,0.21050682067871096
0.10854339599609375,0.6378418445587158
0.16133880615234375,0.26671435832977297
0.12276840209960938,0.6714271545410156
0.1756134033203125,0.30566062927246096
0.124725341796875,0.21071662902832033
0.06643891334533691,0.5265792846679688
0.13885092735290527,0.568243408203125
0.11029815673828125,0.637889289855957
0.16321563720703125,0.2663493394851685
0.10081863403320312,0.6627544403076172
0.16085433959960938,0.3096345901489258
0.1270294189453125,0.21097412109375002
0.06606841087341309,0.5260204315185547
0.10496068000793457,0.1498588562011719
0.13939595222473145,0.5682491302490235
0.112213134765625,0.6378888130187989
0.1655120849609375,0.26591565608978274
0.10099411010742188,0.6626371383666992
0.15452957153320312,0.31180992126464846
0.06635618209838867,0.5256160736083985
0.10608410835266113,0.14952125549316408
0.09905242919921875,0.364874267578125
0.14051342010498047,0.5681652069091797
0.1142120361328125,0.6378253936767578
0.16790771484375,0.2654378652572632
0.102783203125,0.662751579284668
0.15587997436523438,0.3115381240844727
0.0675821304321289,0.5258811950683594
0.10757160186767578,0.14939346313476565
0.09698486328125,0.36560859680175783
0.14232611656188965,0.5680965423583985
0.11649322509765625,0.6378041744232178
0.17075347900390625,0.26490440368652346
0.1051025390625,0.6629938125610352
0.15775299072265625,0.31130542755126955
0.06954193115234375,0.5265506744384766
0.10933995246887207,0.14929046630859377
0.09583282470703125,0.365850830078125
0.14489960670471191,0.5681594848632813
0.1192626953125,0.6378232479095459
0.1741790771484375,0.26433041095733645
0.086090087890625,0.6509746551513672
0.15988922119140625,0.3111261367797852
0.07210659980773926,0.5273441314697266
0.11147141456604004,0.14924659729003908
0.09540557861328125,0.36578025817871096
0.16196060180664062,0.3109935760498047
0.07516288757324219,0.5282119750976563
0.11402344703674316,0.14916648864746096
0.09569549560546875,0.36532058715820315
0.07843279838562012,0.5290512084960938
0.11705732345581055,0.14908447265625002
0.02591705322265625,0.3608154296875
0.08188772201538086,0.5299724578857422
0.12043976783752441,0.1491130828857422
0.0495147705078125,0.6251548767089844
0.0482177734375,0.6256183624267578
0.0086822509765625,0.6172794342041016
0.1595306396484375,0.08616676330566408
0.160003662109375,0.08613624572753908
0.12422943115234375,0.45183982849121096
0.16064453125,0.0863365173339844
0.125579833984375,0.4527286529541016
0.1620635986328125,0.08629455566406252
0.1270599365234375,0.4533084869384766
0.16432952880859375,0.08587303161621096
0.1291351318359375,0.45381011962890627
0.16739654541015625,0.0853599548339844
0.13189697265625,0.45424690246582033
0.171112060546875,0.08479347229003908
0.136199951171875,0.45454254150390627
0.19690704345703125,0.4872611999511719
0.19452667236328125,0.48774375915527346
0.19222259521484375,0.4881767272949219
0.19039154052734375,0.4886325836181641
0.18898773193359375,0.4888957977294922
0.18782806396484375,0.48889961242675783
0.00035858154296875,0.28391304016113283
0.03952789306640625,0.5200313568115235
0.03566741943359375,0.5207561492919922
0.0327606201171875,0.5214447021484375
0.03157806396484375,0.5219520568847656
0.13888168334960938,0.5799106597900391
0.0106353759765625,0.522549057006836
0.113677978515625,0.4114107131958008
0.1144561767578125,0.41130771636962893
0.1377105712890625,0.23037233352661135
0.1893463134765625,0.07918205261230471
0.1496734619140625,0.6438163757324219
0.1382904052734375,0.23000707626342776
0.1084442138671875,0.40470066070556643
0.19049072265625,0.07964649200439455
0.15235137939453125,0.6438144683837891
0.1396484375,0.22977914810180666
0.11083984375,0.40503635406494143
0.1928558349609375,0.07993259429931643
0.15594100952148438,0.6438850402832031
0.141754150390625,0.229709529876709
0.1142730712890625,0.40526809692382815
0.1961517333984375,0.07982387542724612
0.15983200073242188,0.6434558868408203
0.1446380615234375,0.2297243118286133
0.1185150146484375,0.40536251068115237
0.2000274658203125,0.07931365966796877
0.10575103759765625,0.5823444366455078
0.1329498291015625,0.24159946441650393
0.14149856567382812,0.5126728057861328
0.106719970703125,0.5823577880859375
0.14073944091796875,0.5127033233642578
0.1080322265625,0.5824264526367188
0.20185089111328125,0.26452484130859377
0.10956573486328125,0.5823997497558594
0.1251678466796875,0.5177997589111328
0.1862335205078125,0.5632847785949707
0.1260833740234375,0.5180086135864258
0.1868133544921875,0.5629757881164551
0.1280517578125,0.5181507110595703
0.07540130615234375,0.5793365478515625
0.13196182250976562,0.5180419921875
0.13589096069335938,0.5178150177001953
0.11000442504882812,0.6885990142822266
0.11010360717773438,0.6884178161621094
0.16437911987304688,0.30500259399414065
0.030792236328125,0.5266450881958008
0.1136322021484375,0.18845119476318362
0.111419677734375,0.6884960174560547
0.16536712646484375,0.30489768981933596
0.031097412109375,0.5267471313476563
0.1131591796875,0.18863620758056643
0.11350631713867188,0.6887229919433594
0.16741180419921875,0.30465545654296877
0.0324554443359375,0.5269826889038086
0.1143646240234375,0.18878688812255862
0.116119384765625,0.6891082763671875
0.17001724243164062,0.30438079833984377
0.026885986328125,0.526124382019043
0.1160125732421875,0.18894710540771487
0.11923599243164062,0.6895126342773438
0.17309951782226562,0.3040050506591797
0.0287017822265625,0.5265354156494141
0.1179656982421875,0.18914260864257815
0.12283706665039062,0.6899093627929688
0.17662429809570312,0.30355300903320315
0.030853271484375,0.5269168853759766
0.1202850341796875,0.18927516937255862
0.18030929565429688,0.3031314849853516
0.033477783203125,0.5272211074829102
0.1231842041015625,0.189332389831543
0.03680419921875,0.5275415420532227
0.1266937255859375,0.18927993774414065
0.07519912719726562,0.5966190338134766
0.07657623291015625,0.2880882263183594
0.07514572143554688,0.5965208053588867
0.07596206665039062,0.1954540252685547
0.0777740478515625,0.28777732849121096
0.07604598999023438,0.596345329284668
0.07697296142578125,0.19459190368652346
0.079864501953125,0.287542724609375
0.077484130859375,0.5962614059448242
0.07820510864257812,0.1943391799926758
0.08203887939453125,0.2873996734619141
0.0576171875,0.1322201728820801
0.07918548583984375,0.5962471008300781
0.07973480224609375,0.19402637481689455
0.0843505859375,0.28728904724121096
0.0579681396484375,0.13224449157714846
0.08129501342773438,0.5963605880737305
0.08166885375976562,0.1936830520629883
0.0870513916015625,0.28732147216796877
0.0399322509765625,0.14379158020019533
0.08395004272460938,0.5965866088867188
0.084075927734375,0.19323101043701174
0.09033966064453125,0.28748931884765627
0.0409088134765625,0.14399232864379885
0.08713531494140625,0.5968860626220703
0.08697128295898438,0.1926750183105469
0.042816162109375,0.14388504028320315
0.0908966064453125,0.5972341537475586
0.090362548828125,0.19201412200927737
0.0449371337890625,0.1437543869018555
0.1959228515625,0.19344272613525393
0.09412384033203125,0.19136085510253908
0.0471343994140625,0.1437095642089844
0.19744110107421875,0.19184722900390627
0.0488739013671875,0.14373388290405276
0.19297027587890625,0.18743743896484377
0.19533538818359375,0.18686904907226565
0.19829559326171875,0.18685283660888674
0.2014923095703125,0.18696346282958987
0.1866607666015625,0.652619743347168
0.01084136962890625,0.6227306365966797
0.186279296875,0.6540931701660156
0.011688232421875,0.6227249145507813
0.187225341796875,0.6540836334228516
0.01412200927734375,0.624639892578125
0.05803871154785156,0.2321717977523804
0.1881866455078125,0.6545075416564942
0.05768775939941406,0.2321177959442139
0.190032958984375,0.654946231842041
0.01555633544921875,0.6386798858642578
0.05775642395019531,0.23210647106170657
0.1925201416015625,0.6555069923400879
0.05825996398925781,0.23210909366607668
0.195526123046875,0.6562251091003418
0.059291839599609375,0.23205008506774905
0.1990814208984375,0.657108211517334
0.0816192626953125,0.5179580688476563
0.04603409767150879,0.22157135009765627
0.06078910827636719,0.2319368362426758
0.0828857421875,0.5179599761962891
0.04553842544555664,0.2218803405761719
0.0628814697265625,0.23180236816406252
0.08448410034179688,0.5180782318115235
0.05428314208984375,0.2881053924560547
0.04570579528808594,0.22223701477050783
0.06539344787597656,0.23181786537170412
0.08601760864257812,0.5182136535644531
0.04032135009765625,0.29087486267089846
0.04661250114440918,0.22225227355957033
0.06826591491699219,0.2320192098617554
0.18593978881835938,0.17964019775390627
0.048392534255981445,0.22185554504394533
0.06996536254882812,0.23284235000610354
0.18706130981445312,0.18003501892089846
0.050716400146484375,0.22132911682128908
0.18861007690429688,0.1804393768310547
0.05325007438659668,0.22090187072753908
0.074737548828125,0.5285839080810547
0.1909027099609375,0.18067588806152346
0.0544893741607666,0.22079315185546877
0.11386871337890625,0.606695556640625
0.076995849609375,0.5285037994384766
0.19390869140625,0.1805747985839844
0.05410289764404297,0.22047080993652346
0.11476898193359375,0.606700325012207
0.197418212890625,0.18021621704101565
0.11602783203125,0.6064018249511719
0.15586090087890625,0.22771778106689455
0.1945037841796875,0.17954864501953127
0.19692420959472656,0.5624441146850586
0.11803436279296875,0.6062931060791016
0.15799713134765625,0.22704830169677737
0.19701766967773438,0.17935981750488283
0.19818496704101562,0.5625308990478516
0.1206817626953125,0.6064447402954102
0.16072845458984375,0.22634925842285158
0.0308074951171875,0.3267253875732422
0.0932159423828125,0.18858458995819094
0.12396240234375,0.6069311141967774
0.1638641357421875,0.22588863372802737
0.029876708984375,0.32718505859375
0.09420013427734375,0.1880603075027466
0.12804412841796875,0.607554817199707
0.16748809814453125,0.22547092437744143
0.03033447265625,0.3276123046875
0.09613037109375,0.18775835037231448
0.17165374755859375,0.22514286041259768
0.03176116943359375,0.3278221130371094
0.09888458251953125,0.18752470016479494
0.03217315673828125,0.3287681579589844
0.033660888671875,0.32871475219726565
0.07483530044555664,0.5052665710449219
0.1942615509033203,0.592101001739502
0.048736572265625,0.5959476470947266
0.03549957275390625,0.3285888671875
0.07578873634338379,0.5052417755126953
0.19700050354003906,0.5923375129699707
0.0485382080078125,0.5963043212890625
0.03777313232421875,0.32836761474609377
0.07712531089782715,0.5052131652832031
0.0485992431640625,0.5963081359863281
0.035411834716796875,0.2589591979980469
0.03388214111328125,0.32728042602539065
0.07906818389892578,0.5052742004394531
0.049434661865234375,0.5962699890136719
0.03589630126953125,0.2588218688964844
0.08182001113891602,0.5054477691650391
0.0511016845703125,0.5962814331054688
0.03772735595703125,0.25860443115234377
0.08305692672729492,0.5048755645751953
0.05336761474609375,0.5964778900146485
0.040203094482421875,0.25849571228027346
0.055805206298828125,0.5967506408691406
0.043041229248046875,0.2585338592529297
0.05872344970703125,0.5972751617431641
0.046123504638671875,0.2588237762451172
0.049472808837890625,0.2592777252197266
0.068359375,0.5020803451538086
0.052967071533203125,0.25995674133300783
0.07013702392578125,0.5020493507385254
0.07491493225097656,0.5376399993896485
0.19768714904785156,0.1868841886520386
0.07274627685546875,0.5020035743713379
0.05135345458984375,0.6271180152893067
0.07484626770019531,0.5375718116760254
0.19704627990722656,0.1867569923400879
0.07593536376953125,0.5019725799560547
0.05225372314453125,0.626963996887207
0.07566070556640625,0.5376914978027344
0.1974048614501953,0.186679744720459
0.053768157958984375,0.6266912460327149
0.09345245361328125,0.25121917724609377
0.04723668098449707,0.5647510528564453
0.07690811157226562,0.5378607749938965
0.19828414916992188,0.18653800487518313
0.055500030517578125,0.6262077331542969
0.09387969970703125,0.2511466979980469
0.04640054702758789,0.5646766662597656
0.09608244895935059,0.25460472106933596
0.07832908630371094,0.5380796432495117
0.19930458068847656,0.1863898277282715
0.0574188232421875,0.6255868911743164
0.10865020751953125,0.2664827346801758
0.09500765800476074,0.25113906860351565
0.04607582092285156,0.5645069122314453
0.0951697826385498,0.2545188903808594
0.079864501953125,0.5383674144744873
0.2005481719970703,0.1862823009490967
0.059703826904296875,0.6250666618347168
0.11000442504882812,0.2658542633056641
0.09697151184082031,0.25097503662109377
0.0459744930267334,0.5643199920654297
0.09478163719177246,0.25435867309570315
0.08180618286132812,0.5387438774108887
0.0627288818359375,0.6250742912292481
0.11262893676757812,0.26540937423706057
0.09955573081970215,0.25069656372070315
0.04643845558166504,0.5641521453857422
0.09518599510192871,0.25417747497558596
0.0843048095703125,0.5392009258270264
0.06654739379882812,0.6254753112792969
0.11658477783203125,0.26505460739135744
0.017688751220703125,0.2650655746459961
0.10246610641479492,0.2504638671875
0.04764437675476074,0.5641407012939453
0.09671139717102051,0.2540458679199219
0.08740997314453125,0.5396913528442383
0.12145614624023438,0.2649239540100098
0.018558502197265625,0.26482715606689455
0.09280085563659668,0.2580722808837891
0.04935288429260254,0.5643505096435547
0.09862589836120605,0.254156494140625
0.019992828369140625,0.2646526336669922
0.05122208595275879,0.5646957397460938
0.10068249702453613,0.25439109802246096
0.022014617919921875,0.2645000457763672
0.05330324172973633,0.5651802062988281
0.10280752182006836,0.25477256774902346
0.050872802734375,0.5690564155578614
0.017719268798828125,0.265386962890625
0.055667877197265625,0.5658000946044922
0.10514473915100098,0.25528945922851565
0.05106353759765625,0.5690177917480469
0.08007049560546875,0.2399031162261963
0.05840301513671875,0.5666336059570313
0.1077582836151123,0.25596084594726565
0.0519866943359375,0.5688852310180664
0.08023834228515625,0.2397643566131592
0.11051154136657715,0.2567161560058594
0.0530853271484375,0.5687650680541992
0.08116912841796875,0.23956634998321535
0.11339712142944336,0.25751533508300783
0.047332763671875,0.5666169166564942
0.08251190185546875,0.23941185474395754
0.0489044189453125,0.5666479110717774
0.08416748046875,0.23930909633636477
0.030719757080078125,0.6262744903564453
0.05089569091796875,0.5668190956115723
0.08611297607421875,0.23923470973968508
0.03005218505859375,0.6263097763061524
0.05322265625,0.5669943332672119
0.08837890625,0.23913230895996096
0.03066253662109375,0.6262940406799317
0.058277130126953125,0.5852073669433594
0.05658721923828125,0.5672031879425049
0.09172821044921875,0.23893227577209475
0.032562255859375,0.6262630462646485
0.0597991943359375,0.5849813461303711
0.0583038330078125,0.5670639514923096
0.09473419189453125,0.23876693248748782
0.03460693359375,0.6262125015258789
0.05348968505859375,0.5870536804199219
0.0972900390625,0.23869183063507082
0.037250518798828125,0.6262859344482422
0.055828094482421875,0.5869163513183594
0.040462493896484375,0.6265515327453614
0.00113677978515625,0.2828678131103516
0.0554046630859375,0.5854352951049805
0.00405120849609375,0.2829793930053711
0.05612945556640625,0.5828804016113281
0.0714111328125,0.5632156372070313
0.19326019287109375,0.6756786346435547
0.007183074951171875,0.28342618942260744
0.07221221923828125,0.563198471069336
0.1916656494140625,0.6755069732666016
0.07332611083984375,0.5631870269775391
0.1913909912109375,0.6749881744384766
0.06995391845703125,0.5662960052490235
0.06310272216796875,0.5692085266113281
0.05802154541015625,0.569576644897461
0.0600433349609375,0.5697826385498047
0.112396240234375,0.2285198211669922
0.06278228759765625,0.5700534820556641
0.1152496337890625,0.22845497131347658
0.12860107421875,0.5726179122924805
0.10843086242675781,0.6232551574707031
0.06626129150390625,0.5703319549560547
0.1182708740234375,0.22838630676269533
0.127410888671875,0.5726408004760742
0.10831594467163086,0.623052978515625
0.1558372974395752,0.2598423004150391
0.12152099609375,0.22825660705566408
0.1262969970703125,0.5725625991821289
0.0610504150390625,0.5933555603027344
0.109283447265625,0.6230968475341797
0.15668702125549316,0.25980415344238283
0.12542724609375,0.572414779663086
0.054668426513671875,0.2859090805053711
0.062103271484375,0.593145751953125
0.11092901229858398,0.6233905792236328
0.15828680992126465,0.25983657836914065
0.124755859375,0.572297477722168
0.05561065673828125,0.28588619232177737
0.1130363941192627,0.6237720489501953
0.16033506393432617,0.25988426208496096
0.124420166015625,0.5723079681396485
0.0573272705078125,0.2858451843261719
0.057342529296875,0.5979732513427735
0.11556649208068848,0.62418212890625
0.16283082962036133,0.25988235473632815
0.12451171875,0.5724386215209961
0.0601959228515625,0.2858308792114258
0.11922645568847656,0.6247123718261719
0.16649341583251953,0.2598003387451172
0.1249542236328125,0.5726131439208985
0.0627288818359375,0.2858308792114258
0.0413360595703125,0.5864452362060547
0.12199974060058594,0.6248516082763672
0.17003560066223145,0.25971641540527346
0.1253662109375,0.5728229522705078
0.06534194946289062,0.28582420349121096
0.04402923583984375,0.5863117218017578
0.1256866455078125,0.5730775833129883
0.06805038452148438,0.2858585357666016
0.0474090576171875,0.5862010955810547
0.0928192138671875,0.22591247558593752
0.07207870483398438,0.2858299255371094
0.052490234375,0.5863059997558594
0.0969390869140625,0.22580566406250002
0.01136016845703125,0.2864231109619141
0.07584381103515625,0.28572788238525393
0.10132598876953125,0.22544898986816408
0.18147778511047363,0.5752681732177735
0.01104736328125,0.2867912292480469
0.01137542724609375,0.28724327087402346
0.0118560791015625,0.28776397705078127
0.01236724853515625,0.2882102966308594
0.0130767822265625,0.28858795166015627
0.014129638671875,0.28890647888183596
0.017486572265625,0.2776397705078125
0.02567291259765625,0.5879425048828125
0.09041595458984375,0.22083702087402346
0.02642059326171875,0.5879329681396485
0.0907135009765625,0.22078933715820315
0.028472900390625,0.5880722045898438
0.092681884765625,0.2205680847167969
0.0313720703125,0.5883316040039063
0.09554290771484375,0.22028770446777346
0.03490447998046875,0.5886253356933594
0.098876953125,0.21997108459472658
0.09259796142578125,0.31982078552246096
0.10283660888671875,0.21962585449218752
0.09363555908203125,0.319708251953125
0.09583282470703125,0.31853904724121096
0.09893798828125,0.31691780090332033
0.10207366943359375,0.31534996032714846
0.105133056640625,0.3139366149902344
0.1082305908203125,0.3127044677734375
0.111175537109375,0.3116973876953125
0.11415863037109375,0.31085052490234377
0.117279052734375,0.3101524353027344
0.06634902954101562,0.3270172119140625
0.06755447387695312,0.32705345153808596
0.0692138671875,0.3267711639404297
0.05089569091796875,0.5781997680664063
0.05204010009765625,0.576534652709961
0.05249786376953125,0.5758880615234375
0.054046630859375,0.5763019561767578
0.04523468017578125,0.571590805053711
0.05518341064453125,0.22548713684082033
0.037506103515625,0.21871604919433596
0.0394439697265625,0.2152580261230469
0.061492919921875,0.5333179473876953
0.04396820068359375,0.21517028808593752
0.09922027587890625,0.19774570465087893
0.06587982177734375,0.5338329315185547
0.04834747314453125,0.2153057098388672
0.10060882568359375,0.19718017578125002
0.0740966796875,0.5192417144775391
0.06509017944335938,0.3305696487426758
0.076446533203125,0.5189966201782227
0.06534957885742188,0.33033123016357424
0.08103179931640625,0.518678092956543
0.035900115966796875,0.5670732498168946
0.07225799560546875,0.32897129058837893
0.04050445556640625,0.5656417846679688
0.07125473022460938,0.295172119140625
0.07409286499023438,0.3283833503723145
0.04167938232421875,0.5655912399291992
0.07245254516601562,0.29448928833007815
0.05157470703125,0.2458070755004883
0.07686614990234375,0.327581787109375
0.0416107177734375,0.5654367446899414
0.07434844970703125,0.29389419555664065
0.0521392822265625,0.2456530570983887
0.05905914306640625,0.333222770690918
0.04067230224609375,0.5608657836914063
0.04347991943359375,0.2255109786987305
0.07686614990234375,0.2933868408203125
0.053253173828125,0.24536743164062502
0.04297637939453125,0.5611270904541016
0.045745849609375,0.22516956329345705
0.07981491088867188,0.2927288055419922
0.0550537109375,0.24504604339599612
0.045574188232421875,0.5617660522460938
0.048709869384765625,0.22518100738525393
0.07663726806640625,0.29684104919433596
0.0491485595703125,0.24957885742187502
0.048580169677734375,0.5626091003417969
0.0523223876953125,0.22526016235351565
0.042510986328125,0.25069704055786135
0.05210113525390625,0.5632804870605469
0.053863525390625,0.226716423034668
0.056217193603515625,0.5636219024658203
0.042552947998046875,0.23867168426513674
0.0375518798828125,0.5900424957275391
0.0401763916015625,0.5889896392822266
0.04158782958984375,0.5881847381591797
0.08452606201171875,0.2667430877685547
0.09833312034606934,0.500118637084961
0.00099945068359375,0.2525934219360352
0.0435333251953125,0.5879863739013672
0.083892822265625,0.2602104187011719
0.09620380401611328,0.5001510620117188
0.002899169921875,0.25252475738525393
0.00494384765625,0.2524456024169922
0.030029296875,0.5861038208007813
0.0072479248046875,0.252294921875
0.02602386474609375,0.5834526062011719
0.08176422119140625,0.34533157348632815
0.09390902519226074,0.49518623352050783
0.00988006591796875,0.25203838348388674
0.029754638671875,0.5834449768066406
0.06026458740234375,0.23502578735351565
0.0144805908203125,0.5636905670166016
0.046905517578125,0.19065704345703127
0.08306121826171875,0.3444561004638672
0.09675407409667969,0.4955944061279297
0.01326751708984375,0.25162448883056643
0.0351715087890625,0.5837234497070313
0.065338134765625,0.23409881591796877
0.084075927734375,0.3433250427246094
0.06961822509765625,0.2333110809326172
0.08565521240234375,0.3426822662353516
0.0562443733215332,0.4836162567138672
0.08805084228515625,0.3420433044433594
0.0889434814453125,0.505165958404541
0.090789794921875,0.34159126281738283
0.09043693542480469,0.5051881313323975
0.064697265625,0.34020843505859377
0.0041046142578125,0.5434793472290039
0.01064300537109375,0.2476829528808594
0.00457000732421875,0.5432623863220215
0.07708740234375,0.4653800964355469
0.0100860595703125,0.2474559783935547
0.08211898803710938,0.5220288276672364
0.0770263671875,0.46720638275146487
0.010128021240234375,0.24725189208984377
0.0688934326171875,0.2730583190917969
0.08479690551757812,0.52225341796875
0.077239990234375,0.4673484802246094
0.010791778564453125,0.24711647033691408
0.07001495361328125,0.2734283447265625
0.034664154052734375,0.5344914436340332
0.09648895263671875,0.16486253738403323
0.0770721435546875,0.4658111572265625
0.0915679931640625,0.14423313140869143
0.012050628662109375,0.24690284729003908
0.07318115234375,0.27346267700195315
0.08393478393554688,0.5199612617492676
0.035701751708984375,0.5345157623291016
0.09679412841796875,0.1687034606933594
0.0790863037109375,0.4661296844482422
0.093017578125,0.14428462982177737
0.013965606689453125,0.2465843200683594
0.06777453422546387,0.578121566772461
0.0620880126953125,0.2733329772949219
0.06919240951538086,0.5239261627197266
0.08174896240234375,0.5397438049316406
0.037494659423828125,0.534880542755127
0.09878158569335938,0.16822042465209963
0.0819549560546875,0.4663843154907227
0.095977783203125,0.14419116973876955
0.0164642333984375,0.24613037109375002
0.03249359130859375,0.22141113281250002
0.06859278678894043,0.5782150268554688
0.06831526756286621,0.5238670349121094
0.07641720771789551,0.18411102294921877
0.08168792724609375,0.5395416259765625
0.0231475830078125,0.23645987510681155
0.036376953125,0.1612595558166504
0.040069580078125,0.5356949806213379
0.006633758544921875,0.300294303894043
0.0856781005859375,0.46645488739013674
0.0998382568359375,0.14352359771728518
0.0193328857421875,0.24567451477050783
0.032470703125,0.2216361999511719
0.06936359405517578,0.5783027648925781
0.0678863525390625,0.5237640380859375
0.07776737213134766,0.18356170654296877
0.08239364624023438,0.5397972106933594
0.02669525146484375,0.2362853527069092
0.035064697265625,0.16135921478271487
0.043231964111328125,0.5369709968566895
0.006664276123046875,0.2997907638549805
0.0900421142578125,0.4663738250732422
0.03319549560546875,0.2217124938964844
0.07034635543823242,0.5783485412597656
0.06777095794677734,0.5237030029296875
0.07827973365783691,0.18344726562500002
0.08391952514648438,0.540554428100586
0.08509063720703125,0.19411697387695315
0.03075408935546875,0.2360567092895508
0.035125732421875,0.16137685775756838
0.0468597412109375,0.5384897232055664
0.007198333740234375,0.29914131164550783
0.07135415077209473,0.5784725189208985
0.06837224960327148,0.5238937377929688
0.07952475547790527,0.18350257873535158
0.08637237548828125,0.5417236328125
0.08730316162109375,0.19358482360839846
0.0353851318359375,0.16132678985595705
0.05077362060546875,0.5386957168579102
0.00846099853515625,0.2980350494384766
0.0739903450012207,0.578436279296875
0.06971001625061035,0.5243667602539063
0.08115363121032715,0.18361892700195315
0.08974456787109375,0.5432571411132813
0.08940505981445312,0.19359626770019533
0.01029205322265625,0.2972005844116211
0.0776057243347168,0.5784610748291016
0.07143950462341309,0.5250076293945313
0.08279991149902344,0.18381729125976565
0.0934906005859375,0.5448020935058594
0.012828826904296875,0.29659404754638674
0.08192229270935059,0.5784839630126953
0.07291030883789062,0.5255474090576172
0.08421969413757324,0.18399848937988283
0.01596832275390625,0.2962650299072266
0.09027481079101562,0.5498165130615235
0.05063438415527344,0.5116962432861328
0.01200103759765625,0.29665412902832033
0.09122467041015625,0.5493587493896485
0.00838470458984375,0.5675796508789063
5.7220458984375e-06,0.5055536270141602
0.07930755615234375,0.15521159172058108
0.0081939697265625,0.5676406860351563
0.0043487548828125,0.4938091278076172
0.07903861999511719,0.15509130954742434
0.00847625732421875,0.5678886413574219
0.00049591064453125,0.21704711914062502
0.004733085632324219,0.49386444091796877
0.0002422332763671875,0.5055483818054199
0.00870513916015625,0.5680374145507813
0.002166748046875,0.2193473815917969
0.005398988723754883,0.4938682556152344
0.0432887077331543,0.2330821990966797
0.00096893310546875,0.505654239654541
0.0166168212890625,0.20750370025634768
0.068145751953125,0.7521184921264649
0.014007568359375,0.19624366760253908
0.0096588134765625,0.5680259704589844
0.001708984375,0.23205223083496096
0.006464242935180664,0.49396553039550783
0.044237613677978516,0.23328247070312502
0.00211334228515625,0.5058511734008789
0.05040931701660156,0.1527796030044556
0.0180206298828125,0.20820560455322268
0.0699005126953125,0.7510847091674805
0.0149383544921875,0.19632663726806643
0.011566162109375,0.567867660522461
0.0042724609375,0.23101463317871096
0.007972478866577148,0.49418487548828127
0.045473337173461914,0.23361816406250002
0.0040283203125,0.5063621044158936
0.05233573913574219,0.15272393226623537
0.019866943359375,0.20749988555908205
0.0167999267578125,0.19626846313476565
0.01314544677734375,0.5677131652832031
0.00704193115234375,0.22982826232910158
0.0593109130859375,0.6412776947021485
0.009796380996704102,0.494512939453125
0.04693150520324707,0.23403587341308596
0.0065479278564453125,0.5071219444274903
0.054683685302734375,0.15280761718750002
0.01947021484375,0.2090310096740723
0.01904296875,0.19619503021240237
0.009246826171875,0.2293266296386719
0.05846405029296875,0.6410602569580078
0.011632442474365234,0.494879150390625
0.048432111740112305,0.2344993591308594
0.009521484375,0.5080822944641114
0.05721092224121094,0.15299203395843508
0.0222625732421875,0.20808067321777346
0.021575927734375,0.1960786819458008
0.0115509033203125,0.22912254333496096
0.0308682918548584,0.30182876586914065
0.0459136962890625,0.6367496490478516
0.09079742431640625,0.2354454040527344
0.04976201057434082,0.23488655090332033
0.008914947509765625,0.5079897880554199
0.05988883972167969,0.15322055816650393
0.0248260498046875,0.20749416351318362
0.0822601318359375,0.5426010131835938
0.024627685546875,0.1958641052246094
0.01425933837890625,0.2290061950683594
0.03153657913208008,0.3017143249511719
0.06280517578125,0.15349736213684084
0.02740478515625,0.20710077285766604
0.0799102783203125,0.5426935195922852
0.0283050537109375,0.19553127288818362
0.01725006103515625,0.2289909362792969
0.0329742431640625,0.30166473388671877
0.030059814453125,0.20682516098022463
0.0025634765625,0.5625499725341797
0.02081298828125,0.2291454315185547
0.034758567810058594,0.30167808532714846
0.09051513671875,0.20471801757812502
0.0049896240234375,0.22538604736328127
0.03271484375,0.2066964149475098
0.036656856536865234,0.30174102783203127
0.091949462890625,0.20463027954101565
0.0042572021484375,0.2256816864013672
0.0355072021484375,0.20672216415405276
0.0723114013671875,0.4031852722167969
0.03883695602416992,0.30190315246582033
0.09391021728515625,0.20476760864257815
0.00426483154296875,0.22557106018066408
0.0384521484375,0.20681610107421877
0.07102203369140625,0.4009880065917969
0.041330575942993164,0.30214920043945315
0.09632110595703125,0.20514907836914065
0.00445556640625,0.22519531250000002
0.0425872802734375,0.20688810348510744
0.041278839111328125,0.6969722747802735
0.082977294921875,0.34583225250244143
0.01824188232421875,0.5329231262207031
0.04472470283508301,0.30231513977050783
0.09984588623046875,0.20595588684082033
0.00255584716796875,0.23877563476562502
0.010356664657592773,0.21368446350097658
0.041717529296875,0.6964668273925781
0.07505416870117188,0.3461297988891602
0.017467498779296875,0.5324958801269531
0.06702041625976562,0.16595115661621096
0.047402143478393555,0.3024620056152344
0.00032806396484375,0.5145038604736328
0.0010528564453125,0.25136985778808596
0.009975194931030273,0.21300354003906252
0.0360107421875,0.6931375503540039
0.017406463623046875,0.5324748992919922
0.06700515747070312,0.1658367156982422
0.0014495849609375,0.250616455078125
0.009807348251342773,0.21272315979003908
0.0230865478515625,0.6834033966064453
0.01239013671875,0.343572998046875
0.017520904541015625,0.5327629089355469
0.06783676147460938,0.16593780517578127
0.009664773941040039,0.21287002563476565
0.02339935302734375,0.6822895050048828
0.013545989990234375,0.3428377151489258
0.018314361572265625,0.5334075927734375
0.069305419921875,0.16607131958007815
0.01001882553100586,0.21337928771972658
0.025539398193359375,0.6827625274658203
0.0164947509765625,0.34267654418945315
0.01952362060546875,0.5342582702636719
0.07120132446289062,0.16628494262695315
0.010665178298950195,0.21396675109863283
0.0189971923828125,0.6815999984741211
0.005886077880859375,0.34574546813964846
0.02097320556640625,0.5351470947265625
0.07316970825195312,0.16654243469238283
0.088836669921875,0.5252965927124024
0.02245330810546875,0.535946273803711
0.054981231689453125,0.1735710144042969
0.0902862548828125,0.5259536743164063
0.023960113525390625,0.53665771484375
0.0928497314453125,0.5263351440429688
0.016185760498046875,0.5327743530273438
0.017597198486328125,0.5440811157226563
0.01790022850036621,0.5442623138427735
0.05563163757324219,0.21920814514160158
0.08777618408203125,0.47584190368652346
0.018921375274658203,0.5447582244873047
0.05692696571350098,0.2195171356201172
0.08758163452148438,0.47663536071777346
0.02080512046813965,0.5455459594726563
0.059302330017089844,0.21989288330078127
0.08736419677734375,0.47599449157714846
0.023644685745239258,0.546627426147461
0.06257271766662598,0.22040596008300783
0.0869903564453125,0.47566070556640627
0.027330875396728516,0.5476669311523438
0.08829879760742188,0.4755596160888672
0.09574508666992188,0.14828529357910158
0.01468658447265625,0.6863922119140625
0.01461029052734375,0.6867603302001953
0.0146942138671875,0.6870712280273438
0.0149993896484375,0.6871437072753906
0.09537506103515625,0.6250308990478516
0.03699493408203125,0.2801822662353516
0.0155029296875,0.6869396209716797
0.08883285522460938,0.614529037475586
0.03479766845703125,0.2793001174926758
0.08143997192382812,0.6075424194335938
0.034297943115234375,0.27968635559082033
0.07707023620605469,0.08489813804626467
0.035793304443359375,0.2800315856933594
0.034557342529296875,0.2809299468994141
0.061199188232421875,0.0890225410461426
0.0376739501953125,0.2809490203857422
0.06097412109375,0.0890908479690552
0.03737640380859375,0.28242149353027346
0.061565399169921875,0.08925833702087405
0.01238250732421875,0.3051780700683594
0.06278800964355469,0.08948388099670412
4.9591064453125e-05,0.6449483871459961
0.06459808349609375,0.08973481655120852
0.06683921813964844,0.09007289409637453
0.06942176818847656,0.09043302536010744
0.00237274169921875,0.4452959537506104
0.07225418090820312,0.09083201885223391
0.0051422119140625,0.4465662479400635
0.07537078857421875,0.09125437736511233
0.07863044738769531,0.09164466857910158
0.007205963134765625,0.29418601989746096
0.077392578125,0.31029739379882815
0.004001617431640625,0.29579963684082033
0.07552719116210938,0.6565593719482422
0.001605987548828125,0.2976287841796875
0.07651138305664062,0.6565765380859375
0.05811309814453125,0.3199333190917969
0.00074005126953125,0.2991641998291016
0.078094482421875,0.6566661834716797
0.05988311767578125,0.31960525512695315
0.08070755004882812,0.6568225860595703
0.062015533447265625,0.31919136047363283
0.08409881591796875,0.6570075988769531
0.06478500366210938,0.31868782043457033
0.08811569213867188,0.6572612762451172
0.06813430786132812,0.31817092895507815
0.07186508178710938,0.31771316528320315
0.09880828857421875,0.7242893218994141
0.10001754760742188,0.7602752685546875
0.00214385986328125,0.5316745281219483
0.0796356201171875,0.3461507797241211
0.03378105163574219,0.5228196620941162
0.03155326843261719,0.523971700668335
0.03135871887207031,0.5239051818847656
0.084381103515625,0.496235990524292
0.031005859375,0.523293399810791
0.08576202392578125,0.49645390510559084
0.0897369384765625,0.14151515960693362
0.007049560546875,0.43270530700683596
0.030462265014648438,0.5222801208496094
0.0735015869140625,0.19257369041442873
0.08745574951171875,0.49636306762695315
0.09136962890625,0.1410184144973755
0.0061798095703125,0.4327253341674805
0.07785415649414062,0.39022102355957033
0.030382156372070312,0.5214892864227295
0.07416152954101562,0.1916545867919922
0.08956146240234375,0.49622526168823244
0.09369659423828125,0.1401303052902222
0.005401611328125,0.4327606201171875
0.07818984985351562,0.39002647399902346
0.031108856201171875,0.5211924552917481
0.07512664794921875,0.1908728122711182
0.09249114990234375,0.4960490703582764
0.09670257568359375,0.13890030384063723
0.07945632934570312,0.3897098541259766
0.032428741455078125,0.5212494373321533
0.07622528076171875,0.19026067256927492
0.09615325927734375,0.49578609466552737
0.10009765625,0.13749506473541262
0.08144378662109375,0.38949432373046877
0.02678680419921875,0.5177420616149903
0.07730484008789062,0.18981769084930422
0.083892822265625,0.38929214477539065
0.02701568603515625,0.5166927814483643
0.07835006713867188,0.1894539833068848
0.086151123046875,0.38931121826171877
0.022310256958007812,0.5099534034729004
0.07922744750976562,0.18913295269012453
0.024648666381835938,0.5079249382019043
0.05833625793457031,0.1892328500747681
0.0778961181640625,0.28693523406982424
0.04156494140625,0.2973932266235352
0.07274627685546875,0.3183483123779297
0.014801025390625,0.5026906967163086
0.0410308837890625,0.29684200286865237
0.073822021484375,0.3178562164306641
0.015163421630859375,0.5025216579437256
0.0411529541015625,0.29641189575195315
0.07552337646484375,0.3172210693359375
0.015928268432617188,0.502435827255249
0.0419921875,0.29606189727783205
0.07799530029296875,0.31644859313964846
0.01715850830078125,0.5023752689361572
0.0429840087890625,0.29577198028564455
0.0662689208984375,0.3201335906982422
0.019262313842773438,0.5023507118225098
0.0006103515625,0.17580142021179201
0.0444793701171875,0.29554214477539065
0.0273590087890625,0.3224796295166016
0.021366119384765625,0.502351188659668
0.002170562744140625,0.17539026737213137
0.0460052490234375,0.2955020904541016
0.00386810302734375,0.17505588531494143
0.03484344482421875,0.7473072052001953
0.013278961181640625,0.4047111511230469
0.09154510498046875,0.6032184600830078
0.01323699951171875,0.40471687316894533
0.012363433837890625,0.23320808410644533
0.01345062255859375,0.40470447540283205
0.01119232177734375,0.23461093902587893
0.00742340087890625,0.23504009246826174
0.023334503173828125,0.5255111694335938
0.0730133056640625,0.4080070495605469
0.049365997314453125,0.5363897323608399
0.049053192138671875,0.5366214752197266
0.0004100799560546875,0.43163623809814455
0.017301559448242188,0.09224321842193606
0.049312591552734375,0.5361942291259766
0.000423431396484375,0.43142547607421877
0.01784515380859375,0.09211339950561526
0.008026123046875,0.36350288391113283
0.05046844482421875,0.5352472305297852
0.0011920928955078125,0.43160834312438967
0.019124984741210938,0.09187271595001223
0.0107879638671875,0.36211528778076174
0.04335784912109375,0.5409759521484375
0.0026798248291015625,0.4319762229919434
0.020971298217773438,0.09163000583648684
0.0149993896484375,0.3599552154541016
0.057373046875,0.2630352020263672
0.005123138427734375,0.4324859619140625
0.023408889770507812,0.091387414932251
0.0200653076171875,0.3576530456542969
0.0555419921875,0.26266136169433596
0.026319503784179688,0.0911817789077759
0.00389862060546875,0.20789566040039065
0.024658203125,0.35572376251220705
0.05390167236328125,0.2624668121337891
0.00390625,0.20780792236328127
0.052642822265625,0.26253738403320315
0.09903717041015625,0.6603073120117188
0.00473785400390625,0.20763530731201174
0.05204010009765625,0.26290359497070315
0.09905242919921875,0.660183334350586
0.00641632080078125,0.20751228332519533
0.0525360107421875,0.2635406494140625
0.09903717041015625,0.6599601745605469
0.00873565673828125,0.20736446380615237
0.0643768310546875,0.23117675781250002
0.0533599853515625,0.2642101287841797
0.011627197265625,0.207002067565918
0.06463623046875,0.2303184509277344
0.00275421142578125,0.21449985504150393
0.0530853271484375,0.22766151428222658
0.01324462890625,0.3202108383178711
0.0137481689453125,0.32017078399658205
0.013397216796875,0.32113494873046877
0.024593353271484375,0.5306266784667969
0.026073455810546875,0.5306276321411133
0.08483505249023438,0.7367347717285156
0.02739715576171875,0.5307611465454102
0.07799530029296875,0.7356447219848633
0.017711639404296875,0.7315877914428711
0.006805419921875,0.7272123336791992
0.00748443603515625,0.7258857727050781
0.02886962890625,0.5574430465698242
0.07053375244140625,0.1926006317138672
0.02973175048828125,0.557308578491211
0.07086944580078125,0.19234886169433596
0.03136444091796875,0.5573982238769531
0.072296142578125,0.1920494079589844
0.03347015380859375,0.5576433181762696
0.0742034912109375,0.19175186157226565
0.003204345703125,0.6135734558105469
0.03592681884765625,0.5579303741455078
0.0765228271484375,0.1913923263549805
0.00420379638671875,0.6137031555175781
0.0386505126953125,0.5582622528076172
0.07933807373046875,0.19100990295410158
0.00583648681640625,0.613897705078125
0.04170989990234375,0.5586103439331055
0.08258819580078125,0.19060649871826174
0.007843017578125,0.6140560150146485
0.04523468017578125,0.5589841842651367
0.08635711669921875,0.19015254974365237
0.00992584228515625,0.6141666412353516
0.07855224609375,0.7044548034667969
0.07830047607421875,0.7053932189941406
0.08538055419921875,0.2887310028076172
0.07958221435546875,0.12294425964355471
0.08148956298828125,0.12419166564941408
0.08451080322265625,0.12576904296875002
0.06528854370117188,0.13007774353027346
0.1009674072265625,0.5364459991455078
0.10079574584960938,0.5376056671142578
0.09582901000976562,0.5486988067626953
0.09262847900390625,0.5567802429199219
0.0896453857421875,0.5802730560302735
0.08863067626953125,0.5810264587402344
0.09964370727539062,0.3108829498291016
0.088104248046875,0.5818628311157227
0.08763885498046875,0.5821174621582031
0.0873565673828125,0.5822910308837891
0.0871429443359375,0.5823158264160156
0.07009124755859375,0.6099838256835938
0.09683990478515625,0.5914529800415039
0.097381591796875,0.591823959350586
0.0987548828125,0.5920804977416992
0.06189727783203125,0.28688945770263674
0.0645294189453125,0.2870525360107422
0.068023681640625,0.28731765747070315
0.018138885498046875,0.7354377746582031
0.007659912109375,0.3466037750244141
0.019252777099609375,0.735592269897461
0.008731842041015625,0.34637298583984377
0.02095794677734375,0.7357696533203125
0.0105133056640625,0.3459514617919922
0.022701263427734375,0.7359565734863281
0.006603240966796875,0.3478435516357422
0.026012420654296875,0.5940631866455078
0.02545166015625,0.5937704086303711
0.026332855224609375,0.5938629150390625
0.02825164794921875,0.5940774917602539
0.0305633544921875,0.5941003799438477
0.03314971923828125,0.5941604614257813
0.0539398193359375,0.286347770690918
0.093414306640625,0.5430947780609131
0.03603363037109375,0.5945695877075196
0.057277679443359375,0.28632774353027346
0.09511947631835938,0.5429052352905274
0.039188385009765625,0.5949529647827149
0.05110931396484375,0.28585281372070315
0.09034538269042969,0.5410775184631348
0.035064697265625,0.5951532363891602
0.038753509521484375,0.5952981948852539
0.001514434814453125,0.2881196975708008
0.04300689697265625,0.5951999664306641
0.0040607452392578125,0.5570346355438233
0.011814117431640625,0.6556076049804688
0.05048370361328125,0.35758247375488283
0.00384521484375,0.5569473743438721
0.0127105712890625,0.6556018829345703
0.051296234130859375,0.3574871063232422
0.0042705535888671875,0.5568524837493897
0.014171600341796875,0.6557754516601563
0.05226898193359375,0.3574394226074219
0.0050258636474609375,0.5567773818969727
0.07274627685546875,0.21040465831756594
0.016300201416015625,0.6561454772949219
0.053646087646484375,0.35750999450683596
0.0062503814697265625,0.5569468975067139
0.07383155822753906,0.21022763252258303
0.0190582275390625,0.6566051483154297
0.05541229248046875,0.3576683044433594
0.008073806762695312,0.5574826240539551
0.07577896118164062,0.21017649173736574
0.043035268783569336,0.25823440551757815
0.05773162841796875,0.3580020904541016
0.00980377197265625,0.5579446792602539
0.07799339294433594,0.2102984428405762
0.04465126991271973,0.25840225219726565
0.060375213623046875,0.35836257934570315
0.01030731201171875,0.557750129699707
0.08019828796386719,0.21052649021148684
0.04719805717468262,0.2585929870605469
0.012849807739257812,0.5586847305297852
0.0825347900390625,0.2107787370681763
0.05059337615966797,0.2587493896484375
0.08487701416015625,0.21103587150573733
0.04924368858337402,0.26016845703125
0.0406341552734375,0.24117889404296877
0.04177093505859375,0.24098815917968752
0.04376220703125,0.24076690673828127
0.04660797119140625,0.24036827087402346
0.05014801025390625,0.2398246765136719
0.01186370849609375,0.6994070053100586
0.07275199890136719,0.25113859176635744
0.009368896484375,0.6982034683227539
0.01094818115234375,0.5543834209442139
0.08961296081542969,0.12968256473541262
0.008241653442382812,0.553820276260376
0.06744575500488281,0.1642924785614014
0.0063800811767578125,0.553432846069336
0.04649162292480469,0.20784964561462405
0.005336761474609375,0.5532096862792969
0.04669952392578125,0.21304168701171877
0.04255867004394531,0.6994956970214844
0.08330774307250977,0.34446563720703127
0.0053958892822265625,0.5535975933074951
0.0482025146484375,0.21313228607177737
0.043866634368896484,0.6995586395263672
0.08459758758544922,0.3442234039306641
0.00638580322265625,0.554599666595459
0.04988861083984375,0.2131833076477051
0.045572519302368164,0.6999324798583985
0.08641219139099121,0.3440441131591797
0.007892608642578125,0.5558849811553955
0.05182075500488281,0.2132387399673462
0.0807037353515625,0.20227661132812502
0.04766130447387695,0.7004436492919922
0.08853530883789062,0.3438896179199219
0.009714126586914062,0.5571471691131592
0.0540924072265625,0.21321322917938235
0.09737396240234375,0.6022342681884766
0.0802154541015625,0.20315589904785158
0.05012035369873047,0.7010883331298828
0.09096813201904297,0.3437675476074219
0.011913299560546875,0.5584131717681885
0.05644416809082031,0.21328022480010989
0.0984954833984375,0.602392578125
0.08050537109375,0.20377197265625002
0.053050994873046875,0.7017902374267578
0.09384822845458984,0.34365501403808596
0.01441192626953125,0.559639835357666
0.05889892578125,0.21321907043457033
0.10045623779296875,0.6027263641357422
0.0816497802734375,0.2036022186279297
0.056440114974975586,0.7025798797607422
0.09709405899047852,0.3435558319091797
0.017416000366210938,0.560961389541626
0.061374664306640625,0.2131600618362427
0.08292388916015625,0.2031883239746094
0.06026411056518555,0.7034400939941406
0.10078811645507812,0.3434165954589844
0.020717620849609375,0.5622347831726074
0.06399154663085938,0.2131051063537598
0.08461761474609375,0.20314064025878908
0.02420806884765625,0.5634953022003174
0.06678390502929688,0.21308579444885256
0.016635894775390625,0.5827659606933594
0.08650970458984375,0.20292701721191408
0.027940750122070312,0.5646854877471924
0.06982612609863281,0.2130546808242798
0.09349822998046875,0.2590946197509766
0.018096923828125,0.5828937530517578
0.088623046875,0.20234527587890627
0.03201103210449219,0.5657495498657227
0.07327079772949219,0.21295943260192873
0.09698104858398438,0.2590059280395508
0.096435546875,0.2599348068237305
0.02533721923828125,0.5899890899658203
0.0765228271484375,0.26532974243164065
0.048656463623046875,0.28213157653808596
0.011234283447265625,0.5888961791992188
0.016635894775390625,0.3104127883911133
0.013843536376953125,0.5893024444580078
0.01705169677734375,0.58951416015625
0.085479736328125,0.2658266067504883
0.086395263671875,0.2643279075622559
0.0872802734375,0.2635358810424805
0.0888671875,0.2629302978515625
0.08227157592773438,0.6594594955444336
0.091156005859375,0.2625016212463379
0.0770263671875,0.2646373748779297
0.04607391357421875,0.6097740173339844
0.04559326171875,0.6095928192138672
0.06683349609375,0.2545207977294922
0.08879852294921875,0.6245025634765625
0.04610443115234375,0.6096118927001953
0.06723785400390625,0.2544425964355469
0.090423583984375,0.6243175506591797
0.047412872314453125,0.6098102569580078
0.06870269775390625,0.2543186187744141
0.0931396484375,0.6244091033935547
0.049320220947265625,0.6102184295654297
0.0710296630859375,0.2542442321777344
0.081298828125,0.23557128906250002
0.09540557861328125,0.6240638732910156
0.05164337158203125,0.6107257843017578
0.07384490966796875,0.25417938232421877
0.0794525146484375,0.2374614715576172
0.09781646728515625,0.6237091064453125
0.05506134033203125,0.6114830017089844
0.07787322998046875,0.2541526794433594
0.0783233642578125,0.23699607849121096
0.07869720458984375,0.6242431640625
0.05809783935546875,0.6122116088867188
0.08135604858398438,0.25417366027832033
0.07818603515625,0.2359813690185547
0.0541839599609375,0.6200279235839844
0.061534881591796875,0.6130889892578125
0.08507156372070312,0.25428047180175783
0.0774078369140625,0.23371353149414065
0.0888671875,0.25446739196777346
0.07764434814453125,0.25126495361328127
0.0778656005859375,0.2503055572509766
0.07860565185546875,0.24924888610839846
0.0718536376953125,0.25471343994140627
0.04744720458984375,0.3777946472167969
0.030975341796875,0.23581542968750002
0.0297393798828125,0.2357505798339844
0.0777587890625,0.6582569122314453
0.0294342041015625,0.23593177795410158
0.0763092041015625,0.6589797973632813
0.029541015625,0.23620071411132815
0.074676513671875,0.6599735260009766
0.02944183349609375,0.23662986755371096
0.06845855712890625,0.6659797668457031
0.0983123779296875,0.22460117340087893
0.0278167724609375,0.6941627502441406
0.06351852416992188,0.3417829513549805
0.0245208740234375,0.6067327499389649
0.06451416015625,0.3411764144897461
0.02447509765625,0.6079706192016602
0.0241241455078125,0.6084050178527832
0.07022476196289062,0.33553543090820315
0.0246429443359375,0.6089424133300781
0.0257415771484375,0.6094435691833496
0.0137786865234375,0.31443443298339846
0.08405303955078125,0.3355859756469727
0.0267333984375,0.6095394134521485
0.013702392578125,0.3166855812072754
0.08637237548828125,0.3358463287353516
0.027923583984375,0.6094869613647461
0.015106201171875,0.3164538383483887
0.0877227783203125,0.3356670379638672
0.0298004150390625,0.6093639373779297
0.0169219970703125,0.3162096977233887
0.08961868286132812,0.33540096282958987
0.0324249267578125,0.6090868949890137
0.019378662109375,0.3158740043640137
0.09215164184570312,0.33514156341552737
0.035552978515625,0.6087759971618653
0.02239990234375,0.3155220985412598
0.09502029418945312,0.3351043701171875
0.0315399169921875,0.6089943885803223
0.02593994140625,0.31527223587036135
0.0800323486328125,0.34328880310058596
0.0299224853515625,0.3150934219360352
0.02667999267578125,0.5834144592285156
0.02777099609375,0.5830291748046875
0.029815673828125,0.5829090118408203
0.06868362426757812,0.36930599212646487
0.0012054443359375,0.26493301391601565
0.01902008056640625,0.3528188705444336
0.000308990478515625,0.3534082412719727
0.03157806396484375,0.5138913631439209
0.03281402587890625,0.5132900714874268
0.0098419189453125,0.5118059158325196
0.0800018310546875,0.3205160140991211
0.08025360107421875,0.6602996826171875
0.03818511962890625,0.3402618408203125
0.0208892822265625,0.3044895172119141
0.01871490478515625,0.513701343536377
0.03582763671875,0.16485502719879153
0.02825927734375,0.33789863586425783
0.01921844482421875,0.30419387817382815
0.02170562744140625,0.5137809753417969
0.03887176513671875,0.164430046081543
0.01876068115234375,0.3041099548339844
0.0253143310546875,0.5138186454772949
0.04274749755859375,0.16373302936553957
0.0189208984375,0.3041118621826172
0.01961517333984375,0.304083251953125
0.02081298828125,0.30392112731933596
0.016937255859375,0.30276336669921877
0.07689404487609863,0.2009014129638672
0.07711315155029297,0.20043792724609377
0.07791924476623535,0.20001831054687502
0.07906699180603027,0.1996501922607422
0.08074069023132324,0.19926490783691408
0.08294796943664551,0.19885101318359377
0.07135772705078125,0.24015655517578127
0.0855398178100586,0.19843902587890627
0.084564208984375,0.5959724426269531
0.08266043663024902,0.19850769042968752
0.06971287727355957,0.20125999450683596
0.04361724853515625,0.5625003814697266
0.04433441162109375,0.5612281799316406
0.04583740234375,0.5601810455322266
0.0858612060546875,0.4912322998046875
0.047698974609375,0.5596603393554688
0.05027008056640625,0.5596183776855469
0.05205535888671875,0.5600761413574219
0.007843017578125,0.5111884117126465
0.0377960205078125,0.12512245178222658
0.053863525390625,0.5609592437744141
0.0080718994140625,0.5109457015991211
0.03829193115234375,0.12500097751617434
0.00960540771484375,0.5109342575073242
0.03963470458984375,0.12437930107116701
0.0841217041015625,0.37702407836914065
0.01082611083984375,0.5111836433410645
0.04111480712890625,0.12369587421417239
0.0117645263671875,0.5114790439605713
0.04286956787109375,0.12296714782714846
0.013519287109375,0.5119062900543213
0.0451507568359375,0.12232508659362795
0.0155792236328125,0.5122541427612305
0.0475311279296875,0.12171866893768313
0.0949554443359375,0.7168659210205078
0.01781463623046875,0.5125707626342774
0.05020904541015625,0.12111237049102785
0.0200042724609375,0.5128568649291992
0.0531005859375,0.1204636335372925
0.0976104736328125,0.06725158691406252
0.02252197265625,0.5131346225738526
0.098602294921875,0.06627883911132815
0.009613037109375,0.5098058223724365
0.1004638671875,0.06565132141113283
0.096710205078125,0.0636619567871094
0.06160736083984375,0.061714553833007835
0.1003875732421875,0.6844429016113281
0.0131072998046875,0.3406852722167969
0.0060577392578125,0.3372701644897461
0.05053257942199707,0.5502723693847656
0.05024361610412598,0.5503086090087891
0.050411224365234375,0.5502151489257813
0.02509760856628418,0.1502098083496094
0.0510404109954834,0.5500873565673828
0.025338172912597656,0.14969863891601565
0.048397064208984375,0.32080831527709963
0.04325103759765625,0.5866369247436524
0.05216193199157715,0.5501636505126953
0.0258486270904541,0.14927520751953127
0.08219146728515625,0.5298925876617432
0.055271148681640625,0.31874837875366213
0.026256799697875977,0.14896430969238283
0.08203125,0.5297955513000489
0.05580902099609375,0.3178557395935059
0.048492431640625,0.4395946502685547
0.0795745849609375,0.5302671432495117
0.05756378173828125,0.31678571701049807
0.0483856201171875,0.4357818603515625
0.08712005615234375,0.22643067836761477
0.059833526611328125,0.3159388542175293
0.03118133544921875,0.42416229248046877
0.06253814697265625,0.3156017303466797
0.03948211669921875,0.3216289520263672
0.08245849609375,0.2993663787841797
0.07767868041992188,0.30128135681152346
0.06710052490234375,0.2997020721435547
0.06533432006835938,0.30095710754394533
0.0653533935546875,0.3014072418212891
0.005748748779296875,0.3252161979675293
0.005645751953125,0.3252886772155762
0.00433349609375,0.5628532409667969
0.006046295166015625,0.3250941276550293
0.0044403076171875,0.562510871887207
0.006961822509765625,0.32458343505859377
0.00548553466796875,0.5620397567749024
0.01092529296875,0.2590545654296875
0.008457183837890625,0.32386484146118166
0.0071258544921875,0.5616411209106446
0.02801513671875,0.23174133300781252
0.018646240234375,0.27575531005859377
0.010761260986328125,0.2588676452636719
0.01025390625,0.3231700897216797
0.0092010498046875,0.5614294052124024
0.02924346923828125,0.23121490478515627
0.0202789306640625,0.2752250671386719
0.0115966796875,0.2583507537841797
0.009307861328125,0.560247802734375
0.03150177001953125,0.23092021942138674
0.02075958251953125,0.2742923736572266
0.013275146484375,0.25805130004882815
0.0159912109375,0.5909017562866211
0.0123138427734375,0.5604366302490235
0.03459930419921875,0.23058834075927737
0.02349090576171875,0.2739738464355469
0.015415191650390625,0.2578910827636719
0.0169525146484375,0.5908283233642578
0.0157623291015625,0.5605396270751953
0.0382537841796875,0.23014202117919924
0.02661895751953125,0.2736991882324219
0.01825714111328125,0.2577117919921875
0.0182037353515625,0.5907773017883301
0.0196380615234375,0.5605625152587891
0.0166778564453125,0.5634368896484375
0.03012847900390625,0.27338638305664065
0.010791778564453125,0.2694725036621094
0.020233154296875,0.5907243728637696
0.045074462890625,0.23022117614746096
0.0177764892578125,0.5632671356201172
0.0341949462890625,0.27349700927734377
0.022613525390625,0.5906075477600098
0.05101776123046875,0.6196164131164551
0.025203704833984375,0.5639413833618164
0.019073486328125,0.5631202697753906
0.0209808349609375,0.5912622451782227
0.063232421875,0.2911848068237305
0.05234527587890625,0.6194514274597168
0.025043487548828125,0.5640453338623047
0.02097320556640625,0.5627044677734375
0.034759521484375,0.24212303161621096
0.0242462158203125,0.5910691261291504
0.0658721923828125,0.2908376693725586
0.054111480712890625,0.618958854675293
0.025348663330078125,0.5641778945922852
0.0234832763671875,0.562200927734375
0.0363922119140625,0.24140968322753908
0.0280303955078125,0.5908688545227051
0.0691375732421875,0.29047622680664065
0.05657958984375,0.6183685302734375
0.0261077880859375,0.5641769409179688
0.02654266357421875,0.5619739532470703
0.03878021240234375,0.2408184051513672
0.0292205810546875,0.5891069412231446
0.0727996826171875,0.29014196395874026
0.059406280517578125,0.6181425094604492
0.027454376220703125,0.5639900207519531
0.0266265869140625,0.24604644775390627
0.02996826171875,0.5617965698242188
0.04198455810546875,0.2403739929199219
0.0769805908203125,0.29000082015991213
0.06270217895507812,0.6181239128112793
0.0294036865234375,0.5639194488525391
0.028369903564453125,0.24575748443603518
0.04553985595703125,0.24001159667968752
0.06645965576171875,0.6182211875915528
0.0319671630859375,0.563961410522461
0.029056549072265625,0.24606170654296877
0.03122711181640625,0.2524894714355469
0.035015106201171875,0.563930892944336
0.030780792236328125,0.24675502777099612
0.03069305419921875,0.2529605865478516
0.03838348388671875,0.5637678146362305
0.034282684326171875,0.2462324142456055
0.03063201904296875,0.25341644287109377
0.042407989501953125,0.5635551452636719
0.03680419921875,0.24609985351562502
0.0312652587890625,0.2536777496337891
0.040920257568359375,0.24558582305908205
0.032390594482421875,0.2538017272949219
0.04955792427062988,0.16558494567871096
0.0008087158203125,0.2151676654815674
0.00934600830078125,0.5634702682495117
0.034137725830078125,0.25371589660644533
0.0499267578125,0.1652549743652344
0.00959014892578125,0.5635055541992188
0.036357879638671875,0.25354995727539065
0.050981998443603516,0.16499176025390627
0.01019287109375,0.5635866165161133
0.03864288330078125,0.2534946441650391
0.04042196273803711,0.33299102783203127
0.05254101753234863,0.16456642150878908
0.0123138427734375,0.1743492126464844
0.011440277099609375,0.5636743545532227
0.040220022201538086,0.33297004699707033
0.054306983947753906,0.1640953063964844
0.016038894653320312,0.4918974876403809
0.0122833251953125,0.5343603134155274
0.013397216796875,0.17427673339843752
0.013553619384765625,0.5637363433837891
0.040758371353149414,0.33271446228027346
0.054518938064575195,0.16404762268066408
0.0164794921875,0.4921931266784668
0.098785400390625,0.5797378063201905
0.01235198974609375,0.5344022750854492
0.0152740478515625,0.1742271423339844
0.01616668701171875,0.5637649536132813
0.0417475700378418,0.3322319030761719
0.056694746017456055,0.1638359069824219
0.017620086669921875,0.49232330322265627
0.099395751953125,0.579828405380249
0.02042388916015625,0.2851766586303711
0.01171875,0.5343727111816406
0.0167999267578125,0.17404785156250002
0.019306182861328125,0.5637487411499024
0.07825851440429688,0.6002220153808594
0.042851924896240234,0.33184280395507815
0.05922746658325195,0.16371192932128908
0.019184112548828125,0.49224319458007815
0.038867950439453125,0.19307019710540774
0.10056304931640625,0.5799545288085938
0.02141571044921875,0.2850803375244141
0.01141357421875,0.5340646743774414
0.0152740478515625,0.1771577835083008
0.022979736328125,0.5635971069335938
0.07830429077148438,0.6007274627685547
0.015740394592285156,0.31449546813964846
0.021411895751953125,0.4920538902282715
0.04071235656738281,0.19282605648040774
0.02286529541015625,0.28507366180419924
0.0120391845703125,0.5339693069458008
0.018524169921875,0.17699851989746096
0.0778961181640625,0.6025260925292969
0.02423095703125,0.49186410903930666
0.04297828674316406,0.19248452186584475
0.024600982666015625,0.28511848449707033
0.01303863525390625,0.5339912414550781
0.0221710205078125,0.1769145965576172
0.07733154296875,0.6071323394775391
0.01839447021484375,0.27204742431640627
0.027269363403320312,0.49171009063720705
0.045757293701171875,0.1921736240386963
0.00732421875,0.23794593811035158
0.026470184326171875,0.28521146774291994
0.01468658447265625,0.5340122222900391
0.019481658935546875,0.2719882965087891
0.030820846557617188,0.4915827751159668
0.049015045166015625,0.19189360141754153
0.011260986328125,0.5636447906494141
0.0073089599609375,0.23838844299316408
0.02872467041015625,0.28536500930786135
0.001506805419921875,0.5737957000732422
0.02130126953125,0.2719024658203125
0.05257225036621094,0.19173266887664797
0.0112457275390625,0.563569450378418
0.0082244873046875,0.2381619453430176
0.03128814697265625,0.2855695724487305
0.00989532470703125,0.6109050750732422
0.06191730499267578,0.6129230499267578
0.004169464111328125,0.5738224029541016
0.023685455322265625,0.27174224853515627
0.0116424560546875,0.5633644104003906
0.01019287109375,0.23703517913818362
0.01259613037109375,0.6109947204589844
0.06266021728515625,0.612636947631836
0.027984619140625,0.5615352630615235
0.007343292236328125,0.5738567352294922
0.026706695556640625,0.27160301208496096
0.0127410888671875,0.5630535125732422
0.0130767822265625,0.23551216125488283
0.016094207763671875,0.6111778259277344
0.021240234375,0.15617980957031252
0.0640866756439209,0.6121696472167969
0.0296478271484375,0.5616096496582031
0.01105499267578125,0.5738510131835938
0.030757904052734375,0.2713493347167969
0.0135955810546875,0.562498950958252
0.0155487060546875,0.23428001403808596
0.02242279052734375,0.15593948364257815
0.06630182266235352,0.6119693756103516
0.03209686279296875,0.5616954803466797
0.015960693359375,0.5623625755310059
0.0175933837890625,0.23344936370849612
0.0240478515625,0.15599861145019533
0.06897377967834473,0.6118339538574219
0.0350494384765625,0.5617984771728516
0.01904296875,0.23286380767822268
0.025970458984375,0.15600242614746096
0.07220101356506348,0.6114505767822266
0.0381622314453125,0.5619548797607422
0.0205841064453125,0.23257102966308596
0.002716064453125,0.5665658950805664
0.02805328369140625,0.15591087341308596
0.0758821964263916,0.6109603881835938
0.0223236083984375,0.23222866058349612
0.0032958984375,0.5668930053710938
0.03054046630859375,0.1558727264404297
0.02410888671875,0.23195638656616213
0.003398895263671875,0.5670351028442383
0.03318023681640625,0.1558250427246094
0.0245513916015625,0.22833814620971682
0.00389862060546875,0.5668777465820313
0.0356292724609375,0.15574111938476565
0.0176849365234375,0.5807565689086914
0.0265960693359375,0.22832241058349612
0.0046539306640625,0.5667280197143555
0.03807830810546875,0.15563430786132815
0.01885986328125,0.5805860996246338
0.051544189453125,0.2976796865463257
0.005954742431640625,0.5665449142456055
0.034641265869140625,0.5731643676757813
0.040771484375,0.1554740905761719
0.020660400390625,0.5803946495056153
0.0529937744140625,0.2975073099136353
0.00384521484375,0.5658973693847656
0.035640716552734375,0.5730728149414063
0.04351043701171875,0.1552928924560547
0.02266693115234375,0.5802449226379395
0.0548858642578125,0.2973292112350464
0.03692626953125,0.5727752685546875
0.045482635498046875,0.30956306457519533
0.02504730224609375,0.5801049709320069
0.0570526123046875,0.2971425294876099
0.018451690673828125,0.3711847305297852
0.038543701171875,0.5724128723144531
0.046977996826171875,0.30932273864746096
0.02776336669921875,0.5799767017364502
0.05962371826171875,0.29695703983306887
0.0017547607421875,0.22374000549316408
0.020046234130859375,0.37136211395263674
0.040462493896484375,0.5720714569091797
0.04885101318359375,0.3091300964355469
0.004438161849975586,0.5270885467529297
0.0009765625,0.18049254417419436
0.0310211181640625,0.5799046993255615
0.062896728515625,0.2967489004135132
0.021892547607421875,0.3708976745605469
0.04288482666015625,0.5717491149902344
0.0511627197265625,0.3089775085449219
0.0054285526275634766,0.5271171569824219
0.050879478454589844,0.25965538024902346
0.002452850341796875,0.18067541122436526
0.06687164306640625,0.29668416976928713
0.022525787353515625,0.37104644775390627
0.045806884765625,0.5714668273925781
0.0539093017578125,0.30881538391113283
0.00896000862121582,0.28141441345214846
0.006540536880493164,0.5270790100097656
0.05187416076660156,0.2596591949462891
0.0038013458251953125,0.1809252738952637
0.02239227294921875,0.3716157913208008
0.04935455322265625,0.5712474822998047
0.0572662353515625,0.30872764587402346
0.009835243225097656,0.28116836547851565
0.007982730865478516,0.5269817352294922
0.05351996421813965,0.2597373962402344
0.0045261383056640625,0.18118503093719485
0.0236663818359375,0.495306396484375
0.02056121826171875,0.5221685409545899
0.0128326416015625,0.5087579727172852
0.022281646728515625,0.37141075134277346
0.06134796142578125,0.30878486633300783
0.011136054992675781,0.2808727264404297
0.009769916534423828,0.5270008087158203
0.05545639991760254,0.25989761352539065
0.025115966796875,0.4955171585083008
0.020038604736328125,0.5221561431884766
0.0136871337890625,0.5089916229248047
0.022418975830078125,0.37179126739501955
0.01275634765625,0.2805999755859375
0.00739288330078125,0.22842254638671877
0.012143135070800781,0.5271762847900391
0.057642459869384766,0.26017227172851565
0.0192108154296875,0.5221199035644531
0.014739990234375,0.5087379455566406
0.01462411880493164,0.28034439086914065
0.00788116455078125,0.22805824279785158
0.014951944351196289,0.5274299621582031
0.0601496696472168,0.2605003356933594
0.01483154296875,0.508734130859375
0.02915191650390625,0.6066402435302735
0.01668071746826172,0.28010025024414065
0.00942230224609375,0.22791900634765627
0.01806497573852539,0.5276168823242188
0.0630185604095459,0.26075210571289065
0.007755279541015625,0.21559944152832033
0.01470947265625,0.508694076538086
0.02849578857421875,0.6066421508789063
0.019671201705932617,0.2798961639404297
0.01181793212890625,0.2279857635498047
0.02246570587158203,0.5278533935546875
0.06740903854370117,0.2612613677978516
0.008939743041992188,0.21542885303497317
0.004627227783203125,0.7174171447753906
0.028564453125,0.606695556640625
0.022312402725219727,0.2797760009765625
0.014068603515625,0.2281517028808594
0.02112269401550293,0.526943588256836
0.07145452499389648,0.26186408996582033
0.009796142578125,0.2153820037841797
0.004467010498046875,0.7174934387207031
0.02881622314453125,0.6067642211914063
0.0252988338470459,0.2796939849853516
0.01629638671875,0.22863426208496096
0.009939193725585938,0.21553745269775393
0.0046539306640625,0.7173656463623047
0.02939605712890625,0.6068767547607422
0.028473377227783203,0.27965774536132815
0.0186767578125,0.22929039001464846
0.010379791259765625,0.21584978103637698
0.00489044189453125,0.7169975280761719
0.0211944580078125,0.2300914764404297
0.01136016845703125,0.215915584564209
0.013896942138671875,0.27045574188232424
0.00496673583984375,0.7164682388305664
0.0126190185546875,0.2156852722167969
0.012767791748046875,0.2704814910888672
0.0047607421875,0.7159513473510742
0.014291763305664062,0.21523704528808596
0.01044464111328125,0.27018394470214846
0.01619720458984375,0.21470644474029543
0.006870269775390625,0.27047481536865237
0.0184478759765625,0.21411206722259524
0.02281951904296875,0.2815441131591797
0.020946502685546875,0.21365120410919192
0.0303955078125,0.3211082458496094
0.0224761962890625,0.2817253112792969
0.0304107666015625,0.3210748672485352
0.02239990234375,0.28189888000488283
0.03105926513671875,0.32105293273925783
0.02252960205078125,0.2822879791259766
0.032012939453125,0.32131328582763674
0.00146484375,0.24802150726318362
0.02230072021484375,0.28299560546875
0.03316497802734375,0.3216299057006836
0.00445556640625,0.2483085632324219
0.034393310546875,0.3220399856567383
0.03589630126953125,0.32252159118652346
0.0371246337890625,0.32300605773925783
0.0009918212890625,0.6224178314208985
0.00182342529296875,0.6227840423583985
0.00272369384765625,0.622463607788086
0.028533935546875,0.37197532653808596
7.62939453125e-05,0.622900390625
0.02988433837890625,0.3721794128417969
0.030792236328125,0.3723491668701172
0.0434722900390625,0.24196567535400393
0.0322723388671875,0.3724884033203125
0.0937957763671875,0.6614927291870117
0.0428619384765625,0.24255981445312502
0.0340118408203125,0.37254180908203127
0.09358978271484375,0.6615604400634766
0.0055389404296875,0.5677083969116211
0.0426483154296875,0.24309959411621096
0.0357818603515625,0.37254180908203127
0.0058135986328125,0.5683464050292969
0.043060302734375,0.24340667724609377
0.0378875732421875,0.37262763977050783
0.043670654296875,0.24354019165039065
0.0443267822265625,0.24366321563720705
0.0448455810546875,0.24385871887207033
0.01953125,0.32693138122558596
0.0194854736328125,0.3270620346069336
0.0204620361328125,0.32662239074707033
0.0218963623046875,0.3260540008544922
0.0240020751953125,0.32520236968994143
0.026702880859375,0.3241733551025391
0.0300750732421875,0.32284011840820315
0.06897354125976562,0.5129627227783203
0.06946182250976562,0.5131963729858399
0.07455062866210938,0.22232570648193362
0.07045745849609375,0.5134357452392578
0.0759735107421875,0.222504997253418
0.07212448120117188,0.5137008666992188
0.07771682739257812,0.22269287109375002
0.0739898681640625,0.5138219833374024
0.07950973510742188,0.22269573211669924
0.07627487182617188,0.5138591766357422
0.081756591796875,0.22260036468505862
0.07898712158203125,0.5138439178466797
0.08484649658203125,0.22236099243164065
0.07848739624023438,0.5141366958618164
0.08868408203125,0.22210636138916018
0.041408538818359375,0.330450439453125
0.042102813720703125,0.33048667907714846
0.043323516845703125,0.33059158325195315
0.04462432861328125,0.3306764602661133
0.046321868896484375,0.33083381652832033
0.04827117919921875,0.3308710098266602
0.050495147705078125,0.3309358596801758
0.0529022216796875,0.33100547790527346
0.05515289306640625,0.3309024810791016
0.03531646728515625,0.2236045837402344
0.04278564453125,0.22183837890625002
0.049896240234375,0.21775665283203127
0.05103302001953125,0.2173809051513672
0.05271148681640625,0.21692886352539065
0.05165863037109375,0.21762695312500002
0.0340423583984375,0.21844139099121096
0.0084381103515625,0.24482192993164065
0.009063720703125,0.24508514404296877
0.00991058349609375,0.2453350067138672
0.0109100341796875,0.24560394287109377
0.011871337890625,0.24580039978027346
0.01282501220703125,0.24099769592285158
0.07242584228515625,0.6513065338134766
0.05550384521484375,0.3413871765136719
0.07328033447265625,0.6518329620361328
0.05593109130859375,0.341925048828125
0.07425689697265625,0.6517719268798828
0.057037353515625,0.3417572021484375
0.07508087158203125,0.6514572143554688
0.0587158203125,0.3412956237792969
0.07634735107421875,0.6508468627929688
0.06145477294921875,0.3404277801513672
0.0780181884765625,0.6504711151123047
0.0641326904296875,0.33956184387207033
0.08025360107421875,0.6502765655517578
0.0670013427734375,0.3386844635009766
0.0832061767578125,0.6500782012939453
0.07032012939453125,0.3377288818359375
0.00127410888671875,0.5632499694824219
0.003326416015625,0.5628246307373047
0.004901885986328125,0.3293193817138672
0.00589752197265625,0.5623611450195313
0.01361083984375,0.2363151550292969
0.00458526611328125,0.3286613464355469
0.055156707763671875,0.33504810333251955
0.009063720703125,0.56204833984375
0.0164947509765625,0.23569526672363283
0.0048980712890625,0.32789459228515627
0.054790496826171875,0.3349203109741211
0.02007293701171875,0.23506202697753908
0.005748748779296875,0.32760086059570315
0.055255889892578125,0.33423604965209963
0.007221221923828125,0.3274082183837891
0.056400299072265625,0.33332147598266604
0.008998870849609375,0.32706298828125
0.05806732177734375,0.33240976333618166
0.010997772216796875,0.32653465270996096
0.060192108154296875,0.33146038055419924
0.01308441162109375,0.32607498168945315
0.05680084228515625,0.33328046798706057
0.036350250244140625,0.339021110534668
0.012310028076171875,0.34629001617431643
0.09991073608398438,0.6219791412353516
0.10053634643554688,0.6220382690429688
0.06201171875,0.2646039962768555
0.064788818359375,0.26360406875610354
0.065887451171875,0.2631525039672852
0.0689697265625,0.26178827285766604
0.071014404296875,0.26121225357055666
0.0735321044921875,0.26061191558837893
0.0574493408203125,0.27387561798095705
0.04859161376953125,0.5942563056945801
0.01853179931640625,0.5818714141845703
0.0492401123046875,0.5943717002868653
0.054473876953125,0.2751497268676758
0.0200042724609375,0.5817245483398438
0.03632354736328125,0.28950347900390627
0.05016326904296875,0.5943693161010742
0.055400848388671875,0.27514019012451174
0.000885009765625,0.17734565734863283
0.02204132080078125,0.5815986633300781
0.0382232666015625,0.28931655883789065
0.05213165283203125,0.5945972442626953
0.056610107421875,0.2751330375671387
0.024555206298828125,0.5815032958984375
0.040546417236328125,0.28910293579101565
0.054473876953125,0.5947112083435059
0.05834197998046875,0.2750138282775879
0.02758026123046875,0.5813831329345703
0.043392181396484375,0.2888225555419922
0.0569305419921875,0.5948528289794922
0.06038665771484375,0.2747963905334473
0.0315093994140625,0.24494686126708987
0.031375885009765625,0.581264877319336
0.0471649169921875,0.28852310180664065
0.059680938720703125,0.5950011253356934
0.06296539306640625,0.27454843521118166
0.03264617919921875,0.24451866149902346
0.06286239624023438,0.5952238082885742
0.06613540649414062,0.27428474426269533
0.03455352783203125,0.2441591262817383
0.06642532348632812,0.5954941749572754
0.07009124755859375,0.27402868270874026
0.03711700439453125,0.24380245208740237
0.023040771484375,0.55869140625
0.04055023193359375,0.2433656692504883
2.288818359375e-05,0.2740215301513672
0.0234222412109375,0.5590404510498047
0.04497528076171875,0.24286785125732424
0.00201416015625,0.2736515045166016
0.02439117431640625,0.5590194702148438
0.04802703857421875,0.24312343597412112
0.02599334716796875,0.5588172912597656
0.04736328125,0.6079496383666992
0.062042236328125,0.30505075454711916
0.0487823486328125,0.6079572677612305
0.063232421875,0.30498924255371096
0.058269500732421875,0.5658000946044922
0.050933837890625,0.6079148292541504
0.0652008056640625,0.30483856201171877
0.060192108154296875,0.5657752990722656
0.0536041259765625,0.6078742980957031
0.06756591796875,0.3046282768249512
0.0628204345703125,0.5657752990722656
0.0566558837890625,0.6078857421875
0.070526123046875,0.3043822288513184
0.065826416015625,0.5657447814941406
0.0601654052734375,0.6079477310180664
0.0739288330078125,0.30413427352905276
0.06935882568359375,0.5656894683837891
0.008681774139404297,0.5175327301025391
0.008950471878051758,0.5172943115234375
0.018524169921875,0.45498409271240237
0.01863861083984375,0.29952659606933596
0.0191497802734375,0.4548191070556641
0.02140045166015625,0.29891624450683596
0.020406723022460938,0.4546517372131348
0.02477264404296875,0.2983860015869141
0.03357696533203125,0.18546142578125002
0.022296905517578125,0.4543503761291504
0.0257720947265625,0.5469173431396485
0.0290069580078125,0.2982067108154297
0.03470587730407715,0.18514289855957033
0.024440765380859375,0.454011344909668
0.026561737060546875,0.5469058990478516
0.03627657890319824,0.18485679626464846
0.02643585205078125,0.4535264015197754
0.03498077392578125,0.16397812366485598
0.03931427001953125,0.5812934875488281
0.0274658203125,0.5467971801757813
0.0263214111328125,0.3028759002685547
0.03840351104736328,0.18465652465820315
0.029584884643554688,0.4528678894042969
0.037868499755859375,0.16329493522644045
0.0396728515625,0.5803989410400391
0.01631927490234375,0.3578838348388672
0.028919219970703125,0.5467399597167969
0.028194427490234375,0.3029369354248047
0.04132390022277832,0.18439521789550783
0.03309440612792969,0.4523922443389893
0.04073333740234375,0.16278865337371828
0.04065704345703125,0.5800031661987305
0.0172576904296875,0.3582004547119141
0.03063201904296875,0.5466484069824219
0.030162811279296875,0.303045654296875
0.04255080223083496,0.18543281555175783
0.0440521240234375,0.1624541521072388
0.02260589599609375,0.5837148666381836
0.019378662109375,0.35842456817626955
0.0326690673828125,0.5466445922851563
0.032154083251953125,0.30328216552734377
0.04755401611328125,0.16232254505157473
0.00157928466796875,0.586924934387207
0.0007476806640625,0.35521831512451174
0.035282135009765625,0.5467227935791016
0.034542083740234375,0.3036045074462891
0.038303375244140625,0.5468162536621094
0.0372467041015625,0.30399932861328127
0.041690826416015625,0.5468677520751953
0.04058074951171875,0.30454292297363283
0.037113189697265625,0.30213203430175783
0.00887298583984375,0.1929496765136719
0.0078125,0.19302024841308596
0.00740814208984375,0.19297637939453127
0.0078887939453125,0.5848106384277344
0.00783538818359375,0.19277038574218752
0.00666046142578125,0.585506820678711
0.00890350341796875,0.19251098632812502
0.0007839202880859375,0.14313783645629885
0.0057220458984375,0.5861104965209961
0.01007843017578125,0.19228782653808596
0.03821110725402832,0.25515594482421877
4.9591064453125e-05,0.14332582950592043
0.00530242919921875,0.5861066818237305
0.0110321044921875,0.19222488403320315
0.03857421875,0.2554325103759766
0.00260162353515625,0.5901178359985352
0.01175689697265625,0.19228591918945315
0.03956723213195801,0.25562515258789065
0.0006389617919921875,0.14356341361999514
0.041008949279785156,0.25547637939453127
0.0026760101318359375,0.14351561069488528
0.04260373115539551,0.25524368286132815
0.0047512054443359375,0.14367570877075198
0.04448986053466797,0.25526084899902346
0.0068149566650390625,0.14385094642639162
0.008699417114257812,0.143938684463501
0.0005645751953125,0.18868675231933596
0.010393142700195312,0.14399757385253908
0.00162506103515625,0.18815650939941408
0.01202392578125,0.14407327175140383
0.00321197509765625,0.18721046447753908
0.013338088989257812,0.14402844905853274
0.0048370361328125,0.18623008728027346
0.05770111083984375,0.5294441223144531
0.0133514404296875,0.14255120754241946
0.00616455078125,0.18574180603027346
0.05879092216491699,0.5294517517089844
0.08911490440368652,0.21351280212402346
0.00646209716796875,0.18560638427734377
0.0525665283203125,0.2641490936279297
0.05973672866821289,0.5294097900390625
0.09074234962463379,0.21342124938964846
0.00634002685546875,0.1856121063232422
0.05255889892578125,0.26433982849121096
0.06101274490356445,0.5294612884521485
0.09256267547607422,0.21336021423339846
0.00543975830078125,0.49711194038391116
0.0008392333984375,0.34537544250488283
0.0062103271484375,0.18560256958007815
0.05345916748046875,0.26435699462890627
0.06265091896057129,0.5296730041503906
0.09470033645629883,0.21332969665527346
0.005870819091796875,0.49802508354187014
0.0027313232421875,0.346044921875
0.05501556396484375,0.26415290832519533
0.06506562232971191,0.5300106048583985
0.09717798233032227,0.21330108642578127
0.0056400299072265625,0.49787273406982424
0.037456512451171875,0.22879662513732912
0.0048675537109375,0.34658565521240237
0.0572357177734375,0.2638267517089844
0.06796097755432129,0.5304435729980469
0.10007858276367188,0.21314086914062502
0.00623321533203125,0.4979089736938477
0.03850364685058594,0.2289921283721924
0.00693511962890625,0.34691753387451174
0.0316314697265625,0.5253595352172852
0.04959869384765625,0.26638641357421877
0.07180953025817871,0.5308860778808594
0.00820159912109375,0.49827065467834475
0.04034423828125,0.2295336961746216
0.0093231201171875,0.34720458984375
0.029937744140625,0.5246442794799805
0.010366439819335938,0.49830141067504885
0.04303932189941406,0.22969367504119875
0.030242919921875,0.5249208450317383
0.0470733642578125,0.22958590984344485
0.0311737060546875,0.5250686645507813
0.0534515380859375,0.2162517547607422
0.0329437255859375,0.5249799728393555
0.0545654296875,0.21636905670166018
0.0354766845703125,0.5249799728393555
0.0569000244140625,0.21615543365478518
0.0386199951171875,0.5249895095825196
0.060028076171875,0.21589603424072268
0.0420684814453125,0.5249923706054688
0.0634918212890625,0.2156232833862305
0.0475921630859375,0.2838138580322266
0.067413330078125,0.21544399261474612
0.0491180419921875,0.28355064392089846
0.03912782669067383,0.6073173522949219
0.05078887939453125,0.28312149047851565
0.03993058204650879,0.607244873046875
0.05333352088928223,0.32357254028320315
0.05115509033203125,0.2831462860107422
0.04105806350708008,0.6070941925048828
0.0541079044342041,0.32346382141113283
0.04273700714111328,0.6069110870361328
0.055480241775512695,0.32329597473144533
0.04473090171813965,0.6066841125488281
0.05716562271118164,0.3230632781982422
0.047155141830444336,0.6064285278320313
0.05936837196350098,0.3227409362792969
0.037525177001953125,0.5733169555664063
0.04993176460266113,0.6061996459960938
0.06203413009643555,0.3224224090576172
0.03730010986328125,0.5730384826660156
0.05336642265319824,0.6059669494628906
0.06557583808898926,0.322119140625
0.0377655029296875,0.5727705001831055
0.06990575790405273,0.32204856872558596
0.03888702392578125,0.5727895736694336
0.06320571899414062,0.2539361953735352
0.040607452392578125,0.5731576919555664
0.0650634765625,0.2539228439331055
0.042903900146484375,0.5736087799072266
0.06758880615234375,0.2539533615112305
0.045558929443359375,0.5739768981933594
0.06563568115234375,0.25580730438232424
0.048732757568359375,0.5742486953735352
0.06799697875976562,0.2560152053833008
0.052173614501953125,0.574428939819336
0.070404052734375,0.2568534851074219
0.056072235107421875,0.5745309829711914
0.07392120361328125,0.2569173812866211
0.07207107543945312,0.5420564651489258
0.07306289672851562,0.5421623229980469
0.07481765747070312,0.5419095993041992
0.0002899169921875,0.22520294189453127
0.0766448974609375,0.5414775848388672
0.002399444580078125,0.2249340057373047
0.07917404174804688,0.5411056518554688
0.0050506591796875,0.22446384429931643
0.08220672607421875,0.5408376693725586
0.008274078369140625,0.2238029479980469
0.08559417724609375,0.5405839920043946
0.001338958740234375,0.5374359130859375
0.012264251708984375,0.22298946380615237
0.016819000244140625,0.22229042053222658
0.0014190673828125,0.1257795333862305
0.002960205078125,0.12564983367919924
0.03081512451171875,0.2973073959350586
0.07293701171875,0.5238546371459961
0.03212738037109375,0.2973197937011719
0.074066162109375,0.5244525909423828
0.033664703369140625,0.29732742309570315
0.0748291015625,0.5246967315673828
0.0355072021484375,0.2973817825317383
0.075469970703125,0.5246128082275391
0.0338592529296875,0.32372512817382815
0.001865386962890625,0.5822729110717774
0.03753662109375,0.29745330810546877
0.07647705078125,0.5242055892944336
0.035552978515625,0.3237642288208008
0.0047149658203125,0.582347297668457
0.04009246826171875,0.297486686706543
0.0781402587890625,0.523408317565918
0.0379486083984375,0.3235811233520508
0.008144378662109375,0.5824617385864258
0.043323516845703125,0.297486686706543
0.0405426025390625,0.3232778549194336
0.01141357421875,0.582607650756836
0.047344207763671875,0.29758586883544924
0.0272216796875,0.5899118423461914
0.04906463623046875,0.27488174438476565
0.03598785400390625,0.5831474304199219
0.05230712890625,0.27391853332519533
0.0368194580078125,0.5834428310394287
0.0508575439453125,0.2235689401626587
0.05853271484375,0.2728733062744141
0.03878021240234375,0.5833481788635254
0.05226898193359375,0.22331764698028567
0.059234619140625,0.27239837646484377
0.0416412353515625,0.5831486225128174
0.05450439453125,0.2226505517959595
0.059661865234375,0.27186050415039065
0.04474639892578125,0.5831252574920655
0.0576019287109375,0.2217073678970337
0.06052398681640625,0.2714408874511719
0.0479888916015625,0.5833770275115967
0.06150054931640625,0.22061159610748293
0.0616607666015625,0.27124824523925783
0.0507659912109375,0.5835217475891114
0.0660858154296875,0.21945204734802248
0.095428466796875,0.5454906463623047
0.04631805419921875,0.3284019470214844
0.09569549560546875,0.5455326080322266
0.0460968017578125,0.3285268783569336
0.09673309326171875,0.5454582214355469
0.046459197998046875,0.3285588264465332
0.0985565185546875,0.545589828491211
0.04749298095703125,0.32822694778442385
0.048828125,0.32761898040771487
0.050556182861328125,0.32705345153808596
0.00962066650390625,0.29641380310058596
0.00054931640625,0.27858545780181887
0.009540557861328125,0.2960819244384766
0.01007843017578125,0.29571189880371096
0.011325836181640625,0.29551544189453127
0.01319122314453125,0.2953399658203125
0.015644073486328125,0.29522171020507815
0.0134429931640625,0.2989715576171875
0.01668548583984375,0.2864121437072754
0.016998291015625,0.3171719551086426
0.02202606201171875,0.3329164028167725
0.023345947265625,0.33300831317901614
0.00489044189453125,0.28007164001464846
0.02501678466796875,0.33277966976165774
0.00487518310546875,0.28019371032714846
0.09062576293945312,0.6190418243408203
0.02687835693359375,0.332425856590271
0.006103515625,0.28005447387695315
0.09053421020507812,0.619015121459961
0.02841949462890625,0.33207049369812014
0.00785064697265625,0.2798828125
0.0912322998046875,0.6190380096435547
0.03011322021484375,0.3317018985748291
0.0099639892578125,0.27971878051757815
0.09253692626953125,0.6190322875976563
0.0319061279296875,0.33144702911376955
0.01251983642578125,0.27949180603027346
0.09460067749023438,0.6186832427978516
0.03357696533203125,0.3313147068023682
0.015411376953125,0.2794231414794922
0.09763336181640625,0.6183914184570313
0.03549957275390625,0.33129706382751467
0.048980712890625,0.5460208892822266
0.00066375732421875,0.5575641632080078
0.01895904541015625,0.2794059753417969
0.0377349853515625,0.3312880039215088
0.04970550537109375,0.5459617614746094
0.02423095703125,0.27936592102050783
0.0510101318359375,0.546322250366211
0.05287933349609375,0.546383285522461
0.06925201416015625,0.22659339904785158
0.0515594482421875,0.5905708312988281
0.033416748046875,0.2673696517944336
0.055328369140625,0.5464328765869141
0.0716552734375,0.2261985778808594
0.05376434326171875,0.590786361694336
0.033660888671875,0.26719226837158205
0.05660247802734375,0.5453971862792969
0.07464599609375,0.2259696960449219
0.0565338134765625,0.5908950805664063
0.0342559814453125,0.267304801940918
0.0534210205078125,0.5415958404541016
0.0780181884765625,0.2257865905761719
0.0600738525390625,0.5909408569335938
0.09157562255859375,0.5685552597045899
0.035675048828125,0.26730003356933596
0.05682373046875,0.5416149139404297
0.081512451171875,0.22542800903320315
0.0919647216796875,0.5680099964141846
0.10042572021484375,0.3243327379226685
0.0374603271484375,0.26719131469726565
0.08385467529296875,0.22504844665527346
0.09207916259765625,0.5666257381439209
0.08998870849609375,0.32817509174346926
0.0390472412109375,0.26746454238891604
0.009304046630859375,0.610958480834961
0.031185150146484375,0.30640830993652346
0.0103912353515625,0.6108840942382813
0.0320892333984375,0.3063224792480469
0.01210784912109375,0.6107696533203125
0.033649444580078125,0.30614891052246096
0.014217376708984375,0.6106819152832031
0.035736083984375,0.3059104919433594
0.06866455078125,0.5815390586853028
0.01697540283203125,0.6107124328613281
0.03842926025390625,0.30567398071289065
0.0704498291015625,0.5814131736755371
0.0184326171875,0.5716117858886719
0.07790374755859375,0.25586929321289065
0.02040863037109375,0.6109336853027344
0.041484832763671875,0.3054965972900391
0.072998046875,0.5824164390563965
0.01877593994140625,0.5717510223388672
0.04575347900390625,0.30521430969238283
0.0753936767578125,0.5817502975463867
0.02480316162109375,0.21678962707519533
0.01964569091796875,0.5717472076416016
0.05416107177734375,0.26398887634277346
0.0781097412109375,0.5811299324035645
0.0246429443359375,0.2169384002685547
0.02130126953125,0.5718826293945313
0.05556488037109375,0.26393928527832033
0.081024169921875,0.5807355880737305
0.0250244140625,0.2170757293701172
0.02373504638671875,0.5720085144042969
0.057586669921875,0.2638916015625
0.0841827392578125,0.5804342269897461
0.02571868896484375,0.21716918945312502
0.0265960693359375,0.5722469329833985
0.060150146484375,0.2638439178466797
0.083953857421875,0.5779084205627442
0.026702880859375,0.21723594665527346
0.0301513671875,0.5725692749023438
0.06342315673828125,0.2637809753417969
0.02816009521484375,0.21743621826171877
0.03081512451171875,0.5717948913574219
0.06880950927734375,0.263922119140625
0.02922821044921875,0.21763267517089846
0.01979827880859375,0.2614902496337891
0.0274200439453125,0.5718120574951172
0.02016448974609375,0.2615837097167969
0.02777099609375,0.5717605590820313
0.02069854736328125,0.26162567138671877
0.0287933349609375,0.5716451644897461
0.048828125,0.2856816291809082
0.0210418701171875,0.2615512847900391
0.030487060546875,0.5715025901794434
0.050140380859375,0.2855266571044922
0.0213623046875,0.2614311218261719
0.032470703125,0.5713509559631348
0.052001953125,0.28533163070678713
0.006069183349609375,0.5603126525878906
0.021484375,0.2614959716796875
0.0347137451171875,0.5712327003479004
0.0540313720703125,0.28518095016479494
0.006641387939453125,0.5602706909179688
0.02152252197265625,0.26195755004882815
0.0372467041015625,0.5711277961730957
0.05657958984375,0.2850498199462891
0.00757598876953125,0.560491943359375
0.0216217041015625,0.26227989196777346
0.0403289794921875,0.571076774597168
0.0597686767578125,0.2848838806152344
0.0087890625,0.5606254577636719
0.07075881958007812,0.23905029296875002
0.00750732421875,0.27677192687988283
0.01788330078125,0.5660532951354981
0.0631103515625,0.28474035263061526
0.010654449462890625,0.5606788635253906
0.07210922241210938,0.23884239196777346
0.012966156005859375,0.5607685089111328
0.07410049438476562,0.2386192321777344
0.0091705322265625,0.3122447967529297
0.015872955322265625,0.5609039306640625
0.07664871215820312,0.23833885192871096
0.01030731201171875,0.31157722473144533
0.019107818603515625,0.5610240936279297
0.07962417602539062,0.23802223205566408
0.01151275634765625,0.31097259521484377
0.00112152099609375,0.5506452560424805
0.0128631591796875,0.212251091003418
0.022083282470703125,0.560757064819336
0.08286285400390625,0.23773803710937502
0.01303863525390625,0.31034507751464846
0.00347900390625,0.5503133773803711
0.01439666748046875,0.2116264343261719
0.08618545532226562,0.23747291564941408
0.01479339599609375,0.30981101989746096
0.01679229736328125,0.21108951568603518
0.08966827392578125,0.23730506896972658
0.016876220703125,0.3092369079589844
0.0033111572265625,0.45224895477294924
0.0200347900390625,0.2105287551879883
0.07147216796875,0.23929634094238283
0.01935577392578125,0.308721923828125
0.001506805419921875,0.4525598526000977
0.0031890869140625,0.5467666625976563
0.0238189697265625,0.20989837646484377
0.0220947265625,0.30834236145019533
0.001407623291015625,0.45221891403198244
0.00740814208984375,0.5466865539550781
0.0280303955078125,0.20928325653076174
0.02545166015625,0.30804100036621096
0.02807140350341797,0.6139225006103516
0.002567291259765625,0.4522913932800293
0.0316619873046875,0.20872440338134768
0.028000593185424805,0.6113971710205078
0.00304412841796875,0.4526127815246582
0.028993844985961914,0.6102203369140625
0.00289154052734375,0.4530819892883301
0.030184507369995117,0.6097740173339844
0.003261566162109375,0.4533909797668457
0.03125810623168945,0.6097396850585938
0.00429534912109375,0.45362176895141604
0.0121917724609375,0.2060436248779297
0.03220558166503906,0.6101192474365235
0.005222320556640625,0.4534358024597168
0.012386322021484375,0.2060569763183594
0.033361196517944336,0.6111396789550781
0.0129852294921875,0.2061199188232422
0.03492593765258789,0.6127723693847656
0.013942718505859375,0.20620765686035158
0.03640627861022949,0.6142047882080078
0.015506744384765625,0.2063030242919922
0.03812289237976074,0.6148857116699219
0.015483856201171875,0.413176441192627
0.017486572265625,0.20638885498046877
0.04013824462890625,0.6152519226074219
0.01654815673828125,0.4130887031555176
0.01964569091796875,0.20652046203613283
0.0299224853515625,0.5911945343017578
0.01770782470703125,0.41292657852172854
0.021953582763671875,0.2065319061279297
0.05481386184692383,0.5244468688964844
0.01885986328125,0.41276016235351565
0.000335693359375,0.5237144470214844
0.0246734619140625,0.20645751953125002
0.05546236038208008,0.5244888305664063
0.08329963684082031,0.18697395324707033
0.019992828369140625,0.41259469985961916
0.00362396240234375,0.5240482330322266
0.027729034423828125,0.20632400512695315
0.04234027862548828,0.5198139190673828
0.08380389213562012,0.18698158264160158
0.021350860595703125,0.412509822845459
0.007030487060546875,0.5243686676025391
0.03125762939453125,0.20606651306152346
0.04383063316345215,0.5202850341796875
0.08494281768798828,0.1872753143310547
0.023242950439453125,0.41243782043457033
0.03470611572265625,0.20586242675781252
0.09158992767333984,0.5625919342041016
0.04580354690551758,0.5207332611083985
0.08665156364440918,0.18748130798339846
0.024932861328125,0.41253080368041994
0.09045147895812988,0.5634578704833985
0.048454999923706055,0.5211395263671875
0.08893203735351562,0.18746223449707033
0.026519775390625,0.4128331184387207
0.09114503860473633,0.564022445678711
0.05163264274597168,0.5213626861572266
0.09180927276611328,0.18705787658691408
0.027545928955078125,0.41276016235351565
0.09247088432312012,0.564642333984375
0.05540585517883301,0.52139892578125
0.09509134292602539,0.18636932373046877
0.0282135009765625,0.4128579139709473
0.09472298622131348,0.5650047302246094
0.09878373146057129,0.18572463989257815
0.02823638916015625,0.41285266876220705
0.09783458709716797,0.5651649475097656
0.00801849365234375,0.28214874267578127
0.0015716552734375,0.5808242797851563
0.009796142578125,0.281591796875
0.00257110595703125,0.5799755096435547
0.012237548828125,0.28105010986328127
0.07012176513671875,0.38887777328491213
0.00557708740234375,0.4473747253417969
0.00630950927734375,0.5795196533203125
0.01554107666015625,0.2804473876953125
0.027126312255859375,0.6965536117553711
0.07042694091796875,0.3881439208984375
0.00502777099609375,0.4478763580322266
0.01056671142578125,0.5791038513183594
0.01929473876953125,0.2799877166748047
0.07155194091796879,0.5228370666503906
0.07311596679687504,0.5225204467773438
0.08117260742187504,0.1603883743286133
0.07516827392578129,0.5225948333740235
0.11335339355468754,0.16988410949707033
0.08349957275390629,0.5454563140869141
0.08101239013671879,0.16052093505859377
0.07723583984375004,0.523006820678711
0.11516918945312504,0.1692394256591797
0.07853283691406254,0.16028633117675783
0.07929577636718754,0.5234912872314453
0.11576428222656254,0.1695121765136719
0.07826580810546879,0.16025867462158205
0.07457318115234379,0.5200027465820313
0.10890545654296879,0.1722606658935547
0.07709851074218754,0.5201572418212891
0.11115612792968754,0.17169036865234377
0.07970776367187504,0.5203651428222656
0.11362042236328129,0.1711601257324219
0.04966320800781254,0.574591064453125
0.08250775146484379,0.5204509735107422
0.11229290771484379,0.17676963806152346
0.05109753417968754,0.5748747825622559
0.08580364990234379,0.5203994750976563
0.11383404541015629,0.17790069580078127
0.05247082519531254,0.5750836372375489
0.07628979492187504,0.20452442169189455
0.021831176757812543,0.6859640121459961
0.04745831298828129,0.5442146301269531
0.08124890136718754,0.1698345184326172
0.11719097900390629,0.1768230438232422
0.05366101074218754,0.5747651100158692
0.023288391113281293,0.6898750305175781
0.04800762939453129,0.5439037322998047
0.08060040283203129,0.16988792419433596
0.11982312011718754,0.17266120910644533
0.05413403320312504,0.5725401878356934
0.025478027343750043,0.6904119491577149
0.10227551269531254,0.5703376770019531
0.07497753906250004,0.5588582992553711
0.04912915039062504,0.54361572265625
0.07920422363281254,0.16935577392578127
0.12144055175781254,0.17152061462402346
0.07772793579101567,0.5970691680908203
0.12606396484375004,0.33555068969726565
0.10493817138671879,0.5722793579101563
0.07503857421875004,0.5587762832641602
0.05054821777343754,0.5436824798583985
0.07964672851562504,0.16944160461425783
0.06431927490234379,0.5517219543457031
0.12769284057617192,0.3351167678833008
0.11897625732421879,0.12462558746337893
0.07512631225585942,0.5585922241210938
0.07653393554687504,0.1687492370605469
0.06559338378906254,0.5517677307128906
0.1286961059570313,0.33520259857177737
0.12166943359375004,0.12278118133544924
0.07488598632812504,0.5624984741210938
0.07590832519531254,0.16266479492187502
0.06682934570312504,0.551876449584961
0.13618054199218754,0.2084373474121094
0.1574284057617188,0.25353469848632815
0.11861004638671879,0.33968582153320315
0.11952557373046879,0.12955322265625002
0.11194577026367192,0.17459144592285158
0.06849255371093754,0.5519622802734375
0.12554516601562504,0.21548118591308596
0.013599060058593793,0.5949443817138672
0.15983547973632817,0.2531913757324219
0.11264385986328129,0.17464771270751955
0.07049908447265629,0.5520099639892578
0.10829510498046879,0.20988311767578127
0.016460083007812543,0.5951026916503906
0.16242565917968754,0.25248565673828127
0.07494702148437504,0.164157772064209
0.11373486328125004,0.17434062957763674
0.10380139160156254,0.28719749450683596
0.16535153198242192,0.2518829345703125
0.08669628906250004,0.5901736259460449
0.07899060058593754,0.5678409576416016
0.10397686767578129,0.2875980377197266
0.16855969238281254,0.25148811340332033
0.08976330566406254,0.5898436546325684
0.06386914062500004,0.14253940582275393
0.07927288818359379,0.5686363220214844
0.07013287353515629,0.6397041320800781
0.10445751953125004,0.28795852661132815
0.1719547729492188,0.2511142730712891
0.09214367675781254,0.5903038024902344
0.06484570312500004,0.1408394813537598
0.017001770019531293,0.5226472854614258
0.08028759765625004,0.5694068908691406
0.07098736572265629,0.6400970458984375
0.10555615234375004,0.2880252838134766
0.17315258789062504,0.25178375244140627
0.06618847656250004,0.13917531967163088
0.16634716796875004,0.5984777450561524
0.017726562500000043,0.5226387023925781
0.08314099121093754,0.5696453094482422
0.07204022216796879,0.6403640747070313
0.10702862548828129,0.2878879547119141
0.06779064941406254,0.13789215087890627
0.1634708862304688,0.5985015869140625
0.018066070556640668,0.5224164962768555
0.08650555419921879,0.5698112487792969
0.13116040039062504,0.18403282165527346
0.07344403076171879,0.640560531616211
0.10888256835937504,0.28768768310546877
0.11217083740234379,0.61221923828125
0.024108551025390668,0.529490852355957
0.08821453857421879,0.5713676452636719
0.13337292480468754,0.18180122375488283
0.07531323242187504,0.6405853271484375
0.11114086914062504,0.2873119354248047
0.1835209350585938,0.5804618835449219
0.13201489257812504,0.23845806121826174
0.12914242553710942,0.5543264389038086
0.07732739257812504,0.6407569885253906
0.11367382812500004,0.2868217468261719
0.1794926147460938,0.5808490753173828
0.046483657836914105,0.49731292724609377
0.13318981933593754,0.23958721160888674
0.12455334472656254,0.5473789215087891
0.07962384033203129,0.6409286499023438
0.11648144531250004,0.286199951171875
0.04716076660156254,0.4972409248352051
0.1342960815429688,0.24069156646728518
0.11795010375976567,0.5348142623901367
0.17472805786132817,0.13571681976318362
0.08214154052734379,0.6411212921142578
0.11964764404296879,0.2855247497558594
0.005889556884765668,0.6000999450683594
0.047933242797851605,0.49683895111083987
0.08959545898437504,0.5638226509094239
0.17219509887695317,0.13960018157958987
0.006927154541015668,0.6001686096191406
0.05270733642578129,0.29404869079589846
0.05370487976074223,0.5047053337097168
0.07955517578125004,0.15252497196197512
0.08915295410156254,0.5639871597290039
0.00027813720703129263,0.361212158203125
0.18282666015625004,0.6245473861694336
0.14179577636718754,0.5927127838134766
0.05147137451171879,0.614263916015625
0.008372924804687543,0.6002525329589844
0.05440869140625004,0.29407539367675783
0.08434262084960942,0.15391435623168948
0.08954968261718754,0.5636710166931153
0.0028416137695312926,0.36124267578125
0.1433903198242188,0.5926860809326172
0.05137982177734379,0.6144107818603516
0.03304638671875004,0.60489501953125
0.010539672851562543,0.6005290985107422
0.05640759277343754,0.2941307067871094
0.08342327880859379,0.1534228563308716
0.018954895019531293,0.37951734066009524
0.08045544433593754,0.5657533645629883
0.005138061523437543,0.3612703323364258
0.15348400878906254,0.6305831909179688
0.07820858764648442,0.5411676406860352
0.06793179321289067,0.12737121582031252
0.14544644165039067,0.5927738189697266
0.1742435913085938,0.23290863037109377
0.04982342529296879,0.6162532806396485
0.03445782470703129,0.6054710388183594
0.013206146240234418,0.6009315490722656
0.05862774658203129,0.294195556640625
0.06713642883300786,0.14945664405822756
0.017551086425781293,0.380161190032959
0.06978955078125004,0.5606464385986328
0.007556579589843793,0.3613008499145508
0.1418949584960938,0.629273796081543
0.1654087524414063,0.2604698181152344
0.08186688232421879,0.5412830352783203
0.05099453735351567,0.12961902618408205
0.14817013549804692,0.5928119659423828
0.12463726806640629,0.2104972839355469
0.03589215087890629,0.6059288024902344
0.016078613281250043,0.6013187408447266
0.06120648193359379,0.2941650390625
0.06756176757812504,0.5611113548278809
0.14693798828125004,0.19178762435913088
0.010440490722656293,0.36150684356689455
0.1282078247070313,0.6328882217407227
0.1657444458007813,0.26012744903564455
0.08599057006835942,0.5411466598510742
0.05384030151367192,0.1282075881958008
0.15137829589843754,0.5925773620605469
0.15427746582031254,0.24328269958496096
0.11570324707031254,0.21612396240234377
0.1646458129882813,0.3182415008544922
0.03866162109375004,0.608791732788086
0.019027374267578168,0.6016716003417969
0.06423535156250004,0.29404678344726565
0.14913525390625004,0.19092884063720705
0.12926831054687504,0.6334270477294922
0.16677441406250004,0.2596887588500977
0.18955197143554692,0.5751785278320313
0.08906521606445317,0.5406517028808594
0.05323757934570317,0.12644042968750002
0.15478482055664067,0.5923007965087891
0.1569706420898438,0.2424034118652344
0.11741986083984379,0.2152599334716797
0.13309826660156254,0.6096099853515625
0.16636242675781254,0.318304443359375
0.10302343177795414,0.5884193420410156
0.03773083496093754,0.61234130859375
0.022483489990234418,0.602047348022461
0.06785168457031254,0.2939647674560547
0.09077038574218754,0.5271727085113526
0.14078869628906254,0.2040585517883301
0.1305729370117188,0.6340803146362305
0.16836132812500004,0.25907554626464846
0.18870129394531254,0.5752262115478516
0.05559124755859379,0.1241945266723633
0.1578251342773438,0.5914443969726563
0.1598240356445313,0.24157180786132815
0.11937298583984379,0.21386184692382815
0.1344639282226563,0.6098503112792969
0.16733898925781254,0.3183635711669922
0.10332693862915043,0.5881332397460938
0.09116711425781254,0.2636760711669922
0.04897799301147465,0.5453418731689453
0.14425244140625004,0.23723831176757815
0.13247265625000004,0.6346181869506836
0.1707340698242188,0.2582859039306641
0.11886181640625004,0.5938629150390625
0.16295590209960942,0.24078025817871096
0.12135662841796879,0.2125133514404297
0.13634838867187504,0.6102127075195313
0.1689182739257813,0.31852378845214846
0.09682836341857914,0.5838722229003906
0.08709301757812504,0.2592491149902344
0.05009164619445805,0.545589828491211
0.1348606567382813,0.6349672317504883
0.17338146972656254,0.25742664337158205
0.11938061523437504,0.5943759918212891
0.16583981323242192,0.2402824401855469
0.10094036865234379,0.21293296813964846
0.1391178588867188,0.610540771484375
0.1714817504882813,0.3185791015625
0.09386029052734379,0.5798419952392578
0.06223263549804692,0.13345303535461428
0.13695874023437504,0.635102653503418
0.17599072265625004,0.25637283325195315
0.12113537597656254,0.5950445175170899
0.14805187988281254,0.25440158843994143
0.0933879833221436,0.5781387329101563
0.13452329444885258,0.20134010314941408
0.06404270935058598,0.13392438888549807
0.1786228637695313,0.25545921325683596
0.12403454589843754,0.5955108642578125
0.14782299804687504,0.25590171813964846
0.09182610321044926,0.5736927032470703
0.13609256553649907,0.20041503906250002
0.08183636474609379,0.4961108207702637
0.061994216918945355,0.13560535907745364
0.12768139648437504,0.5958150863647461
0.14910473632812504,0.25638427734375
0.04740109252929692,0.5369638442993164
0.09500016975402836,0.5737384796142578
0.1384948711395264,0.19942703247070315
0.08414425659179692,0.4967555046081543
0.06230511474609379,0.13927187919616701
0.13161434936523442,0.6085175514221192
0.13495602416992192,0.34789409637451174
0.13172497558593754,0.5960105895996094
0.14774670410156254,0.2605928421020508
0.04756512451171879,0.5371221542358399
0.09694971847534184,0.5725254058837891
0.14141979026794438,0.1985820770263672
0.06798066902160649,0.5799869537353516
0.08666386413574223,0.4974235534667969
0.05362667846679692,0.15206589698791506
0.13218273925781254,0.6083206176757813
0.13528408813476567,0.34770956039428713
0.13563122558593754,0.5961641311645508
0.14596142578125004,0.2651828765869141
0.04805340576171879,0.5372499465942383
0.10065665054321293,0.573025131225586
0.14457764434814457,0.19782485961914065
0.08802380371093754,0.6621402740478516
0.20037426757812504,0.2789310455322266
0.06847848701477055,0.5797409057617188
0.15534558105468754,0.2670945167541504
0.13347592163085942,0.6081570625305176
0.13639035034179692,0.3475827217102051
0.13627209472656254,0.5938619613647461
0.14036145019531254,0.2665285110473633
0.0961040477752686,0.5659660339355469
0.14781369972229008,0.19704284667968752
0.08500256347656254,0.6577667236328125
0.1563602905273438,0.5975898742675781
0.2019535522460938,0.27893867492675783
0.0685783843994141,0.5798057556152344
0.15536083984375004,0.266788387298584
0.13541760253906254,0.6080187797546387
0.13832058715820317,0.34754743576049807
0.12705578613281254,0.5891908645629883
0.13769116210937504,0.2664207458496094
0.19448818969726567,0.17544212341308596
0.06890072631835942,0.5707572937011719
0.15139593887329106,0.19633140563964846
0.08005108642578129,0.6550201416015625
0.15822949218750004,0.5976242065429688
0.15537609863281254,0.26626100540161135
0.1382175903320313,0.6079544067382813
0.14107479858398442,0.3476466178894043
0.15294613647460942,0.5804008483886719
0.1967503051757813,0.17424621582031252
0.06984295654296879,0.5704730987548828
0.08485760498046879,0.26541748046875
0.15206255722045903,0.1964916229248047
0.08355297851562504,0.6558212280273438
0.16060986328125004,0.5975479125976563
0.19216980743408207,0.17756309509277346
0.15545239257812504,0.26545515060424807
0.1410404663085938,0.6070550918579102
0.14599194335937504,0.34794321060180666
0.013522766113281293,0.29055061340332033
0.15587582397460942,0.5814641952514649
0.20026364135742192,0.17292537689208987
0.07150997924804692,0.5700973510742188
0.08657803344726567,0.26496734619140627
0.17861523437500004,0.5861667633056641
0.08744396972656254,0.6565155029296875
0.1409946899414063,0.22444763183593752
0.16450085449218754,0.5973342895507813
0.16952004241943364,0.1901115417480469
0.15569653320312504,0.2654575347900391
0.014560363769531293,0.2904361724853516
0.15558590698242192,0.5817464828491211
0.19010891723632817,0.18360748291015627
0.07343258666992192,0.5698017120361328
0.08826794433593754,0.2645915985107422
0.1461979370117188,0.22023620605468752
0.1315642814636231,0.2034782409667969
0.15603222656250004,0.2660392761230469
0.015765808105468793,0.2902406692504883
0.07556500244140629,0.5696128845214844
0.09055294799804692,0.2641757965087891
0.1305743675231934,0.20277252197265627
0.017245910644531293,0.2900728225708008
0.07813610839843754,0.5695404052734375
0.09324993896484379,0.26382102966308596
0.12413372802734379,0.5871051788330078
0.1320702056884766,0.20220794677734377
0.019000671386718793,0.289918327331543
0.12455334472656254,0.5567344665527344
0.08118023681640629,0.5695938110351563
0.09640087890625004,0.263433837890625
0.11196245956420903,0.2113517761230469
0.020976684570312543,0.2897075653076172
0.12279095458984379,0.5556463241577149
0.08509030151367192,0.5698017120361328
0.10015835571289067,0.2631381988525391
0.023708007812500043,0.28937568664550783
0.12146725463867192,0.5557846069335938
0.10448803710937504,0.26302757263183596
0.03229965972900395,0.5167888641357422
0.08684887695312504,0.635748291015625
0.0035587768554687926,0.639628791809082
0.027179382324218793,0.2889703750610352
0.12075009155273442,0.5556425094604492
0.06772961425781254,0.25887908935546877
0.033095500946044965,0.5166706085205078
0.06986846733093266,0.22161903381347658
0.08749737548828129,0.6358055114746094
0.12173428344726567,0.5570711135864258
0.04897656250000004,0.5522712707519531
0.06881298828125004,0.25873889923095705
0.03427018928527836,0.5165332794189453
0.07096137809753422,0.22147216796875002
0.07135357666015629,0.6584667205810547
0.09930004882812504,0.593502426147461
0.17823376464843754,0.22343244552612307
0.11851467895507817,0.550578498840332
0.04992260742187504,0.5521806716918946
0.06998791503906254,0.2585805892944336
0.03594937133789067,0.516506576538086
0.07244458007812504,0.22138061523437502
0.09554638671875004,0.5913647651672364
0.17681469726562504,0.2236031532287598
0.05155529785156254,0.5520700454711914
0.07134594726562504,0.2584537506103516
0.037970922470092816,0.516567611694336
0.07424416351318364,0.22131004333496096
0.09557690429687504,0.5919965744018555
0.17652478027343754,0.2234977722167969
0.05350842285156254,0.5519699096679688
0.07343640136718754,0.2582143783569336
0.040401361465454144,0.5166934967041016
0.07634606170654301,0.22127761840820315
0.09623303222656254,0.5928105354309082
0.17008557128906254,0.22437944412231448
0.05604138183593754,0.5518182754516602
0.07601513671875004,0.25789871215820315
0.043111465454101605,0.5168594360351563
0.07894625473022465,0.2212699890136719
0.14765729713439946,0.5984691619873047
0.08961071777343754,0.588502311706543
0.15185131835937504,0.21100559234619143
0.05909313964843754,0.5517343521118164
0.07967724609375004,0.25757541656494143
0.046271465301513715,0.5171302795410156
0.08217086601257328,0.22122230529785158
0.1485964279174805,0.5987285614013672
0.08310284423828129,0.7083772659301758
0.09086193847656254,0.5896958351135254
0.09090008544921879,0.5836481094360352
0.08379711914062504,0.2573751449584961
0.05016460227966313,0.5174659729003906
0.0862018089294434,0.22134056091308596
0.1988560180664063,0.2605899810791016
0.15041460800170903,0.598883056640625
0.08439221191406254,0.7084890842437744
0.09075131225585942,0.5837987899780274
0.17742504882812504,0.2660125732421875
0.15294613647460942,0.5990242004394531
0.08632244873046879,0.7073959350585938
0.08765759277343754,0.5831789016723633
0.15592303085327153,0.599148178100586
0.08921398925781254,0.7082470893859864
0.07611431884765629,0.5759471893310547
0.15920223999023442,0.5993465423583985
0.1629077415466309,0.599758529663086
0.12569775390625004,0.6003469467163086
0.12704052734375004,0.6002720832824707
0.12615551757812504,0.6030344009399414
0.17136730957031254,0.21945085525512698
0.019275329589843793,0.7203952312469483
0.11620678710937504,0.6002387046813965
0.10415234375000004,0.6368927001953125
0.018756530761718793,0.7205685615539551
0.11741223144531254,0.599955940246582
0.15871777343750004,0.2425545692443848
0.10570111083984379,0.6371025085449219
0.018245361328125043,0.7205432891845703
0.11924328613281254,0.6000570297241211
0.16100659179687504,0.24181928634643557
0.06546368408203129,0.5536340713500977
0.10737957763671879,0.6370700836181641
0.017779968261718793,0.7204598426818848
0.12130322265625004,0.600185775756836
0.16340222167968754,0.24093523025512698
0.06417813110351567,0.5524820327758789
0.10901989746093754,0.6368965148925781
0.11903729248046879,0.41866340637207033
0.12342419433593754,0.6002854347229004
0.16457714843750004,0.23972454071044924
0.06380429077148442,0.5520977020263672
0.11066784667968754,0.6365894317626953
0.12075390625000004,0.4186748504638672
0.1254457454681397,0.5800804138183594
0.1564542274475098,0.2932342529296875
0.16727795410156254,0.23874654769897463
0.06457485961914067,0.5525840759277344
0.11272778320312504,0.6362709045410156
0.12291302490234379,0.41891136169433596
0.12710799980163578,0.5798515319824219
0.15782847213745121,0.29305496215820315
0.06640591430664067,0.55374755859375
0.11572613525390629,0.6359714508056641
0.1257816772460938,0.41930618286132815
0.12908639717102055,0.5795940399169922
0.16001953887939457,0.2928318023681641
0.06896557617187504,0.5551761627197266
0.1289707641601563,0.4183353424072266
0.131472490310669,0.5794281005859375
0.16276159095764164,0.292669677734375
0.07208599853515629,0.5565704345703125
0.1342960815429688,0.579412841796875
0.16598143386840825,0.29253807067871096
0.06957592773437504,0.536042594909668
0.13766493606567387,0.5795539855957031
0.16956558036804203,0.29247512817382815
0.09568371582031254,0.32654681205749514
0.1736508827209473,0.29259719848632815
0.18851818847656254,0.6088451385498047
0.08143963623046879,0.28607883453369143
0.1837803344726563,0.6068405151367188
0.05716290283203129,0.6599253654479981
0.1818119506835938,0.6068004608154297
0.05638470458984379,0.6600371837615967
0.1816441040039063,0.6086105346679688
0.05690350341796879,0.6598638534545899
0.18879284667968754,0.053395652770996116
0.00037731933593754263,0.30715694427490237
0.1835667114257813,0.6087955474853516
0.05793347167968754,0.6594261169433594
0.0014606933593750426,0.3708685874938965
0.1842380981445313,0.49224033355712893
0.18912854003906254,0.05346622467041018
0.0020061950683594176,0.3070720672607422
0.18633618164062504,0.6086772918701172
0.05233349609375004,0.6544903755187989
0.015750549316406293,0.2705112934112549
0.003917358398437543,0.37076845169067385
0.18962826538085942,0.052887344360351585
0.004493377685546918,0.30689563751220705
0.18926586914062504,0.6088470458984375
0.03887524414062504,0.6421224117279053
0.017421386718750043,0.2698610067367554
0.19005551147460942,0.052963638305664085
0.1925541381835938,0.6092456817626953
0.04033245849609379,0.6427411079406739
0.019298217773437543,0.2694940805435181
0.17429699707031254,0.05573978424072268
0.1960941772460938,0.6097816467285156
0.04189648437500004,0.6439224720001221
0.020923278808593793,0.26908531188964846
0.19993176269531254,0.6102832794189453
0.04322399902343754,0.6453746795654297
0.022510192871093793,0.26454010009765627
0.08599438476562504,0.6448735237121582
0.10781445312500004,0.48702373504638674
0.11719097900390629,0.6074365615844727
0.08628430175781254,0.645077133178711
0.10742916870117192,0.4864343643188477
0.1751743774414063,0.12438049316406252
0.11787380981445317,0.6075052261352539
0.08680310058593754,0.6452149391174317
0.10785641479492192,0.48609390258789065
0.15684475708007817,0.12102737426757815
0.11936154174804692,0.607265853881836
0.14968457031250004,0.3559450149536133
0.08727612304687504,0.645175838470459
0.10867657470703129,0.48627796173095705
0.1506535034179688,0.11778297424316408
0.12097515869140629,0.6069225311279297
0.1508976440429688,0.35572185516357424
0.08762707519531254,0.6449212074279785
0.09036602783203129,0.4688877105712891
0.13972058105468754,0.11069335937500002
0.12296261596679692,0.6064752578735352
0.15269436645507817,0.3554681777954102
0.12633862304687504,0.10548439025878908
0.12597622680664067,0.6058534622192383
0.15579190063476567,0.35516109466552737
0.12255444335937504,0.10279502868652346
0.12920727539062504,0.6053461074829102
0.1589237670898438,0.35503330230712893
0.1428715209960938,0.5687355041503906
0.1294285278320313,0.2977451324462891
0.16292538452148442,0.3550418853759766
0.1436954956054688,0.5685905456542969
0.1303135375976563,0.2975982666015625
0.14474072265625004,0.5683597564697266
0.13169445800781254,0.29738655090332033
0.1463047485351563,0.5680412292480469
0.13335766601562504,0.297125244140625
0.11539807128906254,0.31247940063476565
0.14835705566406254,0.5676597595214844
0.1355015258789063,0.2968009948730469
0.09716381835937504,0.6488818168640137
0.11468090820312504,0.31257286071777346
0.1961857299804688,0.513795280456543
0.1495243530273438,0.5675605773925781
0.13859143066406254,0.2963603973388672
0.09702648925781254,0.6486486434936524
0.11461987304687504,0.31253805160522463
0.19596829223632817,0.5153793334960938
0.1418949584960938,0.2960361480712891
0.09781994628906254,0.6485899925231934
0.11489453125000004,0.3124126434326172
0.1967503051757813,0.5172056198120117
0.09942211914062504,0.6486429214477539
0.11570324707031254,0.312196159362793
0.19911160278320317,0.5184825897216797
0.10137524414062504,0.6487010955810547
0.11719860839843754,0.31188764572143557
0.10445751953125004,0.6488651275634766
0.11994519042968754,0.3113569259643555
0.10747875976562504,0.6490625381469727
0.12295117187500004,0.3108257293701172
0.11155285644531254,0.6492575645446778
0.05926861572265629,0.1837495803833008
0.027782104492187543,0.48839702606201174
0.06071057128906254,0.18403282165527346
0.029945037841796918,0.48906841278076174
0.06296124267578129,0.184358024597168
0.03232922363281254,0.4896234512329102
0.06510128784179692,0.1844829559326172
0.03559841918945317,0.4901117324829102
0.06830563354492192,0.18443050384521487
0.09353985595703129,0.18528738021850588
0.09612812805175786,0.18587841987609866
0.09871258544921879,0.1867400646209717
0.04212345886230473,0.48448934555053713
0.09997334289550786,0.1879433631896973
0.04026760864257817,0.4862691402435303
0.08840527343750004,0.19114174842834475
0.15054096984863286,0.6009844779968262
0.1504875640869141,0.601094388961792
0.18058171081542973,0.21161785125732424
0.15063252258300786,0.6016067504882813
0.14782299804687504,0.6017126083374024
0.14491047668457036,0.6027084827423096
0.14520230102539067,0.6026023864746094
0.10831990051269536,0.259366774559021
0.005889556884765668,0.2778324127197266
0.1459537963867188,0.6027218341827393
0.008659027099609418,0.27700462341308596
0.14692654418945317,0.6030069828033447
0.012160919189453168,0.2761844635009766
0.14820446777343754,0.6032842636108399
0.015979431152343793,0.274969482421875
0.020053527832031293,0.27398147583007815
0.12111820983886723,0.6616732120513916
0.12217869567871098,0.661897087097168
0.12396969604492192,0.6622630596160889
0.09869351196289067,0.6684040069580078
0.12643589782714848,0.6625141143798828
0.10038723754882817,0.6688961029052735
0.12919010925292973,0.6628607749938965
0.10271420288085942,0.6696895599365235
0.13175358581542973,0.6635250091552735
0.10551800537109379,0.6701797485351563
0.1345707397460938,0.664528751373291
0.10859646606445317,0.6702064514160156
0.17216458129882817,0.3224815368652344
0.13752331542968754,0.6654674053192139
0.11201443481445317,0.6701244354248047
0.17489208984375004,0.32159271240234377
0.14090122985839848,0.6665636539459229
0.11598553466796879,0.67032470703125
0.17799343872070317,0.3208221435546875
0.0020290832519531676,0.29718770980834963
0.1814304809570313,0.3202060699462891
0.0028606872558594176,0.29686965942382815
0.07577862548828129,0.16848793029785158
0.18484082031250004,0.3199810028076172
0.004604003906250043,0.29598464965820315
0.06379284667968754,0.5202888488769531
0.07609143066406254,0.16644897460937502
0.007346771240234418,0.2949580192565918
0.06525769042968754,0.517940902709961
0.04816021728515629,0.23161365985870364
0.010722778320312543,0.29374256134033205
0.06774487304687504,0.5182689666748047
0.05060162353515629,0.2305802345275879
0.014678619384765668,0.29224576950073244
0.07053723144531254,0.5186676025390625
0.05336346435546879,0.22934725284576418
0.06253399658203129,0.5093482971191406
0.05401959228515629,0.17219581604003908
0.09646382141113286,0.25597610473632815
0.05685009765625004,0.22809293270111086
0.06224407958984379,0.506893539428711
0.05683483886718754,0.1716350555419922
0.03655209350585942,0.6022037506103516
0.09765400695800786,0.25584211349487307
0.06051983642578129,0.22705783843994143
0.06565441894531254,0.5072502136230469
0.05981793212890629,0.17115058898925783
0.03800930786132817,0.6021198272705078
0.06089367675781254,0.30387344360351565
0.052869461059570355,0.5730546951293946
0.09895291137695317,0.2556381464004517
0.06318249511718754,0.17084732055664065
0.03972210693359379,0.6018585205078125
0.06222119140625004,0.3036083221435547
0.05466427612304692,0.5728944778442383
0.10113873291015629,0.2551781177520752
0.11145748901367192,0.6577877044677735
0.04179730224609379,0.6015705108642578
0.06408657836914067,0.30332412719726565
0.05693020629882817,0.572755241394043
0.10388340759277348,0.25466468334198
0.11398663330078129,0.6577118873596192
0.04444470214843754,0.601324462890625
0.06656231689453129,0.30292549133300783
0.05997624206542973,0.5726009845733643
0.10670437622070317,0.2541725873947144
0.11700787353515629,0.6576999664306641
0.04764523315429692,0.6011356353759766
0.06957592773437504,0.3025211334228516
0.055608413696289105,0.5730902194976807
0.10972752380371098,0.25363137722015383
0.11541333007812504,0.6671651840209961
0.05129971313476567,0.6010860443115235
0.07299389648437504,0.302191162109375
0.11276593017578129,0.2531872034072876
0.1320225219726563,0.6469210624694824
0.10261120605468754,0.6633681297302246
0.19545712280273442,0.27138509750366213
0.07760968017578129,0.30182685852050783
0.11556782531738286,0.2529045581817627
0.1332737426757813,0.647267484664917
0.10517849731445317,0.6619657516479492
0.19774975585937504,0.2704671859741211
0.11857571411132817,0.2525866270065308
0.1350285034179688,0.647380256652832
0.10919155883789067,0.6625679969787598
0.20120205688476567,0.2693366050720215
0.11906018066406254,0.2522108793258667
0.13726391601562504,0.6473611831665039
0.1921116333007813,0.2750656843185425
0.11314358520507817,0.6632064819335938
0.13988842773437504,0.6472367286682129
0.19335522460937504,0.27401127815246584
0.03754772949218754,0.17293777465820315
0.1431309204101563,0.6471981048583985
0.1957127075195313,0.27273776531219485
0.03885998535156254,0.1728996276855469
0.1464725952148438,0.6473466396331787
0.1990238647460938,0.2713909387588501
0.04054608154296879,0.17292823791503908
0.1499515991210938,0.6475616931915283
0.04263653564453129,0.17299880981445315
0.04494824218750004,0.1731761932373047
0.0012699584960937926,0.46924819946289065
0.04756512451171879,0.1734203338623047
0.004420898437500043,0.46970787048339846
0.05063214111328129,0.17371597290039065
0.008090637207031293,0.4703372955322266
0.05400433349609379,0.17412605285644533
0.05526699829101567,0.5450490951538086
0.12707104492187504,0.5408500671386719
0.05781903076171879,0.17452850341796877
0.05707135009765629,0.5449375152587891
0.05913510131835942,0.5447763442993164
0.14262356567382817,0.324492359161377
0.12315716552734379,0.5308040618896485
0.1803642730712891,0.26614620685577395
0.025493286132812543,0.5788351535797119
0.06153836059570317,0.5444244384765625
0.14451184082031254,0.3242525100708008
0.12522473144531254,0.5306991577148438
0.1690250854492188,0.15342750549316408
0.026874206542968793,0.578842306137085
0.06421627807617192,0.5439733505249024
0.14698757934570317,0.32404603958129885
0.12824597167968754,0.5305599212646485
0.1705662231445313,0.15267601013183596
0.028751037597656293,0.5787130832672119
0.06801953125000004,0.5431241035461426
0.1499821166992188,0.3238839149475098
0.13204541015625004,0.5306257247924805
0.1729465942382813,0.15148010253906252
0.030742309570312543,0.5784429550170899
0.15319027709960942,0.32369413375854494
0.13566174316406254,0.5309900283813477
0.1761509399414063,0.150391960144043
0.03292431640625004,0.5779661178588867
0.03341259765625004,0.3836169481277466
0.15663876342773442,0.3235692024230957
0.13930859375000004,0.5314516067504883
0.1800724487304688,0.14944972991943362
0.03519024658203129,0.5774187088012696
0.03544964599609379,0.3836579561233521
0.16036572265625004,0.32349910736083987
0.1432987670898438,0.5320209503173828
0.1830631713867188,0.14851989746093752
0.07839550781250004,0.582586669921875
0.03804364013671879,0.576673173904419
0.03850140380859379,0.38387837409973147
0.1873203735351563,0.14741458892822268
0.08032574462890629,0.5825008392333985
0.07137646484375004,0.547735595703125
0.07279553222656254,0.5487598419189453
0.07459606933593754,0.5494331359863281
0.1520878295898438,0.17915954589843752
0.07665600585937504,0.5497516632080078
0.13247265625000004,0.18912925720214846
0.07907452392578129,0.5501827239990235
0.10059704589843754,0.19386329650878908
0.08037915039062504,0.5056222915649414
0.07435955810546879,0.19187965393066408
0.07544293212890629,0.5453342437744141
0.10163464355468754,0.19286384582519533
0.08183636474609379,0.5056928634643555
0.10412182617187504,0.1924633026123047
0.08356823730468754,0.5057567596435547
0.10683789062500004,0.19235076904296877
0.05282439994812016,0.5340599060058594
0.08547558593750004,0.5057596206665039
0.04622998046875004,0.20584812164306643
0.10966076660156254,0.19239463806152346
0.0527235488891602,0.5341094970703125
0.08787121582031254,0.505733871459961
0.04821362304687504,0.20566501617431643
0.05326428222656254,0.533993148803711
0.09089245605468754,0.5056346893310547
0.05090679931640629,0.20536651611328127
0.05430617141723637,0.533474349975586
0.09462322998046879,0.5053323745727539
0.05473675537109379,0.20488967895507815
0.055976055145263715,0.5326656341552735
0.05793967056274418,0.5319999694824219
0.06928171920776371,0.19014587402343752
0.05980505752563481,0.5320514678955078
0.07102575111389164,0.1896842956542969
0.07338657188415532,0.1841777801513672
0.05248989868164067,0.22690429687500002
0.05610623168945317,0.2254814147949219
0.17956127929687504,0.5148080825805664
0.06000485229492192,0.2241996765136719
0.17977490234375004,0.5144304275512696
0.05956616210937504,0.2235130310058594
0.1804996948242188,0.5157426834106446
0.05125775146484379,0.2143577575683594
0.14745869445800786,0.6310771942138672
0.12558665084838871,0.21631851196289065
0.14829816627502446,0.6319927215576172
0.10792293357849125,0.22508850097656252
0.1614567260742188,0.5702461242675781
0.16384091186523442,0.570339584350586
0.16682019042968754,0.57047119140625
0.16527905273437504,0.6004375457763672
0.1701847534179688,0.5705398559570313
0.16668286132812504,0.6005615234375
0.1706730346679688,0.5693305969238281
0.1686436157226563,0.6006778717041016
0.05329861450195317,0.5750621795654297
0.17103161621093754,0.6007637023925781
0.1480440120697022,0.2632469177246094
0.05405463981628422,0.575048828125
0.0882922630310059,0.21688308715820315
0.17383923339843754,0.6007598876953125
0.14704527664184575,0.26383056640625
0.05535449790954594,0.5751060485839844
0.08940043258666996,0.2169384002685547
0.17745556640625004,0.6007369995117188
0.05706753540039067,0.5754226684570313
0.09081687736511235,0.21676673889160158
0.09178318786621098,0.21606101989746096
0.04791989135742192,0.5641979217529297
0.08787789154052739,0.6934150695800781
0.04967846679687504,0.564419174194336
0.08650889205932621,0.6940216064453125
0.05140652465820317,0.5643486022949219
0.09755291748046879,0.23117866516113283
0.1821476440429688,0.32473602294921877
0.0867043952941895,0.6944107055664063
0.05335583496093754,0.5641635894775391
0.10047879028320317,0.2302116394042969
0.08868303108215336,0.6946796417236328
0.08896221923828129,0.6159900665283203
0.05572094726562504,0.5640987396240235
0.10394635009765629,0.22921028137207033
0.1850010375976563,0.3288597106933594
0.0915564517974854,0.6957572937011719
0.09067120361328129,0.6163200378417969
0.05866207885742192,0.564276123046875
0.10745968627929692,0.2283061981201172
0.1852756958007813,0.32819786071777346
0.0902449111938477,0.6918148040771485
0.14559426116943364,0.27912178039550783
0.09265484619140629,0.6175102233886719
0.06269039916992192,0.5645908355712891
0.11105694580078129,0.22744216918945315
0.1787754516601563,0.5368141174316406
0.08925070571899418,0.6851905822753906
0.14761462020874028,0.27790679931640627
0.09495892333984379,0.6179985046386719
0.15270581054687504,0.2777713775634766
0.11424984741210942,0.22673072814941408
0.09754528808593754,0.6186908721923828
0.15621533203125004,0.2773193359375
0.11631002235412602,0.6564353942871094
0.11206164169311528,0.23931922912597658
0.11819805908203129,0.2257713317871094
0.10075726318359379,0.6194595336914063
0.15934338378906254,0.27710762023925783
0.11409225273132328,0.23831977844238283
0.09592785644531254,0.607937240600586
0.1539494018554688,0.27849617004394533
0.09421887207031254,0.604254150390625
0.1354862670898438,0.2769798278808594
0.13724865722656254,0.2734588623046875
0.012904785156250043,0.5069197654724121
0.14098706054687504,0.2732872009277344
0.11864557075500493,0.6843036651611328
0.014522216796875043,0.5069779396057129
0.12685742187500004,0.1489876747131348
0.023845336914062543,0.4900564193725586
0.11871232795715336,0.6844161987304688
0.016658447265625043,0.5067237854003906
0.12798657226562504,0.1480282783508301
0.024074218750000043,0.49010601043701174
0.11925782966613774,0.6842750549316406
0.019206665039062543,0.5064009666442871
0.12987866210937504,0.14688005447387698
0.024852416992187543,0.48978748321533205
0.19305338668823246,0.6831764221191406
0.10885920333862309,0.6796669006347656
0.021846435546875043,0.5062397956848145
0.13239636230468754,0.14572134017944338
0.030162475585937543,0.49473419189453127
0.08277478027343754,0.17573490142822268
0.18670453834533696,0.6792835235595703
0.024760864257812543,0.5061286926269531
0.13544812011718754,0.14453973770141604
0.03181042480468754,0.4943870544433594
0.08387341308593754,0.1752962112426758
0.18424691963195805,0.6812385559082031
0.07293286132812504,0.5382331848144531
0.13851513671875004,0.1434368133544922
0.03335156250000004,0.49411811828613283
0.08515515136718754,0.17516460418701174
0.18721093940734868,0.6817974090576172
0.07229199218750004,0.5371250152587891
0.14170422363281254,0.14243783950805666
0.08623852539062504,0.1751588821411133
0.1900845985412598,0.6823219299316406
0.07336010742187504,0.5375045776367188
0.14475598144531254,0.1418618202209473
0.08350720214843754,0.17670860290527346
0.07467999267578129,0.5379280090332031
0.03253521728515629,0.24775352478027346
0.07604565429687504,0.5381969451904297
0.13709606933593754,0.19070472717285158
0.03220715332031254,0.5369667053222656
0.03351177978515629,0.2475151062011719
0.07774700927734379,0.5383285522460938
0.11392559814453129,0.19698753356933596
0.03391613769531254,0.5367073059082031
0.03523602294921879,0.24725189208984377
0.07943310546875004,0.538326644897461
0.09677471923828129,0.1896232604980469
0.03603710937500004,0.5364784240722656
0.03753247070312504,0.2469371795654297
0.08127178955078129,0.5381607055664063
0.03898968505859379,0.5362857818603516
0.04055371093750004,0.2465385437011719
0.1318260650634766,0.6920303344726563
0.08907666015625004,0.15764465332031252
0.04452862548828129,0.24628295898437502
0.1328946571350098,0.692226791381836
0.08826794433593754,0.15765132904052737
0.0315290908813477,0.34177436828613283
0.11706294822692875,0.6763156890869141
0.13857760238647465,0.27923049926757815
0.10197033691406254,0.538463020324707
0.08967175292968754,0.15753021240234377
0.02139582443237309,0.6645721435546875
0.03281702804565434,0.3416770935058594
0.11866416740417485,0.6775745391845703
0.140660665512085,0.27835884094238283
0.10341992187500004,0.5389484405517578
0.09238781738281254,0.1574567794799805
0.02234067726135258,0.6646903991699219
0.034367940902710004,0.3414653778076172
0.12028732109069828,0.6788200378417969
0.14196100044250493,0.27785720825195315
0.10398449707031254,0.5376380920410156
0.09647717285156254,0.1574138641357422
0.02423872756958012,0.6650108337402344
0.03657522010803227,0.34118118286132815
0.12291087913513188,0.6802295684814453
0.14312042999267582,0.27767601013183596
0.10053601074218754,0.5204452514648438
0.09754528808593754,0.1575054168701172
0.02613081741333012,0.6652225494384766
0.038692615509033246,0.3408855438232422
0.1662937622070313,0.5930484771728516
0.10749759483337407,0.6655258178710938
0.13615407752990727,0.27722015380859377
0.19713940429687504,0.5206488609313965
0.09727062988281254,0.15754070281982424
0.02864374923706059,0.6655506134033203
0.0411571483612061,0.34061660766601565
0.1675755004882813,0.5934146881103516
0.1854588012695313,0.18133392333984377
0.11881341743469243,0.27458992004394533
0.19964184570312504,0.5206197738647461
0.0014912109375000426,0.2191337585449219
0.08442272949218754,0.1491283416748047
0.03218974876403813,0.6659072875976563
0.04427947807312016,0.34031524658203127
0.16971936035156254,0.5940097808837891
0.17307629394531254,0.2035850524902344
0.0037952880859375426,0.2191938400268555
0.17240490722656254,0.5945877075195313
0.006160400390625043,0.21921672821044924
0.17539562988281254,0.5949443817138672
0.1675449829101563,0.22931900024414065
0.1786838989257813,0.5951522827148438
0.1711765747070313,0.22830047607421877
0.18311657714843754,0.5952762603759766
0.17547192382812504,0.22683181762695315
0.17667736816406254,0.5923770904541016
0.17852368164062504,0.2257102966308594
0.05451550292968754,0.15483989715576174
0.1817661743164063,0.22460021972656252
0.05013623046875004,0.15339508056640627
0.04987683105468754,0.1532463073730469
0.04557003784179692,0.3609622955322266
0.12041821289062504,0.5899728775024414
0.03129162597656254,0.6049646377563477
0.03553356933593754,0.16497840881347658
0.04729809570312504,0.36013641357421877
0.12154736328125004,0.5901321411132813
0.13883557128906254,0.3174489974975586
0.09002270507812504,0.2124189376831055
0.03577770996093754,0.16500034332275393
0.04913296508789067,0.3595165252685547
0.12334790039062504,0.5901140213012696
0.14017834472656254,0.3174623489379883
0.08891262817382817,0.21316471099853518
0.04892697143554692,0.35969390869140627
0.12556042480468754,0.5900033950805664
0.14239086914062504,0.31739082336425783
0.08778347778320317,0.21404495239257815
0.03518261718750004,0.36138572692871096
0.12816967773437504,0.5898245811462403
0.14533581542968754,0.31725683212280276
0.08656658935546879,0.20517864227294924
0.13132824707031254,0.5895427703857422
0.14890637207031254,0.31694927215576174
0.04776348876953129,0.6024402618408203
0.04838909912109379,0.3558372497558594
0.15354504394531254,0.3166207313537598
0.04935040283203129,0.6022018432617188
0.05006756591796879,0.3557476043701172
0.07870449829101567,0.22631587982177737
0.05152478027343754,0.6018184661865235
0.05228009033203129,0.35561981201171877
0.05421032714843754,0.6013168334960938
0.05511059570312504,0.355413818359375
0.08215679931640629,0.6957010269165039
0.06003918457031254,0.3551219940185547
0.03257717895507817,0.6218513488769531
0.06121411132812504,0.22782554626464846
0.07911648559570317,0.6951622009277344
0.03647961425781254,0.622625732421875
0.06457485961914067,0.2275880813598633
0.17553295898437504,0.29157295227050783
0.04021801757812504,0.6235889434814453
0.05457272338867192,0.2463096618652344
0.16947307395935063,0.6080001831054688
0.005469604492187585,0.21352663040161135
0.010871215820312585,0.21034994125366213
0.019370361328125085,0.6230329513549805
0.06479577636718759,0.2292369842529297
0.03027658081054696,0.13648834228515627
0.018019958496093835,0.6211217880249024
0.06577233886718759,0.22953453063964846
0.03023843383789071,0.13685121536254885
0.019866271972656335,0.6215490341186524
0.06758813476562509,0.22970619201660158
0.03079537963867196,0.13714017868041994
0.022200866699218835,0.622111701965332
0.07012872314453134,0.229615592956543
0.058776184082031335,0.18918647766113283
0.03208474731445321,0.13604774475097658
0.024909301757812585,0.6227888107299805
0.07321862792968759,0.22935142517089846
0.061370178222656335,0.18856277465820315
0.03268746948242196,0.13651742935180666
0.028121276855468835,0.6234382629394531
0.07653741455078134,0.2287944793701172
0.06344537353515634,0.18827476501464846
0.07982568359375009,0.22820320129394533
0.0005028686523438353,0.13494911193847658
0.0005333862304688353,0.5365966796875
0.06655816650390634,0.1879447937011719
0.08062295532226571,0.3193553924560547
0.017585083007812585,0.22350921630859377
0.0022423706054688353,0.13445224761962893
0.0010674438476563353,0.531673812866211
0.06993035888671884,0.18756141662597658
0.08273629760742196,0.31930389404296877
0.021659179687500085,0.22060241699218752
0.07337121582031259,0.18729248046875002
0.08523492431640634,0.3192142486572266
0.032340332031250085,0.2122835159301758
0.07961968994140634,0.27707901000976565
0.07681207275390634,0.18723144531250002
0.08813409423828134,0.31916465759277346
0.06246499633789071,0.20145978927612307
0.06554345703125009,0.28258552551269533
0.016158386230468835,0.6261199951171875
0.08263711547851571,0.3254131317138672
0.06337289428710946,0.20064773559570315
0.017844482421875085,0.6258625030517578
0.05840615844726571,0.2011283874511719
0.0005944213867188353,0.6489395141601563
0.017813964843750085,0.6261543273925781
0.060012145996093835,0.19962539672851565
0.24357537841796884,0.6307939529418946
0.08462457275390634,0.5765365600585938
0.01866464233398446,0.23629035949707033
0.018531127929687585,0.6264595031738281
0.24444512939453134,0.6308979034423828
0.08462838745117196,0.5766681671142578
0.01803140258789071,0.23708858489990237
0.020118041992187585,0.6266178131103516
0.08620385742187509,0.25626220703125
0.09273461914062509,0.6465629577636719
0.23483209228515634,0.6301740646362305
0.08446817016601571,0.5771364212036133
0.01836709594726571,0.2375053405761719
0.022818847656250085,0.6268333435058594
0.08585290527343759,0.2561954498291016
0.07485131835937509,0.649260425567627
0.23668603515625009,0.6301435470581055
0.08521966552734384,0.5771459579467774
0.08838586425781259,0.18933906555175783
0.019698425292968835,0.23722686767578127
0.24851922607421884,0.47600784301757815
0.026191040039062585,0.62711181640625
0.08573083496093759,0.256475830078125
0.07627038574218759,0.6496919631958008
0.20606164550781259,0.27534046173095705
0.23898248291015634,0.6300310134887696
0.30496148681640634,0.25936737060546877
0.08671884155273446,0.5771659851074219
0.08946160888671884,0.18910732269287112
0.02170114135742196,0.2363618850708008
0.25041131591796884,0.47598876953125
0.029547973632812585,0.6275505065917969
0.08910302734375009,0.25586929321289065
0.24185494995117196,0.7268680572509766
0.07831506347656259,0.6497954368591309
0.20763330078125009,0.2749971389770508
0.24172143554687509,0.630097770690918
0.30735711669921884,0.2588972091674805
0.08885507202148446,0.5775617599487305
0.09146813964843759,0.18865528106689455
0.023558898925781335,0.23499717712402346
0.2527993164062501,0.4759525299072266
0.032988830566406335,0.627926254272461
0.09249047851562509,0.2554954528808594
0.24259118652343759,0.7269748687744141
0.08071069335937509,0.6499775886535645
0.20983056640625009,0.27449741363525393
0.0027916870117188353,0.6446603775024414
0.24494104003906259,0.630367660522461
0.3103554687500001,0.2583202362060547
0.09153298950195321,0.5781501770019531
0.09413461303710946,0.18792095184326174
0.02527169799804696,0.233796501159668
0.2557442626953126,0.47600593566894533
6.799316406258527e-05,0.1692241668701172
0.031424804687500085,0.21439971923828127
0.036635681152343835,0.6281608581542969
0.08930139160156259,0.2592357635498047
0.24367074584960946,0.7272056579589844
0.21298913574218759,0.2724794387817383
0.0023949584960938353,0.6436189651489258
0.31343011474609384,0.2578166961669922
0.09466485595703134,0.5787548065185547
0.09729318237304696,0.18697490692138674
0.04084329223632821,0.2295421600341797
0.15106134033203134,0.6325077056884766
0.25860528564453134,0.476141357421875
0.0024636230468750853,0.16901626586914065
0.033187194824218835,0.21485557556152346
0.040595336914062585,0.6284069061279297
0.09316186523437509,0.25814285278320315
0.24528436279296884,0.7275089263916016
0.062300964355468835,0.22032501697540285
0.21001367187500009,0.25542917251586916
0.0033410034179688353,0.6437629699707031
0.31515435791015634,0.25759735107421877
0.09801034545898446,0.5792879104614258
0.10093240356445321,0.18593444824218752
0.042250915527343835,0.22902717590332033
0.15190057373046884,0.6323226928710938
0.20071343994140634,0.26537551879882815
0.2615273437500001,0.4761871337890625
0.004798217773437585,0.16902770996093752
0.035376831054687585,0.21521034240722658
0.09720544433593759,0.2571720123291016
0.24764184570312509,0.7276233673095703
0.2991250000000001,0.3471702575683594
0.06374291992187509,0.22013320922851565
0.004927917480468835,0.6446112632751465
0.08079080200195321,0.18352546691894533
0.10176400756835946,0.5797065734863281
0.10342721557617196,0.18559875488281252
0.04422311401367196,0.22834625244140627
0.15335778808593759,0.6319679260253906
0.20270471191406259,0.2649101257324219
0.2645180664062501,0.47617568969726565
0.007262512207031335,0.1689628601074219
0.037696166992187585,0.2152599334716797
0.25057916259765634,0.7277473449707031
0.30134515380859384,0.34647407531738283
0.06574182128906259,0.2196985721588135
0.006018920898437585,0.6462530136108399
0.08172921752929696,0.18197050094604494
0.10704354858398446,0.18442668914794924
0.04655770874023446,0.22766151428222658
0.15525750732421884,0.6315921783447266
0.19280938720703134,0.26876296997070315
0.26760797119140634,0.47622146606445315
0.009711547851562585,0.1689170837402344
0.040427490234375085,0.21502151489257815
0.038352294921875085,0.21793594360351565
0.2538102111816407,0.7280181884765625
0.3041947326660157,0.3456157684326172
0.06808404541015634,0.21917524337768557
0.11071328735351571,0.1834281921386719
0.08712701416015634,0.6336511611938477
0.049178405761718835,0.22704162597656252
0.15754632568359384,0.6313270568847656
0.19245843505859384,0.26885833740234377
0.012313171386718835,0.16884841918945315
0.043433471679687585,0.21465911865234377
0.03928975677490243,0.21812477111816408
0.2572892150878907,0.7284149169921875
0.30762033081054696,0.3448223114013672
0.07051782226562509,0.2188220262527466
0.2783120117187501,0.6895474433898926
0.08822946166992196,0.6329874038696289
0.05202798461914071,0.2264751434326172
0.16037683105468759,0.631170654296875
0.046607299804687585,0.21424903869628908
0.04072241401672372,0.2182964324951172
0.2609360656738282,0.7288421630859375
0.31114129638671884,0.34400596618652346
0.07317285156250009,0.2185691833496094
0.2790291748046876,0.6897791862487793
0.08914498901367196,0.6329387664794922
0.055037780761718835,0.2260612487792969
0.16339044189453134,0.6310028076171875
0.049651428222656335,0.21393814086914065
0.04256014442443856,0.2182811737060547
0.2645028076171876,0.729366683959961
0.3146126708984376,0.3431400299072266
0.07596520996093759,0.21826865673065188
0.2794259033203126,0.6902169227600098
0.15709619140625009,0.6347612380981446
0.16832666015625009,0.320924186706543
0.09070138549804696,0.632757568359375
0.12978295898437509,0.24959888458251955
0.16674737548828134,0.6308425903320313
0.052687927246093835,0.21373596191406252
0.04471306419372567,0.21822776794433596
0.3181260070800782,0.34244956970214846
0.2802193603515626,0.6919960021972656
0.15742425537109384,0.6347688674926758
0.16858605957031259,0.32097568511962893
0.09298257446289071,0.6326393127441406
0.13136224365234384,0.24918403625488283
0.055594726562500085,0.21372070312500002
0.0469453773498536,0.21809997558593752
0.2825844726562501,0.6918663024902344
0.06601266479492196,0.20151700973510744
0.15867547607421884,0.6348270416259766
0.16965417480468759,0.3209871292114258
0.09562997436523446,0.6327651977539063
0.13370446777343759,0.2486919403076172
0.016707702636718835,0.2989696502685547
0.04935197448730477,0.21796836853027346
0.2852242431640626,0.6917003631591797
0.3482277832031251,0.30579319000244143
0.06664208984375009,0.20184984207153323
0.16027001953125009,0.6348852157592774
0.17118768310546884,0.32097759246826174
0.09844522094726571,0.6331104278564453
0.1366227111816407,0.24819698333740237
0.22629479980468759,0.515966796875
0.018218322753906335,0.29881134033203127
0.05162863349914559,0.21781005859375002
0.2882302246093751,0.691646957397461
0.3505928955078126,0.30524721145629885
0.06796960449218759,0.20194377899169924
0.16238336181640634,0.6349672317504883
0.17307214355468759,0.32093086242675783
0.10149316406250009,0.6335929870605469
0.1398728332519532,0.24763526916503908
0.22717980957031259,0.5162281036376953
0.2522957763671876,0.5388931274414063
0.37954644775390634,0.19849624633789065
0.019736572265625085,0.29867019653320315
0.17317895507812509,0.16249206066131594
0.2914040527343751,0.6918095588684082
0.3534615478515626,0.30457582473754885
0.06973962402343759,0.20197763442993166
0.16499261474609384,0.6350378036499024
0.17546014404296884,0.3208469390869141
0.1430924377441407,0.2471050262451172
0.22798852539062509,0.516353988647461
0.23159722900390634,0.2138713836669922
0.25498895263671884,0.5383724212646485
0.38096551513671884,0.19833221435546877
0.021773620605468835,0.29843940734863283
0.19578485107421884,0.6984657287597656
0.15428094482421884,0.4851132869720459
0.17336778259277352,0.16292324066162112
0.2946541748046876,0.6919673919677735
0.3565590820312501,0.30361785888671877
0.07128457641601571,0.20162715911865237
0.16831903076171884,0.6351341247558594
0.17851190185546884,0.320710563659668
0.37675408935546884,0.17629661560058596
0.14620141601562509,0.2467378616333008
0.20645455932617196,0.5717071533203125
0.22926263427734384,0.5163578033447266
0.23272637939453134,0.21386566162109377
0.25802545166015634,0.5377429962158203
0.37202386474609384,0.2031444549560547
0.024276062011718835,0.29818000793457033
0.19714288330078134,0.6984867095947266
0.20072106933593759,0.36127891540527346
0.15438584899902352,0.4853838920593262
0.24837426757812509,0.6240803241729737
0.2977059326171876,0.6922987937927246
0.3598244628906251,0.3026436805725098
0.07269982910156259,0.20096340179443362
0.18239526367187509,0.32061042785644533
0.2753708801269532,0.562322998046875
0.3775589904785157,0.1762556076049805
0.20667199707031259,0.5716995239257813
0.23102502441406259,0.5163444519042969
0.23437432861328134,0.21376838684082033
0.20523004150390634,0.6030487060546875
0.0024636230468750853,0.6107334136962891
0.027434631347656335,0.2978977203369141
0.1985276184082032,0.6984714508056641
0.20194940185546884,0.36107864379882815
0.15605287170410165,0.4855817794799805
0.24898461914062509,0.6241268157958985
0.3630135498046876,0.30193891525268557
0.03289346313476571,0.21011962890625002
0.27598504638671884,0.5607236862182617
0.37657098388671884,0.17673625946044924
0.20735101318359384,0.571590805053711
0.23330621337890634,0.5162433624267578
0.23634271240234384,0.21360435485839846
0.17241267776489266,0.6048816680908203
0.20600061035156259,0.6033729553222656
0.030783935546875085,0.2975811004638672
0.17366222953796395,0.662807846069336
0.20001153564453134,0.6984905242919922
0.20337609863281259,0.36089744567871096
0.15774659729003915,0.4858159065246582
0.24277429199218759,0.6259078025817871
0.20848397827148446,0.5714153289794922
0.23591546630859384,0.5160945892333985
0.23873834228515634,0.2133678436279297
0.20384912109375009,0.6086944580078125
0.17363195037841805,0.6630348205566406
0.20181970214843759,0.6985305786132813
0.2049057922363282,0.360723876953125
0.16015748596191415,0.4858120918273926
0.24384240722656259,0.6259025573730469
0.08029870605468759,0.133973503112793
0.2100174865722657,0.5712093353271485
0.26907281494140634,0.5694297790527344
0.00022821044921883527,0.6161865234375
0.007468505859375085,0.3356517791748047
0.23888330078125009,0.5159038543701172
0.24145440673828134,0.21308937072753908
0.20314721679687509,0.6097873687744141
0.20372323608398446,0.6985725402832031
0.20658044433593759,0.36051597595214846
0.16281251525878915,0.4858259201049805
0.24525384521484384,0.6258715629577637
0.28489617919921884,0.23005142211914065
0.09230737304687509,0.4868358612060547
0.08083276367187509,0.13429870605468752
0.20085458374023446,0.5684970855712891
0.0010903320312500853,0.6159748077392578
0.008124633789062585,0.33545913696289065
0.24227075195312509,0.5157569885253906
0.24468927001953134,0.21279373168945315
0.19459919548034676,0.25339546203613283
0.20466546630859384,0.6101860046386719
0.23985962486267098,0.2854160308837891
0.2059586486816407,0.6986125946044922
0.20866326904296884,0.36025657653808596
0.16569451904296884,0.48575892448425295
0.24731378173828134,0.6257814407348633
0.31191949462890634,0.2428679704666138
0.056212707519531335,0.5389908790588379
0.28687982177734384,0.2297243118286133
0.08287744140625009,0.48278179168701174
0.08212976074218759,0.13466587066650393
0.28666619873046884,0.6213716506958008
0.20264367675781259,0.568304443359375
0.24455194091796884,0.20327033996582033
0.24649743652343759,0.5710758209228516
0.3880379638671876,0.2093986511230469
0.0024254760742188353,0.6157421112060547
0.009002014160156335,0.33523025512695315
0.24822930908203134,0.2125419616699219
0.08427052116394051,0.6021408081054688
0.19577030754089364,0.2541679382324219
0.20674829101562509,0.6103939056396485
0.2621376953125001,0.27461090087890627
0.2418919048309327,0.2870964050292969
0.20849542236328134,0.698635482788086
0.2110093078613282,0.3599246978759766
0.1688473663330079,0.4856170654296875
0.24994592285156259,0.6257649898529053
0.31355218505859384,0.24229254722595217
0.20725183105468759,0.7044700622558594
0.19115380859375009,0.3545397758483887
0.05219583129882821,0.535714054107666
0.07573632812500009,0.48385276794433596
0.08148889160156259,0.1361717224121094
0.28752069091796884,0.6215499877929688
0.20523767089843759,0.5682167053222656
0.24641732788085946,0.20268859863281252
0.24845819091796884,0.5705322265625
0.38886956787109384,0.20873489379882815
0.004142089843750085,0.6154827117919922
0.010390563964843835,0.334967041015625
0.08569984054565438,0.6024993896484375
0.19552759742736825,0.25751724243164065
0.20928887939453134,0.6104873657226563
0.26422052001953134,0.27433624267578127
0.08762936210632333,0.6703361511230469
0.2403521976470948,0.29255142211914065
0.2111466369628907,0.6986125946044922
0.21350793457031259,0.35955085754394533
0.25266961669921884,0.6257554531097412
0.31602410888671884,0.24174299240112307
0.20865563964843759,0.7045601844787598
0.19274072265625009,0.35436716079711916
0.05333261108398446,0.5356844902038574
0.07762841796875009,0.48432388305664065
0.08010034179687509,0.13877525329589846
0.28765802001953134,0.6229452133178711
0.3753121337890626,0.2421001434326172
0.2080185852050782,0.5682605743408203
0.24853829956054696,0.20220222473144533
0.38893060302734384,0.20829048156738283
0.006118103027343835,0.6151832580566406
0.012221618652343835,0.33468093872070315
0.08756808853149423,0.6025470733642578
0.19611935234069833,0.2634166717529297
0.21205072021484384,0.6106399536132813
0.2666085205078126,0.2741283416748047
0.08894853210449227,0.6705726623535156
0.24150042152404794,0.29256477355957033
0.21387033081054696,0.6985820770263672
0.2162278137207032,0.35914268493652346
0.25581292724609384,0.6262980937957764
0.31907586669921884,0.24124219417572024
0.21022729492187509,0.7046493530273438
0.19435815429687509,0.35418214797973635
0.05563668823242196,0.5355271339416504
0.10004357910156259,0.208161735534668
0.3603432617187501,0.6505006790161133
0.37387017822265634,0.27874412536621096
0.08016137695312509,0.48456802368164065
0.07897119140625009,0.1411623001098633
0.28911141967773446,0.6229108810424805
0.37526254272460946,0.24190845489501955
0.20134286499023446,0.5558151245117188
0.2509568176269532,0.20175018310546877
0.39071588134765634,0.20759239196777346
0.008223815917968835,0.6148818969726563
0.014212890625000085,0.33440628051757815
0.08984069442749032,0.602444076538086
0.19814138031005868,0.26263084411621096
0.21457604980468759,0.6096023559570313
0.26951531982421884,0.27323379516601565
0.09072546577453622,0.670681381225586
0.24290780639648446,0.2918094635009766
0.21704034423828134,0.6985401153564453
0.2190964660644532,0.358740234375
0.25895623779296884,0.6268552780151367
0.32237176513671884,0.24081363677978518
0.21216516113281259,0.7047523498535156
0.19628076171875009,0.35391941070556643
0.058341308593750085,0.5358094215393067
0.10259561157226571,0.20812978744506838
0.3606789550781251,0.6505826950073242
0.37391595458984384,0.2793172836303711
0.08220605468750009,0.4843448638916016
0.07993249511718759,0.14165916442871096
0.29046945190429696,0.6227544784545899
0.25358514404296884,0.2014335632324219
0.3932564697265626,0.20693244934082033
0.010642333984375085,0.6145709991455078
0.016791625976562585,0.3340953826904297
0.0924306354522706,0.6023792266845703
0.20070557212829598,0.2617496490478516
0.2722237548828126,0.27321853637695315
0.24373559570312509,0.31006851196289065
0.09316687202453622,0.6707901000976563
0.24485449409484872,0.2906841278076172
0.22225122070312509,0.35839309692382815
0.2621682128906251,0.6274351119995117
0.3257515869140626,0.24030127525329592
0.21448449707031259,0.704898738861084
0.19837121582031259,0.35360469818115237
0.06134347534179696,0.5363329887390137
0.10570458984375009,0.20820512771606448
0.36137322998046884,0.6507038116455078
0.08519677734375009,0.484442138671875
0.08321313476562509,0.14104499816894533
0.2927048645019532,0.6228212356567383
0.2559464416503907,0.20133247375488283
0.3962471923828126,0.20621337890625002
0.013434692382812585,0.614254379272461
0.019805236816406335,0.33381500244140627
0.09493593788146981,0.602016830444336
0.20365767097473153,0.2608970642089844
0.25259332275390634,0.28095283508300783
0.24386529541015634,0.30988731384277346
0.24746732330322274,0.2896579742431641
0.22559289550781259,0.35810127258300783
0.3291695556640626,0.23981263637542727
0.21701745605468759,0.7050374984741211
0.20073632812500009,0.3532265663146973
0.06427316284179696,0.5368303298950196
0.10924462890625009,0.20812311172485354
0.3621132812500001,0.6506980895996094
0.33439569091796884,0.31171836853027346
0.10242013549804696,0.27059593200683596
0.07683496093750009,0.4816888809204102
0.07462243652343759,0.14350738525390627
0.2951271972656251,0.622646713256836
0.3038132629394532,0.25472679138183596
0.3991921386718751,0.20554962158203127
0.016539855957031335,0.6139892578125
0.023131652832031335,0.3335308074951172
0.20692758178710946,0.2601360321044922
0.19373254394531259,0.6502288818359375
0.24430017089843759,0.30975189208984377
0.25035171127319344,0.2888072967529297
0.21987084960937509,0.7051633834838867
0.20325402832031259,0.35279693603515627
0.06716851806640634,0.5372904777526856
0.11275796508789071,0.20798959732055666
0.36305169677734384,0.6505836486816406
0.3349526367187501,0.31165637969970705
0.10319451904296884,0.27039566040039065
0.07688073730468759,0.14240112304687502
0.29766778564453134,0.6227439880371094
0.30589227294921884,0.2542156219482422
0.026801391601562585,0.3334354400634766
0.2040365180969239,0.26078453063964846
0.19500665283203134,0.6500190734863281
0.24522332763671884,0.309576416015625
0.25341682052612313,0.28814353942871096
0.22258691406250009,0.7052034378051758
0.20578698730468759,0.3523591995239258
0.11609201049804696,0.20794048309326174
0.3643715820312501,0.6505207061767578
0.33598260498046884,0.3115409851074219
0.08023004150390634,0.5582021713256836
0.10450677490234384,0.2703575134277344
0.08135156250000009,0.13981666564941408
0.30829171752929696,0.2538475036621094
0.19684533691406259,0.6498550415039063
0.24694757080078134,0.3093112945556641
0.25640825843811044,0.28770294189453127
0.3745949707031251,0.16863193511962893
0.06697778320312509,0.49506940841674807
0.22536401367187509,0.705363655090332
0.20868615722656259,0.35193958282470705
0.3658974609375001,0.6504301071166992
0.33740167236328134,0.31131687164306643
0.08217553710937509,0.5582927703857422
0.10627297973632821,0.27024307250976565
0.19744567489624032,0.2685703277587891
0.24896936035156259,0.3091167449951172
0.2572861156463624,0.28985252380371096
0.37470941162109384,0.16874887943267824
0.06727532958984384,0.4949058532714844
0.12899713134765634,0.20649554729461672
0.21248559570312509,0.7091297149658203
0.21176843261718759,0.3515509605407715
0.3679879150390626,0.6502727508544922
0.3392708740234376,0.31101169586181643
0.08555535888671884,0.5580629348754883
0.10887078857421884,0.27001514434814455
0.3752816162109376,0.5468582153320313
0.38105706787109384,0.6532711029052735
0.2510750732421876,0.30903091430664065
0.25971846199035653,0.2902740478515625
0.3749764404296876,0.16856267452239992
0.06747941589355477,0.49461116790771487
0.12884645080566415,0.20620074272155764
0.21514062500000009,0.351197624206543
0.34149102783203134,0.31069698333740237
0.11219338989257821,0.2699731826782227
0.37678842163085946,0.5468658447265625
0.3811715087890626,0.6530708312988281
0.10536126708984384,0.3304027557373047
0.2534554443359376,0.30898513793945315
0.06787042236328134,0.4943596363067627
0.1289475402832032,0.20590856075286867
0.34394769287109384,0.31043472290039065
0.3774064025878907,0.546688461303711
0.08820657348632821,0.5140766143798828
0.3788979492187501,0.65482177734375
0.06666497802734384,0.6045135498046875
0.10490350341796884,0.33030166625976565
0.25625543212890634,0.3089012145996094
0.0686123809814454,0.49413504600524905
0.12939195251464852,0.20564129352569582
0.14345483398437509,0.5993179321289063
0.19859246826171884,0.29442217350006106
0.28253106689453134,0.5789469718933106
0.37813119506835946,0.5463699340820313
0.08825234985351571,0.5138935089111328
0.07552270507812509,0.25161209106445315
0.3761818847656251,0.6570457458496094
0.06697778320312509,0.6044162750244141
0.10505609130859384,0.33017768859863283
0.25982598876953134,0.3087791442871094
0.06962709045410165,0.49398126602172854
0.1301968536376954,0.20541145801544192
0.14416436767578134,0.5994888782501221
0.19913415527343759,0.2946465253829956
0.2843850097656251,0.5792340278625489
0.37899713134765634,0.5458663940429688
0.08876733398437509,0.5136207580566406
0.07588128662109384,0.2513622283935547
0.06778649902343759,0.6043247222900391
0.10590295410156259,0.33007278442382815
0.07089547729492196,0.4938830375671387
0.13123826599121102,0.20522882938385012
0.14545373535156259,0.5995880603790283
0.20010308837890634,0.2947432041168213
0.28672723388671884,0.579433822631836
0.3755906066894532,0.2288249969482422
0.09735803222656259,0.6138280868530274
0.13885812377929696,0.3035730361938477
0.37546090698242196,0.5444530487060547
0.08974771118164071,0.5133441925048828
0.07675866699218759,0.2511028289794922
0.19793634033203134,0.6321033477783203
0.24295739746093759,0.340185546875
0.06875543212890634,0.6042903900146485
0.10710839843750009,0.3300804138183594
0.2965767822265626,0.18655946254730227
0.07237176513671884,0.4938663482666016
0.1324875793457032,0.20508399009704592
0.14710931396484384,0.5995868682861328
0.20155267333984384,0.29465427398681643
0.28930596923828134,0.5796035766601563
0.3722756347656251,0.23446121215820315
0.09752206420898446,0.6137413024902344
0.13902597045898446,0.30355682373046877
0.09104852294921884,0.5131095886230469
0.07799081420898446,0.25089683532714846
0.19914178466796884,0.6319507598876953
0.24393395996093759,0.3400005340576172
0.3959932765960694,0.6573184967041016
0.011215492248535242,0.6457427978515625
0.02077774620056161,0.3683475494384766
0.07010583496093759,0.6043533325195313
0.10868005371093759,0.33019294738769533
0.07391290283203134,0.4938801765441895
0.1339371643066407,0.20500078201293948
0.14911584472656259,0.5994788646697998
0.20342950439453134,0.29429628849029543
0.2921059570312501,0.5796612739562989
0.2943795166015626,0.5525602340698242
0.09842614746093759,0.6137222290039063
0.13974313354492196,0.30347576141357424
0.09274606323242196,0.5129570007324219
0.07965783691406259,0.2508090972900391
0.20095758056640634,0.6317829132080078
0.24549035644531259,0.33982696533203127
0.3964901409149171,0.6571830749511719
0.011658950805664148,0.64578857421875
0.02053360557556161,0.36848106384277346
0.07178430175781259,0.6045078277587891
0.11038140869140634,0.3303836822509766
0.08469109153747567,0.633917236328125
0.09813980674743661,0.34110870361328127
0.13523034667968759,0.20495750904083254
0.15165643310546884,0.5992249488830567
0.20550469970703134,0.29388060569763186
0.29495172119140634,0.5795296669006348
0.2944710693359376,0.5523370742797852
0.09971551513671884,0.6137336730957031
0.14079980468750009,0.30335369110107424
0.09475640869140634,0.5128864288330078
0.08156137084960946,0.25077285766601565
0.20340661621093759,0.6316379547119141
0.24742822265625009,0.33962478637695315
0.3973823032379151,0.6569637298583985
0.012655540466308679,0.6458000183105469
0.02146010017395028,0.36849250793457033
0.07381372070312509,0.6047595977783203
0.11244134521484384,0.3306907653808594
0.0844207248687745,0.6336215972900391
0.0982754669189454,0.34085884094238283
0.37579469299316415,0.4945837497711182
0.10573129272460946,0.20634558200836184
0.15460900878906259,0.5988694667816162
0.20796899414062509,0.29343547821044924
0.2838509521484376,0.5780967712402344
0.29615716552734384,0.2679614067077637
0.3908188781738282,0.5190958023071289
0.2953865966796876,0.552012825012207
0.3384316406250001,0.1838239669799805
0.10124139404296884,0.6137269973754883
0.14223031616210946,0.3032077789306641
0.09716348266601571,0.5129169464111328
0.08368997192382821,0.25084915161132815
0.2501137695312501,0.33947029113769533
0.3973482093811036,0.6565441131591797
0.014157577514648523,0.6457923889160156
0.02277092552185067,0.3684867858886719
0.07620172119140634,0.6051124572753906
0.11463098144531259,0.33106460571289065
0.08497194862365731,0.6334117889404297
0.09910802459716805,0.34064903259277346
0.3768074951171876,0.4945210456848145
0.21025018310546884,0.29301204681396487
0.2762368164062501,0.5644601821899414
0.2979538879394532,0.26786365509033205
0.39215020751953134,0.5189641952514649
0.2957680664062501,0.5515560150146485
0.3394234619140626,0.18380012512207033
0.10298089599609384,0.6137289047241211
0.14410714721679696,0.30305137634277346
0.08626870727539071,0.25111236572265627
0.2529519042968751,0.3393901824951172
0.39911918258667,0.6566394805908203
0.015886350631713952,0.6457904815673828
0.02440957641601571,0.36847724914550783
0.11714868164062509,0.3315319061279297
0.08604936218261727,0.6333431243896485
0.10027246093750009,0.34058799743652346
0.3794491729736329,0.49645295143127444
0.21214990234375009,0.2926639556884766
0.29970101928710946,0.2679938316345215
0.3933518371582032,0.5187162399291992
0.2977364501953126,0.5518392562866211
0.3413308105468751,0.18371620178222658
0.10504846191406259,0.613770866394043
0.14616708374023446,0.3029331207275391
0.08916024780273446,0.2516654968261719
0.2543099365234376,0.3390716552734375
0.40140084838867196,0.6570419311523438
0.017857833862304773,0.6458152770996094
0.026564641952514734,0.36849441528320315
0.12000207519531259,0.3321575164794922
0.08742336845397958,0.6333774566650391
0.10164050674438485,0.3405517578125
0.3800747833251954,0.49630584716796877
0.21414117431640634,0.2922579288482666
0.39450387573242196,0.5183671951293946
0.3002694091796876,0.5521873474121094
0.3440926513671876,0.18339004516601565
0.10773019409179696,0.6138605117797852
0.14869622802734384,0.30284919738769533
0.020638509750366296,0.6458839416503906
0.029047771453857507,0.3685459136962891
0.0892262897491456,0.6335052490234375
0.1033270797729493,0.3405937194824219
0.21652154541015634,0.29169132709503176
0.3957474670410157,0.5179342269897461
0.3070481262207032,0.17989196777343752
0.3032601318359376,0.5526069641113281
0.3472359619140626,0.1829561233520508
0.15175561523437509,0.30274810791015627
0.03214888191223153,0.36870803833007815
0.09162144279479989,0.6337360382080078
0.10533361053466805,0.3407005310058594
0.12980584716796884,0.1844643592834473
0.21943597412109384,0.29093708992004397
0.3977616271972657,0.5176939010620117
0.30825738525390634,0.17965736389160158
0.3064492187500001,0.5531047821044922
0.3503792724609376,0.18253173828125002
0.3830941162109376,0.5001911163330078
0.03569011306762704,0.3690361022949219
0.09466080284118661,0.6341117858886719
0.10783295249938973,0.34084548950195315
0.4039051971435548,0.4835871696472168
0.12744645690917977,0.18574538230895998
0.22235803222656259,0.2901878595352173
0.3796914062500001,0.6279195785522461
0.40022210693359384,0.5176681518554688
0.30986337280273446,0.17951622009277346
0.3533852539062501,0.1822980880737305
0.38379220581054696,0.5004486083984375
0.11093906974792489,0.3411754608154297
0.40238885498046884,0.48340787887573244
0.12621240234375009,0.1859245538711548
0.3789742431640626,0.6283878326416016
0.4028733215332032,0.5178207397460938
0.31186227416992196,0.1793865203857422
0.3561928710937501,0.18217506408691408
0.3842118225097657,0.5005020141601563
0.11439423179626473,0.34162750244140627
0.401257797241211,0.483338737487793
0.016103073120117273,0.49942817687988283
0.12515954589843759,0.18619480133056643
0.13923577880859384,0.28101339340209963
0.3145974121093751,0.17929878234863283
0.3845475158691407,0.5003646850585938
0.4010594329833985,0.4831537246704102
0.01593331909179696,0.4998377799987793
0.12454919433593759,0.18652107715606692
0.10600595092773446,0.6075667381286621
0.1392929992675782,0.2810405731201172
0.3848984680175782,0.5001110076904297
0.21354608154296884,0.4835971832275391
0.2853005371093751,0.6156829833984375
0.4016163787841798,0.4830802917480469
0.016301437377929773,0.5001462936401367
0.12460069274902352,0.18671991825103762
0.10597161865234384,0.6075300216674805
0.13998727416992196,0.2811469078063965
0.38536004638671884,0.49980010986328127
0.21452645874023446,0.48339500427246096
0.2852089843750001,0.6156143188476563
0.30505303955078134,0.30919685363769533
0.4027493438720704,0.4830376148223877
0.20298890686035165,0.15901544094085696
0.017043395996093835,0.5003539562225342
0.12520532226562509,0.1867710590362549
0.10668496704101571,0.6078046798706055
0.14099435424804696,0.2813910484313965
0.3760598144531251,0.1502708435058594
0.38592462158203134,0.49941291809082033
0.21556405639648446,0.48310317993164065
0.28526239013671884,0.6154045104980469
0.30479364013671884,0.30904426574707033
0.018151565551757898,0.5004636287689209
0.12623910522460946,0.18667306900024416
0.10794381713867196,0.6082576751708985
0.1424668273925782,0.28170289993286135
0.3755410156250001,0.1509288787841797
0.3866494140625001,0.4987968444824219
0.2166245422363282,0.48267402648925783
0.19232110595703134,0.18887367248535158
0.2855904541015626,0.6151432037353516
0.30494622802734384,0.3088134765625
0.010785385131836023,0.5050477027893067
0.12747697448730477,0.18647208213806155
0.10976342773437509,0.608892822265625
0.14422540283203134,0.2820614814758301
0.37691049194335946,0.14106311798095705
0.3752205810546876,0.15177192687988283
0.2383683166503907,0.6460727691650391
0.21753244018554696,0.48209800720214846
0.19235162353515634,0.18830337524414065
0.2861550292968751,0.6148799896240235
0.3054268798828126,0.30854644775390627
0.12864427185058602,0.18632068634033205
0.3926003417968751,0.2731369972229004
0.11166696166992196,0.6095170021057129
0.14635018920898446,0.28241767883300783
0.3770554504394532,0.14138450622558596
0.3747933349609376,0.15232124328613283
0.032721801757812585,0.5215333938598633
0.23835687255859384,0.6459383010864258
0.28565911865234384,0.3073896408081055
0.21865014648437509,0.48165740966796877
0.1929886779785157,0.18785133361816408
0.22932605361938485,0.6748889923095703
0.25625948524475106,0.35506668090820315
0.2870247802734376,0.6146701812744141
0.30627374267578134,0.30831375122070315
0.10006646728515634,0.1828108072280884
0.39288262939453134,0.2731796741485596
0.11409310913085946,0.6102699279785156
0.14882211303710946,0.282744312286377
0.3745339355468751,0.1591991424560547
0.033103271484375085,0.5220636367797852
0.10024194335937509,0.22563877105712893
0.2387955627441407,0.6458524703979492
0.2857468566894532,0.3073429107666016
0.2199509582519532,0.48128547668457033
0.19401483154296884,0.18746223449707033
0.22978119468688973,0.6748374938964844
0.25631551361083993,0.3550571441650391
0.2883217773437501,0.6145500183105469
0.3074715576171876,0.30811347961425783
0.3789647064208985,0.10269310474395754
0.39321832275390634,0.273180627822876
0.11687783813476571,0.6110552787780762
0.15166406250000009,0.28307905197143557
0.033545776367187585,0.5225748062133789
0.10027246093750009,0.225831413269043
0.2395127258300782,0.6458248138427735
0.28630380249023446,0.3072704315185547
0.22157983398437509,0.4810337066650391
0.1954148254394532,0.18720283508300783
0.2306907615661622,0.6747364044189453
0.25700358963012704,0.3550018310546875
0.2900460205078126,0.6145195007324219
0.3090279541015626,0.3079532623291016
0.2677226505279542,0.6283363342285156
0.3781502685546876,0.10290791988372805
0.39370660400390634,0.2730686902999878
0.12003640747070321,0.6118792533874512
0.1550095520019532,0.2833856582641602
0.034247680664062585,0.5229267120361328
0.10095910644531259,0.22595825195312502
0.24044732666015634,0.6458057403564453
0.28713922119140634,0.30718364715576174
0.19676904296875009,0.18706932067871096
0.23174838638305673,0.6746295928955078
0.25804285621643075,0.35488739013671877
0.2920754394531251,0.6146091461181641
0.31083612060546884,0.30785980224609377
0.26741056060791024,0.6282581329345703
0.31869582748413094,0.31534805297851565
0.39497308349609384,0.2725976943969727
0.2577431640625001,0.2199291229248047
0.035651489257812585,0.5225786209106446
0.10275964355468759,0.2255596160888672
0.24211816406250009,0.6458524703979492
0.28846673583984384,0.30703010559082033
0.1983292541503907,0.18701782226562502
0.23356418228149423,0.6745990753173828
0.2596567115783692,0.3547519683837891
0.29518060302734384,0.6148666381835938
0.3134530029296876,0.30788650512695315
0.2674782714843751,0.6280158996582031
0.31800894355773934,0.3151878356933594
0.3962319335937501,0.2721786737442017
0.2551644287109376,0.21719017028808596
0.037162109375000085,0.5221885681152344
0.10491113281250009,0.22499694824218752
0.24375848388671884,0.6458906173706055
0.2899849853515626,0.30685176849365237
0.19963388061523446,0.18706550598144533
0.23539499855041512,0.674566650390625
0.2615020713806153,0.35454978942871096
0.29719476318359384,0.6155475616455078
0.31581048583984384,0.3079437255859375
0.26791457748413094,0.6277336120605469
0.31800870513916024,0.31496849060058596
0.09134416198730477,0.4976083278656006
0.39770440673828134,0.27181448936462405
0.2573616943359376,0.21637001037597658
0.039145751953125085,0.5216754913330078
0.10730676269531259,0.2244123458862305
0.24585656738281259,0.6459468841552735
0.29186944580078134,0.3066295623779297
0.23778919792175301,0.6745246887207031
0.26347736930847176,0.35432281494140627
0.3183205566406251,0.3080753326416016
0.26855449295043954,0.6274341583251953
0.31853108024597176,0.3146690368652344
0.0915921173095704,0.49761714935302737
0.10122994995117196,0.19621243476867678
0.3993599853515626,0.27149167060852053
0.3600571594238282,0.23672523498535158
0.10977868652343759,0.223878288269043
0.2938302001953126,0.30645217895507815
0.26562814331054696,0.3542198181152344
0.32109002685546884,0.3082603454589844
0.2694468936920167,0.6271766662597656
0.3193107089996339,0.3144115447998047
0.09229974365234384,0.497562313079834
0.10209588623046884,0.1960087060928345
0.4011452636718751,0.27109613418579104
0.11226586914062509,0.22346057891845705
0.2959359130859376,0.3063549041748047
0.2679989776611329,0.35417022705078127
0.2923958740234376,0.30994834899902346
0.2706971607208253,0.6269935607910156
0.32045368766784676,0.31411209106445315
0.09348229980468759,0.4974273681640625
0.1035550079345704,0.19562616348266604
0.4030526123046876,0.27064146995544436
0.37134103393554696,0.24054565429687502
0.2982857666015626,0.3063081741333008
0.27066020584106454,0.35417976379394533
0.27246312713623055,0.62686767578125
0.32189993476867684,0.3138584136962891
0.09608392333984384,0.4969548225402832
0.10674981689453134,0.19480707645416262
0.3682816467285157,0.24284400939941408
0.30115060424804696,0.3061727523803711
0.27392963981628426,0.6272491455078125
0.3238945446014405,0.31368293762207033
0.10997132873535165,0.194453501701355
0.3246224365234376,0.6996201515197754
0.36775521850585946,0.24268760681152346
0.32573370552062997,0.3136810302734375
0.11376885986328134,0.19417467117309573
0.3247902832031251,0.6997927665710449
0.33503656005859384,0.38827028274536135
0.3665078125000001,0.24099292755126955
0.3275118312835694,0.3137382507324219
0.32577828979492196,0.7000655174255371
0.3361618957519532,0.38852920532226565
0.36008004760742196,0.23744239807128908
0.28938607788085946,0.18931045532226565
0.3296108684539796,0.3138317108154297
0.32696847534179696,0.7002943992614746
0.33768014526367196,0.38874425888061526
0.26782159423828134,0.5215019226074219
0.2880356750488282,0.18950500488281252
0.33195547676086434,0.31395759582519533
0.32868890380859384,0.7005218505859375
0.3395340881347657,0.388886833190918
0.2587502441406251,0.5043033599853516
0.26755075073242196,0.521429443359375
0.28756646728515634,0.18961753845214846
0.33344869232177743,0.31361236572265627
0.3307106933593751,0.7006625175476074
0.3414376220703126,0.38890876770019533
0.2599099121093751,0.5039628982543946
0.2712319335937501,0.1973756790161133
0.2677109680175782,0.5212158203125
0.28778009033203134,0.18955841064453127
0.3334458312988282,0.7007774353027344
0.3438637695312501,0.3888706207275391
0.2614815673828126,0.5035175323486328
0.2723610839843751,0.19694461822509768
0.2683632812500001,0.520941162109375
0.28861932373046884,0.18929328918457033
0.34675531005859384,0.3888253211975098
0.37599114990234384,0.22826995849609377
0.2631905517578126,0.5031484603881836
0.2737954101562501,0.19651165008544924
0.26965646362304696,0.5208152770996094
0.2897446594238282,0.18901863098144533
0.37597970581054696,0.2279218673706055
0.2657692871093751,0.5027870178222656
0.2757180175781251,0.19605674743652346
0.27199105834960946,0.5208114624023438
0.29191522216796884,0.18869628906250002
0.2680733642578126,0.5034049987792969
0.2782357177734376,0.19562854766845705
0.2944100341796876,0.1884330749511719
0.2804177246093751,0.19532718658447268
0.2966988525390626,0.18838539123535158
0.3247788391113282,0.48203363418579104
0.2827218017578126,0.19513740539550783
0.2994606933593751,0.18843879699707033
0.32566766357421884,0.48203268051147463
0.2854531250000001,0.1950420379638672
0.3268845520019532,0.48188080787658694
0.2885201416015626,0.19492759704589846
0.32863168334960946,0.4817093849182129
0.3303502044677735,0.4816044807434082
0.33235101318359384,0.48156085014343264
0.3181984863281251,0.22883167266845705
0.31866769409179696,0.22864761352539065
0.3186104736328126,0.22843685150146487
0.32084588623046884,0.22806873321533205
0.018813415527343835,0.17988433837890627
0.020468994140625085,0.17953529357910158
0.022719665527343835,0.17898597717285158
0.025557800292968835,0.1782859802246094
0.028746887207031335,0.17764320373535158
0.032271667480468835,0.17704048156738283
0.035788818359375085,0.17639961242675783
0.039206787109375085,0.17584838867187502
0.25401239013671884,0.5502170562744141
0.2558052978515626,0.5503047943115235
0.2578499755859376,0.550259017944336
0.2602761230468751,0.5501541137695313
0.26304559326171884,0.5500072479248047
0.3149178466796876,0.2186016082763672
0.26608209228515634,0.5498603820800781
0.31597833251953134,0.21875038146972658
0.26933221435546884,0.5497020721435547
0.31869439697265634,0.21829071044921877
0.3216317138671876,0.21805419921875002
0.3244545898437501,0.21793785095214846
0.00544290161132821,0.6466659545898438
0.32562188720703134,0.2183250427246094
0.007056518554687585,0.6464847564697266
0.007148071289062585,0.6465553283691406
0.00859384155273446,0.6463169097900391
0.01053170776367196,0.6460899353027344
0.18505029296875009,0.5474056243896485
0.012419982910156335,0.6462863922119141
0.08472375488281259,0.23014869689941408
0.18573693847656259,0.5472606658935547
0.24062280273437509,0.20847358703613283
0.01412515258789071,0.6469635009765625
0.08698968505859384,0.22817268371582033
0.18644647216796884,0.5470890045166016
0.24115686035156259,0.20831336975097658
0.057868286132812585,0.23058929443359377
0.18746118164062509,0.5468753814697266
0.24159936523437509,0.20804824829101565
0.07508020019531259,0.24019756317138674
0.18885736083984384,0.5467151641845703
0.24253778076171884,0.20780410766601565
0.08069543457031259,0.2508610725402832
0.027594848632812585,0.1719087600708008
0.19062738037109384,0.5465778350830078
0.24391870117187509,0.20756187438964846
0.08266381835937509,0.2506255149841309
0.025061889648437585,0.1737407684326172
0.19279412841796884,0.546514892578125
0.24595574951171884,0.2073253631591797
0.08518151855468759,0.25046529769897463
0.026175781250000085,0.17320861816406252
0.19535760498046884,0.5467094421386719
0.24834375000000009,0.20716514587402346
0.17396859741210946,0.28301849365234377
0.08815698242187509,0.2503265380859375
0.027900024414062585,0.17272796630859377
0.19827203369140634,0.5471405029296875
0.25094537353515634,0.20706787109375002
0.09186486816406259,0.24926271438598635
0.030143066406250085,0.172486686706543
0.20136956787109384,0.5476306915283203
0.2536995849609376,0.20702209472656252
0.09511499023437509,0.2491497039794922
0.20455865478515634,0.5482181549072266
0.2566140136718751,0.20704498291015627
0.08748559570312509,0.250555419921875
0.25964288330078134,0.2071861267089844
0.2629464111328126,0.20738258361816408
0.11452798461914071,0.31276741027832033
0.2590859375000001,0.20693054199218752
0.11651544189453134,0.3122409820556641
0.11905984497070321,0.3117698669433594
0.22843103027343759,0.6540059089660645
0.13252954101562509,0.5822891235351563
0.12324456787109384,0.28734626770019533
0.12194757080078134,0.3115142822265625
0.22966699218750009,0.6541403770446778
0.13343743896484384,0.5822805404663086
0.12501458740234384,0.28692474365234377
0.11514596557617196,0.2850250244140625
0.23178796386718759,0.6543191909790039
0.13483361816406259,0.5818532943725586
0.12674645996093759,0.2866672515869141
0.12865380859375009,0.576609992980957
0.12932519531250009,0.28631248474121096
0.24443750000000009,0.6675232887268067
0.11205224609375009,0.568966293334961
0.13222436523437509,0.28605499267578127
0.24683312988281259,0.6676992416381836
0.11283044433593759,0.5688337326049805
0.13501672363281259,0.2857994079589844
0.24928979492187509,0.6677984237670899
0.11450128173828134,0.5686515808105469
0.24219445800781259,0.6640061378479004
0.3387825927734376,0.29772319793701174
0.11355523681640634,0.5676301956176758
0.08578424072265634,0.1991905212402344
0.2537339172363282,0.6272377014160156
0.0022957763671875853,0.26658143997192385
0.0021737060546875853,0.26650848388671877
0.07256250000000009,0.6792344093322754
0.06680993652343759,0.6723946571350098
0.06311730957031259,0.6685389518737793
0.03789834594726571,0.6211322784423828
0.08424310302734384,0.2515148162841797
0.0022042236328125853,0.6376813888549805
0.0034287414550782103,0.6220211029052735
0.06906823730468759,0.26194610595703127
0.07141046142578134,0.26175537109375
0.07398538208007821,0.26145591735839846
0.046683593750000085,0.7005290031433106
0.031729980468750085,0.6937488555908203
0.23957566833496102,0.6699623107910156
0.028037353515625085,0.6930693626403809
0.029990478515625085,0.6938451766967774
0.032737060546875085,0.6946014404296875
0.10120324707031259,0.6764229774475098
0.025656982421875085,0.6902231216430664
0.08440332031250009,0.6616977691650391
0.027884765625000085,0.6217364311218262
0.21856622314453134,0.6738399505615235
0.21877984619140634,0.6741031646728516
0.21976403808593759,0.6741889953613281
0.03534249877929696,0.6459278106689453
0.08700875854492196,0.2938872814178467
0.1950450382232667,0.6516708374023438
0.22116021728515634,0.6745590209960938
0.02628640747070321,0.6393112182617188
0.037268920898437585,0.30951359272003176
0.19600371932983407,0.6521209716796875
0.22316293334960946,0.6750167846679688
0.026587768554687585,0.6388858795166016
0.00692300415039071,0.3147589206695557
0.20282678222656259,0.6954540252685547
0.12567762947082528,0.678193473815918
0.19763140296936044,0.6524909973144531
0.2255356750488282,0.6755393981933594
0.02164773559570321,0.636043930053711
0.20300988769531259,0.6957606315612793
0.11806349372863778,0.6758522033691406
0.19995216941833505,0.6527732849121094
0.22810678100585946,0.676205062866211
0.10680322265625009,0.43273200988769533
0.12486962890625009,0.06991233825683596
0.02191476440429696,0.6354774475097656
0.20317773437500009,0.6957329750061035
0.11534170722961434,0.6747106552124024
0.20287017440795907,0.6529773712158203
0.2307236633300782,0.6767562866210938
0.061026855468750085,0.42878570556640627
0.08325128173828134,0.08088531494140627
0.023154541015625085,0.6347965240478516
0.13980011558532723,0.570588493347168
0.2503180942535401,0.1893204689025879
0.18291406250000009,0.6894864082336426
0.11670522308349618,0.674296760559082
0.21952633476257333,0.3021749496459961
0.20637945747375497,0.6531089782714844
0.21263818359375009,0.649990463256836
0.08557061767578134,0.08271827697753908
0.02518777465820321,0.6344493865966797
0.1315722904205323,0.5673142910003662
0.11902956581115731,0.673402214050293
0.22203616714477548,0.30175342559814455
0.21007327651977548,0.6533226013183594
0.08649377441406259,0.08237686157226565
0.027877136230468835,0.6348670959472656
0.12705068206787118,0.5652491092681885
0.19255761718750009,0.2436398506164551
0.12324170684814462,0.6739791870117188
0.22558216667175301,0.3014110565185547
0.18022732353210458,0.6409191131591797
0.012435241699218835,0.6210655212402344
0.12331108665466317,0.5623411178588867
0.22981314277648934,0.3010257720947266
0.24788598632812509,0.22954978942871096
0.12680153465271005,0.5625790596008301
0.24227885818481454,0.18954970836639407
0.23433117485046395,0.30059280395507815
0.24686364746093759,0.23129882812500002
0.13358811950683602,0.6489042282104492
0.13051108932495126,0.5626744270324707
0.2445481262207032,0.18898823261260989
0.24697045898437509,0.23113288879394533
0.13045434570312509,0.6515850067138672
0.13100247001647958,0.5567583084106446
0.24803309059143075,0.18873503208160403
0.11420373535156259,0.5785449981689453
0.24758081054687509,0.23107662200927737
0.12088327026367196,0.6554845809936524
0.059562011718750085,0.6628059387207031
0.056769653320312585,0.2804588317871094
0.24763421630859384,0.055099868774414085
0.25198320960998544,0.18861308097839358
0.11544732666015634,0.5779117584228516
0.24920587158203134,0.23124542236328127
0.12156610107421884,0.6564802169799805
0.0921566925048829,0.2996105194091797
0.059752746582031335,0.6629184722900391
0.07828454589843759,0.2963146209716797
0.05837564086914071,0.28048553466796877
0.10627679443359384,0.5582708358764649
0.2515938720703126,0.23141231536865237
0.12419442749023446,0.6567520141601563
0.07368211364746102,0.30918350219726565
0.060492797851562585,0.6627792358398438
0.035872741699218835,0.2954753875732422
0.00030450439453133527,0.5764583587646485
0.060393615722656335,0.28065147399902346
0.11592797851562509,0.3922447204589844
0.37404255485534676,0.6841911315917969
0.25489739990234384,0.23131313323974612
0.12716416931152352,0.6570953369140625
0.0561764678955079,0.31666221618652346
0.017824693679809656,0.6266025543212891
0.061835571289062585,0.6628269195556641
0.025115295410156335,0.2915691375732422
0.0027840576171875853,0.5768150329589844
0.06258706665039071,0.2808422088623047
0.06966333007812509,0.39374771118164065
0.20113305664062509,0.7167357444763184
0.374381109237671,0.6840595245361328
0.09739427185058602,0.641628646850586
0.02033547973632821,0.62674560546875
0.040511413574218835,0.6580585479736328
0.019576354980468835,0.28875007629394533
0.00569467163085946,0.5771812438964844
0.06511621093750009,0.28101768493652346
0.20336083984375009,0.7175497055053711
0.03897146797180184,0.6480297088623047
0.06500439262390145,0.2994140625
0.023534341812133874,0.6270584106445313
0.020041748046875085,0.28796043395996096
0.00886087036132821,0.5774768829345703
0.06808786010742196,0.28109588623046877
0.20780877685546884,0.05328788757324221
0.373148723602295,0.5878619194030762
0.20635156250000009,0.7188905715942383
0.04074864006042489,0.6481279373168946
0.06726579284667977,0.29923667907714846
0.02718047714233407,0.6274341583251953
0.01238565063476571,0.5778430938720703
0.07128076171875009,0.28115310668945315
0.18582849121093759,0.057289505004882835
0.3732095203399659,0.5882767677307129
0.019835515975952234,0.2029977083206177
0.21025781250000009,0.7205342292785645
0.23766259765625009,0.28649654388427737
0.04310731506347665,0.6486562728881836
0.06988792037963876,0.299261474609375
0.030738397598266687,0.6278289794921875
0.002817913055420007,0.2521823883056641
0.01631478881835946,0.5782112121582031
0.07500772094726571,0.2812541961669922
0.02177743530273446,0.20277550220489504
0.21430139160156259,0.7222718238830567
0.22925500488281259,0.2891448974609375
0.04605893707275399,0.6494516372680664
0.07255105590820321,0.2994588851928711
0.03451518630981454,0.6282638549804688
0.006253524780273523,0.251318359375
0.07943276977539071,0.28141441345214846
0.02429990386962899,0.20260407924652102
0.20317773437500009,0.6995882034301758
0.22768334960937509,0.28885831832885744
0.049328132629394617,0.6502336502075196
0.07515196418762216,0.29943599700927737
0.01098327255249032,0.2500614166259766
0.21238641357421884,0.04757537841796877
0.3092430076599122,0.5945011615753174
0.026979728698730554,0.20258989334106448
0.23242883300781259,0.28767004013061526
0.052471204757690515,0.6510414123535156
0.04028300857543954,0.3086093902587891
0.21265344238281259,0.0480674743652344
0.3106666049957276,0.593967342376709
0.029879375457763757,0.20250883102416994
0.22966699218750009,0.2899502754211426
0.11736230468750009,0.6421951293945313
0.19119195556640634,0.42859878540039065
0.16230706787109384,0.0508903503417969
0.3139782390594483,0.594277286529541
0.03301720237731942,0.20230653285980227
0.3977120361328126,0.6574138641357422
0.10794763183593759,0.62210693359375
0.18292932128906259,0.4308341979980469
0.0028379402160645384,0.5519031524658203
0.037407918930053796,0.2018084764480591
0.23149804687500009,0.7477766513824463
0.39997796630859384,0.6581148147583008
0.0015099487304688353,0.246430778503418
0.3679268798828126,0.6159013748168946
0.10621575927734384,0.6146873474121094
0.18504266357421884,0.6678279876708985
0.09336785888671884,0.06710472106933596
0.006984277725219812,0.552503252029419
0.2344925842285157,0.747792387008667
0.23630957221984872,0.32496109008789065
0.4026558837890626,0.6587575912475586
0.004622741699218835,0.2463563919067383
0.36872987365722665,0.6153825759887696
0.10369424438476571,0.6083358764648438
0.17147760009765634,0.6753982543945313
0.08939294433593759,0.2728427886962891
0.11022119140625009,0.41202583312988283
0.09493951416015634,0.06761589050292971
0.23728875732421884,0.7471879959106446
0.2678330383300782,0.3802954196929932
0.2671277961730958,0.6939786911010742
0.2390087089538575,0.32472076416015627
0.007499023437500085,0.24630107879638674
0.3701127014160157,0.6148075103759766
0.10193948364257821,0.6024555206298828
0.08926324462890634,0.27430572509765627
0.11102227783203134,0.4126132965087891
0.09691552734375009,0.0679649353027344
0.24110345458984384,0.7472442626953125
0.24939279174804696,0.38378181457519533
0.2694759807586671,0.6942256927490235
0.2421338996887208,0.32430305480957033
0.010215087890625085,0.24623146057128908
0.3729947052001954,0.614665412902832
0.10403375244140634,0.6027873992919922
0.12280969238281259,0.7090629577636719
0.09104852294921884,0.27363243103027346
0.3815529785156251,0.22982444763183596
0.11302117919921884,0.4131683349609375
0.09931878662109384,0.06811561584472658
0.24516610717773446,0.747447156906128
0.2528908691406251,0.3831904172897339
0.2722557029724122,0.6945499420166016
0.24542073822021493,0.3237308502197266
0.013251586914062585,0.24625720977783205
0.3674900970458985,0.6048883438110352
0.10730676269531259,0.6026996612548828
0.09303216552734384,0.7001213073730469
0.09316949462890634,0.2727874755859375
0.38275079345703134,0.22999229431152346
0.11534051513671884,0.41373863220214846
0.09328393554687509,0.07381858825683596
0.24581842041015634,0.7379983901977539
0.25663690185546884,0.38278951644897463
0.10419396972656259,0.3513401985168457
0.27536325073242196,0.694921875
0.24861602401733407,0.3231081008911133
0.39350823974609384,0.6287750244140625
0.016364379882812585,0.2464155197143555
0.3650296173095704,0.5972265243530274
0.11769799804687509,0.2700370788574219
0.042914672851562585,0.6945804595947266
0.09542016601562509,0.27247467041015627
0.3421853027343751,0.5452369689941406
0.38385324096679696,0.23023262023925783
0.11763696289062509,0.41427268981933596
0.18300180053710946,0.5734027862548828
0.2376816711425782,0.3879914522171021
0.10614709472656259,0.35128536224365237
0.2789109191894532,0.6954845428466797
0.25181989288330087,0.32262554168701174
0.014037414550781335,0.24545230865478518
0.12917070007324227,0.6625083923339844
0.11412171936035165,0.2764495849609375
0.3439095458984376,0.5452217102050781
0.38545541381835946,0.2304882049560547
0.11561517333984384,0.41736831665039065
0.11922387695312509,0.5559462547302246
0.10816125488281259,0.3512181282043457
0.28262309646606454,0.6960739135742188
0.2551048240661622,0.32229175567626955
0.11191110229492196,0.6639789581298828
0.3458931884765626,0.5451091766357422
0.3869584045410157,0.23066177368164065
0.10887841796875009,0.5579856872558594
0.11058740234375009,0.3513850212097168
0.25874333000183114,0.32213726043701174
0.10169534301757821,0.6660465240478516
0.34823541259765634,0.5449470520019531
0.3890946350097657,0.2305015563964844
0.10649804687500009,0.5650881767272949
0.11328820800781259,0.3516572952270508
0.0967190704345704,0.667232894897461
0.0620053253173829,0.3339542388916016
0.39106683349609384,0.2304119110107422
0.3928478202819825,0.6077488899230957
0.08980493164062509,0.3345335960388184
0.09904222106933602,0.6676048278808594
0.04379014587402352,0.34484710693359377
0.3929360351562501,0.2304576873779297
0.39421538925170907,0.6080774307250977
0.3515692195892335,0.32781496047973635
0.10149125671386727,0.6678775787353516
0.3946793518066407,0.23047676086425783
0.3959145984649659,0.6082839012145996
0.3534303150177003,0.32798399925231936
0.10435037231445321,0.6680854797363281
0.28575067138671884,0.6367210388183594
0.3980930290222169,0.6082796096801758
0.3558178386688233,0.32802155017852785
0.36665277099609384,0.6097873687744141
0.17525415039062509,0.2831462860107422
0.2531350097656251,0.6216033935546875
0.40055899238586434,0.6081065177917481
0.358730360031128,0.3277733564376831
0.1944992980957032,0.3591913223266602
0.3680184326171876,0.6099199295043946
0.2752602539062501,0.554088020324707
0.26306085205078134,0.21843757629394533
0.24349908447265634,0.6206344604492188
0.23277978515625009,0.22554626464843752
0.3736336669921876,0.22606887817382815
0.40321712112426766,0.6078084945678711
0.19563226318359384,0.3583413600921631
0.2774575195312501,0.5539897918701172
0.265118881225586,0.21812000274658205
0.22621850585937509,0.6147464752197266
0.21482781982421884,0.2302574157714844
0.4004788837432862,0.6090017795562744
0.19700555419921884,0.35769202709198
0.2800229034423829,0.5539249420166016
0.2672379455566407,0.2178825378417969
0.17504052734375009,0.28740730285644533
0.20603875732421884,0.6041053771972656
0.21277551269531259,0.22965660095214846
0.39991693115234384,0.1564353942871094
0.24763803100585946,0.6248401641845703
0.3770201644897462,0.6140967845916748
0.19814233398437509,0.3571208953857422
0.3454964599609376,0.29353179931640627
0.2827084503173829,0.5538333892822266
0.2699025115966798,0.21753635406494143
0.18867425537109384,0.5971530914306641
0.21037988281250009,0.23002281188964846
0.40022210693359384,0.1558097839355469
0.24859933471679696,0.6246284484863281
0.3193467102050782,0.26354637145996096
0.3746254882812501,0.5829099655151367
0.3458779296875001,0.29337396621704104
0.30187921142578134,0.6044925689697266
0.28580026245117196,0.5539754867553711
0.2726338348388673,0.2173189163208008
0.19737939453125009,0.23143615722656252
0.40089349365234384,0.1551841735839844
0.24999169921875009,0.6245044708251953
0.32022409057617196,0.2633098602294922
0.3751290283203126,0.5827516555786133
0.3467476806640626,0.2932781219482422
0.30139093017578134,0.6035560607910156
0.28893975830078134,0.5541824340820313
0.275616928100586,0.21718635559082033
0.40179376220703134,0.6333774566650391
0.19055108642578134,0.2288707733154297
0.4020150146484376,0.15452232360839846
0.25187615966796884,0.6246475219726563
0.3218300781250001,0.2630943298339844
0.3762581787109376,0.5826987266540528
0.3485787353515626,0.2931832313537598
0.3008492431640626,0.6027463912963867
0.2925007781982423,0.5544857025146485
0.27896051025390634,0.2170595169067383
0.23119287109375009,0.5118545532226563
0.40353326416015634,0.15387763977050783
0.25424127197265634,0.6250328063964844
0.3240158996582032,0.26294746398925783
0.3778450927734376,0.5827678680419922
0.3507149658203126,0.29320611953735354
0.2779782257080079,0.2160371780395508
0.22763757324218759,0.5758441925048828
0.32658319091796884,0.26290359497070315
0.3797677001953126,0.5829471588134766
0.3530190429687501,0.2933262825012207
0.3820260009765626,0.5831908226013184
0.3556588134765626,0.2935685157775879
0.1352646789550782,0.2501121997833252
0.3847115478515626,0.583527946472168
0.3583443603515626,0.2938717842102051
0.2578499755859376,0.6100849151611328
0.1356614074707032,0.24992933273315432
0.3878701171875001,0.5838884353637696
0.3613503417968751,0.2941287994384766
0.2572701416015626,0.6089710235595703
0.34590081787109384,0.11611118316650393
0.3608162841796876,0.6432842254638672
0.17451409912109384,0.2530731201171875
0.13622979736328134,0.2501720428466797
0.3914254150390626,0.5841831207275391
0.3646462402343751,0.2942985534667969
0.2556679687500001,0.607331657409668
0.3634293518066407,0.6433319091796875
0.13709191894531259,0.2506237268447876
0.3681557617187501,0.2944249153137207
0.20821313476562509,0.5661720275878906
0.3480446777343751,0.6352027893066406
0.13830880737304696,0.2514870405197144
0.30253533935546884,0.11147060394287112
0.00436715698242196,0.6838554382324219
0.1601822814941407,0.6228183746337891
0.16772393798828134,0.3284763336181641
0.008445068359375085,0.30305137634277346
0.17450646972656259,0.13831558227539065
0.1399643859863282,0.2527430295944214
0.29972772216796884,0.11020030975341799
0.16267709350585946,0.622930908203125
0.1694443664550782,0.3283428192138672
0.08948449707031259,0.5476707458496094
0.009589477539062585,0.30282249450683596
0.1739762268066407,0.27932205200195315
0.11340264892578134,0.24136927127838137
0.026328369140625085,0.4249128341674805
0.2976601562500001,0.1091188430786133
0.16460351562500009,0.623114013671875
0.1711075744628907,0.3282016754150391
0.09067468261718759,0.5474399566650391
0.010848327636718835,0.30261077880859377
0.12879876708984384,0.4961418151855469
0.13073663330078134,0.1948875427246094
0.12329415893554696,0.5693496704101563
0.17278222656250009,0.27906646728515627
0.024665161132812585,0.42355194091796877
0.2851937255859376,0.11064567565917971
0.1655838928222657,0.6233963012695313
0.17272119140625009,0.32805862426757815
0.09251336669921884,0.5471538543701172
0.012442871093750085,0.3024181365966797
0.13057641601562509,0.49623908996582033
0.13221673583984384,0.19492378234863283
0.12316827392578134,0.5692523956298828
0.17224435424804696,0.2789482116699219
0.022704406738281335,0.4215549468994141
0.2799752197265626,0.10984649658203127
0.19386224365234384,0.6001361846923828
0.09501580810546884,0.5467914581298828
0.014800354003906335,0.30221023559570315
0.13288049316406259,0.49627532958984377
0.13433007812500009,0.1948284149169922
0.12351922607421884,0.5692371368408203
0.17211846923828134,0.27887954711914065
0.021262451171875085,0.41988887786865237
0.27754144287109384,0.10888710021972658
0.09699945068359384,0.5468677520751953
0.017676635742187585,0.3019927978515625
0.13596276855468759,0.49634971618652346
0.13742761230468759,0.1947216033935547
0.12417916870117196,0.5692161560058594
0.17245416259765634,0.27880706787109377
0.020224853515625085,0.4182285308837891
0.27427606201171884,0.10788574218750002
0.07351235961914071,0.6815818786621094
0.021186157226562585,0.3016399383544922
0.14211968994140634,0.19478454589843752
0.12526635742187509,0.568426513671875
0.17323236083984384,0.27877464294433596
0.020057006835937585,0.41744270324707033
0.2718728027343751,0.10598888397216799
0.2165635070800782,0.26281394958496096
0.12645272827148446,0.5684608459472656
0.1741288146972657,0.2787631988525391
0.3507340393066407,0.24043121337890627
0.020499511718750085,0.41738357543945315
0.2720864257812501,0.10645332336425783
0.06074075317382821,0.680604362487793
0.2188046417236329,0.26204910278320315
0.12803964233398446,0.5685581207275391
0.1753495178222657,0.278753662109375
0.2650101623535157,0.582471513748169
0.3511155090332032,0.2408259153366089
0.021193786621093835,0.41759815216064455
0.2731240234375001,0.1070894241333008
0.04415444946289071,0.6772073745727539
0.18330316162109384,0.6030658721923828
0.13865403747558602,0.5856555938720703
0.21107987976074227,0.2628215789794922
0.33449105834960946,0.24552383422851565
0.12964562988281259,0.5686935424804688
0.17662362670898446,0.27877082824707033
0.26525811767578134,0.5827347278594971
0.35187081909179696,0.24124946594238283
0.022147460937500085,0.4182600021362305
0.2751381835937501,0.10787429809570315
0.04039315795898446,0.6766141891479492
0.18514947509765634,0.6035369873046875
0.07218103027343759,0.24547805786132815
0.12469796752929696,0.5868896484375
0.21351556396484384,0.26197662353515627
0.3347733459472657,0.24535408020019533
0.1313126525878907,0.5687793731689453
0.17794732666015634,0.2787364959716797
0.2661698303222657,0.5832435131072998
0.35330133056640634,0.24172832965850832
0.023452087402343835,0.41965427398681643
0.2778695068359376,0.10863723754882815
0.03488473510742196,0.6757568359375
0.09489755249023446,0.314271354675293
0.18820123291015634,0.6041454315185547
0.1275284729003907,0.5865901947021485
0.21608094787597665,0.2611907958984375
0.37549142456054696,0.5862678527832031
0.33554391479492196,0.2450908660888672
0.13299874877929696,0.5687774658203125
0.17941217041015634,0.2786735534667969
0.2674210510253907,0.5837871074676514
0.3550065002441407,0.24213280677795412
0.024924560546875085,0.4212230682373047
0.2811654052734376,0.10939922332763674
0.031134887695312585,0.6775430679321289
0.09614877319335946,0.31470718383789065
0.19226770019531259,0.6046070098876953
0.21881799316406259,0.26041450500488283
0.3762276611328126,0.585659408569336
0.3371499023437501,0.24449958801269533
0.13484124755859384,0.568792724609375
0.1808121643066407,0.2785667419433594
0.2692635498046876,0.584483289718628
0.3570359191894532,0.24247374534606936
0.026793762207031335,0.4234527587890625
0.28442315673828134,0.11020317077636721
0.015616699218750085,0.677029037475586
0.09860162353515634,0.314362907409668
0.19693688964843759,0.6051467895507813
0.22143487548828134,0.25976409912109377
0.37745980834960946,0.5853427886962891
0.3389695129394532,0.24386253356933596
0.24509362792968759,0.23582305908203127
0.13655404663085946,0.5687088012695313
0.18237619018554696,0.2784122467041016
0.27147225952148446,0.5852753162384033
0.3593705139160157,0.24281277656555178
0.029334350585937585,0.42638339996337893
0.2873299560546876,0.11121025085449221
0.10154275512695321,0.31380500793457033
0.22387628173828134,0.2592529296875
0.37882928466796884,0.5852397918701172
0.34082345581054696,0.24342193603515627
0.3253701171875001,0.564113998413086
0.24565820312500009,0.2357353210449219
0.1382096252441407,0.5685638427734375
0.18405084228515634,0.27823486328125
0.27473382568359384,0.5863706111907959
0.36285333251953134,0.24326815605163576
0.2888558349609376,0.11161651611328127
0.09106759643554696,0.32773818969726565
0.2270901641845704,0.2585319519042969
0.3809426269531251,0.5854515075683594
0.3435280761718751,0.24323692321777346
0.32623223876953134,0.5638565063476563
0.24716119384765634,0.2354320526123047
0.3204567871093751,0.514501953125
0.3259194335937501,0.20500984191894533
0.14047555541992196,0.568365478515625
0.18634347534179696,0.27794876098632815
0.27794198608398446,0.5873366832733155
0.36608819580078134,0.24364676475524905
0.2298539123535157,0.25790252685546877
0.38302926635742196,0.5857986450195313
0.34608392333984384,0.2432121276855469
0.32736138916015634,0.5636638641357422
0.24870233154296884,0.23510398864746096
0.32151727294921884,0.5145973205566406
0.3279030761718751,0.20505371093750002
0.14245538330078134,0.5681632995605469
0.16442041015625009,0.27346649169921877
0.2812569580078126,0.588190221786499
0.36935357666015634,0.24401023387908938
0.2197678527832032,0.25838890075683596
0.38551263427734384,0.586330795288086
0.3488991699218751,0.24342384338378908
0.3287423095703126,0.5635856628417969
0.25074700927734384,0.23477210998535158
0.3231423339843751,0.5146183013916016
0.33053521728515634,0.20486106872558596
0.3883278808593751,0.5870155334472656
0.35160760498046884,0.2436546325683594
0.33056573486328134,0.5636753082275391
0.2528908691406251,0.2346366882324219
0.32656793212890634,0.5145076751708985
0.3340981445312501,0.20454254150390627
0.39132623291015634,0.5876850128173828
0.3542244873046876,0.24372520446777346
0.33267144775390634,0.5639137268066406
0.25518731689453134,0.23461570739746096
0.33837823486328134,0.2043022155761719
0.2739060363769532,0.6779226303100586
0.39300469970703134,0.587957763671875
0.3576119384765626,0.24374046325683596
0.3356545410156251,0.5643733978271485
0.2581856689453126,0.2346843719482422
0.27560739135742196,0.6804794311523438
0.00021295166015633527,0.580135726928711
0.3606789550781251,0.24378051757812502
0.3383400878906251,0.564785385131836
0.26077203369140634,0.23479309082031252
0.2623513183593751,0.17565383911132815
0.004164978027343835,0.5807060241699219
0.35899667358398446,0.24396553039550783
0.3421090087890626,0.56534423828125
0.2643197021484376,0.23493232727050783
0.2636635742187501,0.17439308166503908
0.2737534484863282,0.6830867767333985
0.007453247070312585,0.5811199188232422
0.3411629638671876,0.5672477722167969
0.26766900634765634,0.23493041992187502
0.30488519287109384,0.47024383544921877
0.26457147216796884,0.17354431152343752
0.27653436279296884,0.6834844589233399
0.011618896484375085,0.5814708709716797
0.30621270751953134,0.46944465637207033
0.26631097412109384,0.17247047424316408
0.2790902099609376,0.6838554382324219
0.014930053710937585,0.5815929412841797
0.3076127014160157,0.46898880004882815
0.2678902587890626,0.17193069458007815
0.3890603027343751,0.15290584564208987
0.2818253479003907,0.6841176986694336
0.017966552734375085,0.5815223693847656
0.3088944396972657,0.4682659149169922
0.26980905151367196,0.17156829833984377
0.28489617919921884,0.6844104766845703
0.27948312377929696,0.3406547546386719
0.30385140991210946,0.45679702758789065
0.2718003234863282,0.17151679992675783
0.2881577453613282,0.6847175598144531
0.30480889892578134,0.4559959411621094
0.27368096923828134,0.17167701721191408
0.3069069824218751,0.45637168884277346
0.27567987060546884,0.17200508117675783
0.30915765380859384,0.45682945251464846
0.2777321777343751,0.17239418029785158
0.3113625488281251,0.45714607238769533
0.2798378906250001,0.1727928161621094
0.2522500000000001,0.5227226257324219
0.31397943115234384,0.45760765075683596
0.2821457824707032,0.17321815490722658
0.2514718017578126,0.5221303939819336
0.29914788818359384,0.23075904846191408
0.2846329650878907,0.17358436584472658
0.25059442138671884,0.5216773986816406
0.3284066162109376,0.5367473602294922
0.30020074462890634,0.2304424285888672
0.24948815917968759,0.520687484741211
0.32952813720703134,0.5365089416503906
0.30140618896484384,0.2302879333496094
0.24815301513671884,0.5196365356445313
0.33090142822265634,0.5363887786865235
0.3030007324218751,0.2300609588623047
0.24699334716796884,0.5187295913696289
0.39993218994140634,0.16274776458740237
0.16746835327148446,0.576595687866211
0.13828210449218759,0.30207481384277346
0.33254937744140634,0.5363487243652344
0.30479364013671884,0.2299674987792969
0.21352319335937509,0.49301948547363283
0.16797570800781259,0.5763553619384766
0.13847665405273446,0.3017438888549805
0.33454827880859384,0.536465072631836
0.30677728271484384,0.22999610900878908
0.21195153808593759,0.4919313430786133
0.16913537597656259,0.5760931015014649
0.13942651367187509,0.3014682769775391
0.3368294677734376,0.53665771484375
0.30902032470703134,0.2300762176513672
0.21069268798828134,0.4902795791625977
0.37267999267578134,0.1309989929199219
0.17119149780273446,0.5757898330688477
0.14151696777343759,0.30112400054931643
0.33988885498046884,0.5369609832763672
0.3121254882812501,0.23023071289062502
0.21009759521484384,0.48979034423828127
0.1731064758300782,0.5754465103149414
0.14351586914062509,0.3008579254150391
0.34234552001953134,0.5371841430664063
0.31472711181640634,0.23034515380859377
0.20968560791015634,0.4897512435913086
0.17556695556640634,0.575175666809082
0.14593820190429696,0.30057659149169924
0.3447030029296876,0.5373939514160156
0.31639031982421884,0.2302898406982422
0.20928887939453134,0.4893669128417969
0.1783860168457032,0.574921989440918
0.1485245666503907,0.3003868103027344
0.20887689208984384,0.4890607833862305
0.18199472045898446,0.5747407913208008
0.15169076538085946,0.30022373199462893
0.20912866210937509,0.4894317626953125
0.15526513671875009,0.30019702911376955
0.3243020019531251,0.5478271484375
0.20973138427734384,0.490667724609375
0.3448861083984376,0.11815013885498049
0.3767617187500001,0.18935813903808596
0.3250954589843751,0.5483144760131836
0.21027307128906259,0.49152412414550783
0.3347237548828126,0.11446514129638674
0.3235238037109376,0.5480627059936524
0.21115808105468759,0.4922689437866211
0.3333046875000001,0.11339893341064455
